Gender,Race ,Age,Height,Weight ,Diabetes,Simvastatin ,Amiodarone ,INR on ReportedDose,genotype,Therapeutic Dow
male,White,60 - 69,193.04,115.7,NA,0,0,2.6,A/G,49
female,White,50 - 59,176.53,144.2,NA,0,0,2.15,A/A,42
female,White,40 - 49,162.56,77.1,NA,0,0,1.9,G/G,53
male,White,60 - 69,182.24,90.7,NA,0,0,2.4,A/G,28
male,White,50 - 59,167.64,72.6,NA,0,0,1.9,A/G,42
male,White,40 - 49,177.8,104.3,NA,0,0,2.88,G/G,49
male,White,70 - 79,167.64,84.8,NA,0,0,NA,G/G,42
male,White,40 - 49,187.96,99.8,NA,0,0,2.5,A/G,71
female,White,60 - 69,160.02,106.6,NA,0,0,2.53,G/G,18
male,White,60 - 69,177.8,93.9,NA,1,0,2.4,A/G,17
male,White,60 - 69,180.34,142.9,NA,0,0,NA,G/G,97
female,White,70 - 79,167.64,61.2,NA,0,0,2.2,G/G,49
male,White,70 - 79,172.72,81.6,NA,0,0,2.1,G/G,42
female,White,40 - 49,165.1,96.6,NA,0,0,2.1,A/A,14
male,White,40 - 49,200.66,190.5,NA,0,0,2.49,G/G,70
male,White,70 - 79,182.88,102.1,NA,0,0,2.2,A/G,28
female,White,70 - 79,157.48,49.9,NA,1,0,2.3,A/G,10
male,White,70 - 79,177.8,97.5,NA,0,0,2.3,G/G,91
male,White,30 - 39,175.26,59,NA,0,0,2.9,A/G,30
male,White,50 - 59,187.96,81.6,NA,0,0,2.65,A/G,49
female,White,60 - 69,165.1,131.5,NA,0,0,3.1,A/G,28
female,White,60 - 69,165.1,95.3,NA,0,0,3,A/G,35
female,White,60 - 69,162.56,85.7,NA,0,0,3,G/G,63
female,White,50 - 59,165.1,72.6,NA,0,0,2,A/G,35
female,White,70 - 79,165.1,77.1,NA,0,0,2.8,A/G,21
male,White,80 - 89,185.42,81.6,NA,1,0,2.75,A/G,21
male,White,80 - 89,167.64,72.6,NA,1,0,2.78,G/G,28
male,White,60 - 69,187.96,111.1,NA,0,0,2.94,A/G,77
male,White,50 - 59,177.8,128.4,NA,0,0,NA,A/G,30
male,White,60 - 69,180.34,126.1,NA,0,0,2.4,G/G,42
male,White,60 - 69,172.72,98,NA,0,0,2.56,A/A,18
male,White,50 - 59,180.34,90.7,NA,0,0,2.6,G/G,56
male,White,30 - 39,180.34,120.2,NA,0,0,2.26,G/G,88
female,White,70 - 79,153.67,55.8,NA,1,0,2.5,A/G,12
female,White,90+,166.37,79.4,NA,0,1,2.3,A/G,21
female,White,50 - 59,165.1,88.9,NA,1,0,2.8,A/G,44
female,White,70 - 79,162.56,88.5,NA,0,1,2.9,A/G,23
female,White,40 - 49,175.26,74.8,NA,0,0,2.3,A/G,53
male,White,80 - 89,175.26,72.6,NA,0,0,2.1,A/G,28
female,White,80 - 89,167.64,83.9,NA,0,0,3,G/G,28
male,White,60 - 69,185.42,81.6,NA,0,0,2.5,A/G,45
male,White,60 - 69,180.34,115.7,NA,0,0,2.8,A/A,25
male,White,50 - 59,177.8,102.1,NA,0,0,2.65,A/G,38
male,White,50 - 59,186.69,113.4,NA,1,0,2.2,G/G,32
female,White,60 - 69,160.02,75.7,NA,0,0,2.9,G/G,44
male,White,40 - 49,182.88,77.6,NA,0,0,3,A/G,35
female,White,80 - 89,152.4,68,NA,0,0,2,A/G,25
female,White,80 - 89,157.48,63.5,NA,0,0,2.5,A/G,34
female,White,70 - 79,163.83,74.8,NA,0,0,1.8,G/G,30
female,White,70 - 79,165.1,74.8,NA,0,0,2.4,A/G,21
female,White,80 - 89,167.64,56.7,NA,0,0,2.1,A/G,26
male,White,80 - 89,162.56,72.6,NA,0,0,2.8,G/G,37
female,White,80 - 89,157.48,40.4,NA,0,0,1.8,A/G,26
female,White,60 - 69,170.18,90.7,NA,0,0,2,A/G,16
male,White,70 - 79,182.88,103,NA,0,0,2.2,A/A,21
female,White,70 - 79,154.94,64.9,NA,0,0,2.5,A/G,33
female,White,60 - 69,158.75,70.3,NA,0,0,3,G/G,19
male,White,70 - 79,170.18,73.5,NA,0,0,2.5,A/G,14
male,White,80 - 89,172.72,72.6,NA,1,0,2.5,G/G,38
female,White,60 - 69,160.02,63.5,NA,0,0,3,G/G,23
male,White,80 - 89,167.64,88.9,NA,0,1,3,A/G,21
male,White,70 - 79,170.18,77.1,NA,1,1,3.2,A/A,17
female,White,80 - 89,172.72,81.6,NA,0,0,2.2,A/G,24
female,White,50 - 59,157.48,86.2,NA,0,0,2.4,A/G,17
male,White,80 - 89,175.26,71.7,NA,0,0,2.3,G/G,35
male,White,70 - 79,172.72,78.9,NA,0,0,1.9,G/G,35
male,White,70 - 79,165.1,62.6,NA,0,1,2.32,A/A,10
male,White,80 - 89,182.88,86.2,NA,0,0,2.2,A/A,18
female,White,70 - 79,162.56,64.4,NA,0,0,3.11,A/G,14
male,White,80 - 89,177.8,83.5,NA,0,0,2.2,G/G,42
female,White,70 - 79,166.37,81.6,NA,0,0,2.5,A/G,23
female,White,60 - 69,170.18,90.7,NA,0,0,2.2,A/G,37
female,White,60 - 69,157.48,68,NA,0,0,2.43,A/G,40
male,White,50 - 59,172.72,61.7,NA,0,0,2.3,A/G,30
female,White,80 - 89,149.86,58.1,NA,0,0,2.8,A/G,25
female,White,70 - 79,149.86,62.6,NA,0,0,3.1,G/G,28
female,White,80 - 89,160.02,63.5,NA,0,0,2.4,A/G,32
female,White,80 - 89,170.18,86.2,NA,0,0,2.9,G/G,38
male,White,70 - 79,190.5,88,NA,0,0,2.4,A/G,39
female,White,60 - 69,153.67,47.6,NA,0,0,1.9,G/G,18
male,White,70 - 79,180.34,97.5,NA,1,0,1.9,G/G,53
male,White,70 - 79,172.72,78,NA,0,0,1.86,A/G,25
male,White,60 - 69,180.34,83.9,NA,0,0,2.4,G/G,42
female,White,80 - 89,158.75,59,NA,1,0,2.1,G/G,31
male,White,70 - 79,170.18,99.8,NA,0,0,2.7,A/G,35
female,White,80 - 89,152.4,46.7,NA,0,0,2.5,A/G,17
male,White,70 - 79,187.96,95.3,NA,0,0,2.6,A/G,23
male,White,80 - 89,177.8,74.8,NA,0,0,2.9,A/G,25
male,White,90+,175.26,71.7,NA,0,0,2.2,G/G,49
male,White,70 - 79,175.26,72.6,NA,0,0,3.2,A/A,12
male,White,60 - 69,187.96,93,NA,1,0,2.8,A/G,37
female,White,90+,154.94,56.7,NA,0,0,2.5,A/G,28
male,White,80 - 89,167.64,73,NA,0,0,2.2,G/G,38
male,White,70 - 79,185.42,92.1,NA,0,0,2.2,A/G,23
male,White,70 - 79,177.8,104.8,NA,0,0,2.6,A/G,56
male,White,80 - 89,172.72,60.3,NA,0,1,2.4,A/G,25
male,White,70 - 79,172.72,88,NA,0,0,2.1,A/G,32
male,White,70 - 79,180.97,106.1,NA,1,0,3.6,A/G,53
male,White,70 - 79,187.96,102.1,NA,0,1,2.1,G/G,33
female,White,70 - 79,152.4,60.3,NA,0,0,3,A/G,39
female,White,80 - 89,152.4,55.8,NA,1,0,2.7,G/G,16
female,White,70 - 79,175.26,70.3,NA,0,0,2.3,G/G,23
female,White,50 - 59,177.8,71.7,NA,0,0,2.7,A/G,31
female,White,70 - 79,173.99,79.4,NA,1,0,1.9,G/G,30
male,White,50 - 59,187.96,131.5,NA,1,0,2.8,A/A,39
male,White,60 - 69,180.34,102.1,NA,0,0,2.4,A/G,42
male,White,80 - 89,172.72,72.6,NA,0,0,1.8,G/G,26
male,White,60 - 69,162.56,91.6,NA,0,0,2.7,A/G,38
male,White,70 - 79,170.18,67.1,NA,0,0,2.6,A/G,24
male,White,70 - 79,180.34,77.1,NA,1,0,2.7,A/A,23
female,White,80 - 89,162.56,94.8,NA,0,0,2,A/G,24
female,White,80 - 89,157.48,86.2,NA,0,0,2,G/G,31
male,White,70 - 79,177.8,57.6,NA,0,0,2,G/G,31
male,White,50 - 59,182.88,117.9,NA,0,0,2.3,A/A,29
female,White,70 - 79,152.4,64.4,NA,0,0,2.5,G/G,30
male,White,80 - 89,177.8,90.7,NA,0,0,2.2,G/G,46
female,White,70 - 79,160.02,79.4,NA,0,0,2.8,A/G,21
male,White,70 - 79,193.04,99.8,NA,0,0,2.9,G/G,42
male,White,60 - 69,185.42,66.2,NA,0,0,2.9,A/G,28
male,White,70 - 79,180.34,76.2,NA,0,0,2.4,A/G,26
female,White,60 - 69,166.37,90.7,NA,0,0,2.2,G/G,38
male,White,70 - 79,162.56,79.4,NA,0,0,2.8,A/G,28
female,White,80 - 89,165.1,79.4,NA,0,0,2.3,A/G,30
female,White,80 - 89,139.7,58.1,NA,0,0,2.3,A/A,12
female,White,40 - 49,162.56,108.9,NA,0,0,2,A/A,18
male,White,70 - 79,180.34,104.3,NA,0,0,3,A/A,20
male,White,60 - 69,170.18,133.8,NA,0,0,2,G/G,56
male,White,80 - 89,170.18,89.8,NA,0,0,2.1,A/G,18
male,White,70 - 79,187.96,80.3,NA,0,0,2.8,G/G,42
female,White,70 - 79,165.1,83.9,NA,0,0,3.1,G/G,26
male,White,70 - 79,172.72,77.1,NA,0,0,3.2,G/G,26
male,White,70 - 79,162.56,82.6,NA,1,1,1.9,G/G,33
male,White,80 - 89,172.72,68,NA,0,0,2.6,A/G,21
male,White,80 - 89,177.8,78.9,NA,0,0,3.2,G/G,46
male,White,80 - 89,172.72,83.9,NA,0,0,2,A/G,21
male,White,70 - 79,182.88,99.8,NA,0,0,2,G/G,17
male,White,80 - 89,180.34,65.8,NA,0,0,3.1,G/G,21
male,White,80 - 89,190.5,86.2,NA,0,0,1.9,A/G,22
male,White,70 - 79,182.88,70.3,NA,0,0,2.2,A/G,35
male,White,70 - 79,177.8,72.6,NA,0,0,2.3,A/G,30
male,White,70 - 79,177.8,75.7,NA,0,0,2.8,A/A,28
male,White,70 - 79,162.56,88.5,NA,0,0,2.8,G/G,28
female,White,80 - 89,157.48,49.9,NA,0,0,2.4,A/G,20
male,White,70 - 79,168.91,100.7,NA,0,0,2,G/G,49
female,White,80 - 89,162.56,61.2,NA,0,0,1.8,G/G,33
male,White,50 - 59,177.8,90.7,NA,0,0,2.7,G/G,33
male,White,50 - 59,179.07,104.3,NA,0,0,2.2,A/G,35
male,White,70 - 79,170.18,65.8,NA,0,0,2.1,G/G,35
male,White,70 - 79,182.88,99.8,NA,1,0,1.9,A/G,33
male,White,80 - 89,162.56,69.9,NA,0,0,3.2,G/G,36
male,White,60 - 69,170.18,95.3,NA,1,0,2.4,G/G,24
male,White,60 - 69,177.8,83.9,NA,0,0,2.5,A/G,42
male,White,50 - 59,180.34,79.4,NA,0,0,2.7,A/G,62
male,White,70 - 79,160.02,54.4,NA,1,0,2.9,G/G,23
male,White,70 - 79,175.26,121.6,NA,0,0,2.4,A/G,42
female,White,60 - 69,156.21,103.9,NA,1,0,2.5,G/G,34
male,White,80 - 89,180.34,90.7,NA,0,0,3.9,A/G,38
female,White,50 - 59,177.8,97.5,NA,0,0,2.4,G/G,44
female,White,80 - 89,154.94,96.6,NA,1,0,3.6,A/G,35
male,White,60 - 69,182.88,79.8,NA,1,0,2.1,G/G,40
female,White,80 - 89,157.48,52.6,NA,0,0,2.8,G/G,28
male,White,80 - 89,167.64,72.6,NA,1,0,2.1,A/G,17
female,White,90+,175.26,86.2,NA,0,0,1.9,A/G,18
female,White,60 - 69,160.02,97.5,NA,0,0,2,G/G,32
male,White,80 - 89,185.42,90.7,NA,0,0,2.8,A/G,42
male,White,70 - 79,177.8,73,NA,0,0,2.6,A/A,21
male,White,70 - 79,170.18,83.9,NA,0,0,2.5,A/G,53
male,White,60 - 69,161.29,63.5,NA,0,0,2.5,G/G,25
female,White,80 - 89,154.94,88,NA,0,0,2.2,A/G,31
male,White,40 - 49,179.07,71.2,NA,1,0,3.2,G/G,42
male,White,70 - 79,162.56,73,NA,0,0,2.1,A/A,9
male,White,80 - 89,172.72,70.3,NA,0,1,1.9,A/G,16
male,White,70 - 79,172.72,73.5,NA,0,0,1.9,G/G,35
male,White,70 - 79,175.26,93,NA,0,0,2.7,G/G,67
female,White,70 - 79,157.48,95.3,NA,0,0,1.9,A/G,30
female,White,80 - 89,162.56,83,NA,0,0,2.3,G/G,25
male,White,80 - 89,179.07,74.8,NA,0,0,2.3,A/G,38
male,White,50 - 59,170.18,77.1,NA,0,0,2.2,G/G,38
female,White,80 - 89,162.56,59,NA,0,0,2.4,A/A,19
female,White,80 - 89,157.48,52.2,NA,0,0,2.3,A/G,30
male,White,80 - 89,177.8,77.1,NA,0,0,2,G/G,30
female,White,80 - 89,149.86,43.5,NA,0,0,1.8,A/A,15
male,White,80 - 89,187.96,106.6,NA,0,0,2.7,A/G,35
female,White,80 - 89,165.1,74.8,NA,0,0,2.3,G/G,48
male,White,60 - 69,185.42,97.5,NA,1,0,2.5,A/G,21
male,White,60 - 69,185.42,115.7,NA,0,0,2.3,A/G,33
female,White,60 - 69,157.48,62.6,NA,0,0,1.8,A/G,32
male,White,70 - 79,190.5,99.8,NA,0,0,2.3,G/G,70
male,White,70 - 79,180.34,108.9,NA,0,0,2.7,G/G,84
male,White,70 - 79,172.72,79.4,NA,0,0,3.1,A/G,26
male,White,80 - 89,172.72,99.8,NA,0,0,2.3,A/A,14
male,White,70 - 79,187.96,77.1,NA,0,0,3.2,G/G,45
female,White,80 - 89,162.56,77.1,NA,0,0,3.3,A/G,33
male,White,70 - 79,175.26,83.9,NA,0,0,2.9,A/A,26
female,White,70 - 79,157.48,68,NA,1,0,2.3,A/A,15
male,White,80 - 89,182.88,79.4,NA,0,0,2,A/A,14
male,White,70 - 79,177.8,97.5,NA,1,0,2.6,G/G,52
female,White,80 - 89,165.1,91.6,NA,0,0,2.2,A/G,30
male,White,70 - 79,170.18,85.3,NA,0,0,1.9,G/G,44
male,White,70 - 79,180.34,76.7,NA,0,0,2.1,G/G,40
male,White,60 - 69,185.42,136.1,NA,1,0,1.8,G/G,70
female,White,70 - 79,179.07,65.8,NA,0,0,2.8,G/G,56
female,White,80 - 89,152.4,44,NA,0,0,3,G/G,35
male,White,70 - 79,185.42,86.2,NA,1,0,2.9,A/G,20
female,White,80 - 89,158.75,54.9,NA,0,0,2,A/G,21
male,White,60 - 69,170.18,104.3,NA,0,0,3,G/G,28
female,White,80 - 89,172.72,70.3,NA,0,0,2.1,A/G,26
female,White,60 - 69,154.94,81.6,NA,0,0,1.9,A/A,20
female,White,70 - 79,167.64,74.8,NA,0,0,2.7,A/G,28
male,White,70 - 79,175.26,77.1,NA,0,0,2.8,A/G,33
male,White,70 - 79,180.34,109.8,NA,1,0,2.1,A/A,35
male,White,80 - 89,172.72,72.6,NA,0,0,2.8,A/G,20
male,White,60 - 69,190.5,103,NA,0,0,3.1,A/G,42
male,White,50 - 59,182.88,104.3,NA,0,0,2.1,G/G,51
female,White,70 - 79,170.18,54.4,NA,0,0,2.5,A/G,26
male,White,40 - 49,172.72,102.5,NA,0,0,2.8,G/G,84
male,White,70 - 79,172.72,75.3,NA,0,0,3.1,A/G,28
female,White,80 - 89,167.64,60.8,NA,0,0,1.9,A/G,17
female,White,70 - 79,160.02,83.9,NA,0,0,2.3,G/G,42
male,White,80 - 89,180.34,71.2,NA,0,0,2,G/G,33
male,White,70 - 79,177.8,90.7,NA,0,0,3.2,G/G,47
female,White,70 - 79,162.56,77.1,NA,1,0,2.7,A/G,21
female,White,60 - 69,165.1,90.7,NA,0,0,2.4,A/G,35
female,White,70 - 79,175.26,72.6,NA,0,0,1.8,G/G,22
male,White,60 - 69,160.02,68,NA,1,0,2.7,G/G,21
male,White,60 - 69,177.8,89.8,NA,0,0,2,G/G,58
male,White,70 - 79,180.34,113.9,NA,0,0,2.4,G/G,49
male,White,60 - 69,182.88,88.5,NA,0,0,1.9,A/A,23
male,White,80 - 89,187.96,79.4,NA,0,0,2.4,A/G,28
female,White,80 - 89,162.56,72.6,NA,1,0,2.7,A/G,18
male,White,70 - 79,175.26,61.7,NA,1,0,2.4,A/A,14
male,White,60 - 69,187.96,83.9,NA,1,0,2,A/G,11
male,White,60 - 69,165.1,68,NA,0,0,3,G/G,48
female,White,80 - 89,160.02,60.8,NA,1,0,3,A/G,18
female,White,60 - 69,170.18,131.5,NA,1,0,2.8,A/A,35
female,White,70 - 79,171.45,59,NA,0,0,2.59,A/G,9
female,White,60 - 69,165.1,67.6,NA,0,1,2.8,A/G,18
male,White,80 - 89,182.88,72.6,NA,0,0,2.17,A/G,28
male,White,70 - 79,172.72,73.5,NA,1,1,2.19,A/A,15
female,White,70 - 79,172.72,65.3,NA,0,0,2.3,A/G,21
female,White,40 - 49,170.18,65.8,NA,0,0,2.2,A/G,35
female,White,50 - 59,166.37,82.6,NA,0,0,3.2,G/G,52
female,White,70 - 79,152.4,77.1,NA,0,0,3,G/G,42
female,White,70 - 79,152.4,42.6,NA,0,1,1.84,A/G,10
male,White,50 - 59,185.42,98.4,NA,0,1,2.34,A/G,35
male,White,80 - 89,176.53,77.1,NA,1,0,1.9,G/G,25
female,White,70 - 79,165.1,61.2,NA,0,0,1.9,A/G,28
female,White,40 - 49,154.94,62.1,NA,0,0,2.8,G/G,58
male,White,40 - 49,167.64,70.3,NA,0,0,3,A/A,28
female,White,60 - 69,168.91,114.8,NA,0,1,2.21,A/G,14
male,White,80 - 89,175.26,102.5,NA,0,0,2.9,G/G,38
female,White,70 - 79,172.72,92.5,NA,1,0,2.3,G/G,28
male,White,70 - 79,180.34,74.8,NA,0,0,2,G/G,53
male,White,60 - 69,173.99,79.8,NA,0,1,1.91,G/G,35
female,White,70 - 79,170.18,63.5,NA,1,0,2.55,A/A,31
female,White,40 - 49,173.99,59,NA,0,0,2.18,A/G,44
male,White,60 - 69,182.88,85.7,NA,0,0,2.96,A/A,21
male,White,70 - 79,175.26,90.7,NA,0,1,2.73,A/A,18
female,White,70 - 79,166.37,65.3,NA,0,0,1.99,G/G,28
male,White,70 - 79,181.61,72.6,NA,0,0,2.59,A/G,21
male,White,70 - 79,187.96,83.5,NA,0,0,2,G/G,30
male,White,40 - 49,182.88,215.5,NA,0,0,3,A/G,30
female,White,40 - 49,160.02,86.6,NA,0,0,4.1,A/G,64
female,White,70 - 79,152.4,77.1,NA,0,0,2.6,A/G,22
male,White,50 - 59,176.53,88,NA,0,0,1.99,A/G,41
male,White,60 - 69,182.88,103.9,NA,0,0,2.12,G/G,53
male,White,70 - 79,170.18,118.4,NA,0,0,1.86,A/G,20
male,White,60 - 69,175.26,83,NA,1,0,2.58,G/G,30
male,White,70 - 79,162.56,80.3,NA,0,0,2.46,A/G,23
male,White,60 - 69,170.18,129.7,NA,0,0,2.96,A/G,28
male,White,80 - 89,180.34,103,NA,0,0,2.75,A/G,31
female,White,80 - 89,157.48,64.9,NA,0,0,2.2,A/G,16
female,White,60 - 69,154.94,59,NA,0,0,2.1,A/G,21
female,White,50 - 59,160.02,125.6,NA,0,0,2.7,A/G,45
female,White,40 - 49,167.64,77.1,NA,0,0,2.9,G/G,90
male,White,60 - 69,170.18,87.1,NA,0,0,2.6,G/G,33
female,White,80 - 89,167.64,79.8,NA,0,0,2.2,A/G,20
male,White,60 - 69,154.94,76.2,NA,0,0,2.5,A/G,33
male,White,70 - 79,180.34,92.5,NA,0,0,2.2,G/G,54
female,White,60 - 69,175.26,136.1,NA,0,0,3.2,A/G,38
male,White,50 - 59,167.64,84.4,NA,0,0,3.1,A/G,33
male,White,50 - 59,175.26,119.3,NA,0,0,2.1,A/G,75
male,White,80 - 89,185.42,76.7,NA,0,0,2.9,A/G,21
female,White,30 - 39,182.88,69.9,NA,0,0,2.7,A/G,55
male,White,80 - 89,172.72,78.9,NA,0,0,2.1,A/G,18
male,White,70 - 79,185.42,86.2,NA,0,0,2.4,A/G,25
female,White,50 - 59,165.1,64.4,NA,0,0,2.2,G/G,46
male,White,40 - 49,175.26,93.9,NA,0,0,2.4,A/G,54
female,White,80 - 89,157.48,68,NA,0,0,2,G/G,38
male,White,20 - 29,176.53,89.8,NA,0,0,2.5,G/G,33
male,White,70 - 79,172.72,72.6,NA,0,0,2.5,G/G,38
male,White,40 - 49,182.88,77.1,NA,0,0,3.4,A/G,70
male,White,70 - 79,182.88,104.3,NA,0,0,2.3,A/G,58
female,White,60 - 69,162.56,65.3,NA,1,0,2.8,G/G,32
male,White,50 - 59,177.8,111.1,NA,0,0,2.6,G/G,61
female,White,50 - 59,163.83,100.7,NA,0,0,3.1,G/G,88
female,White,30 - 39,170.18,65.8,NA,0,0,2.6,G/G,70
male,White,60 - 69,187.96,97.5,NA,1,0,2.1,A/G,33
female,White,60 - 69,157.48,65.3,NA,0,0,2.2,G/G,35
male,White,20 - 29,182.88,97.5,NA,0,0,1.9,G/G,28
female,White,40 - 49,167.64,135.2,NA,0,0,2.8,G/G,80
female,White,60 - 69,162.56,88.9,NA,0,0,2.2,A/G,38
female,White,70 - 79,142.24,56.7,NA,0,0,2.2,A/G,14
male,White,50 - 59,180.34,122.5,NA,0,0,2.5,A/G,33
male,White,50 - 59,180.34,91.2,NA,0,0,3.3,G/G,60
male,White,50 - 59,185.42,113.4,NA,0,0,2.4,G/G,45
female,White,50 - 59,160.02,128.8,NA,0,0,2.3,A/G,45
male,White,60 - 69,177.8,104.3,NA,0,0,2.4,G/G,47
male,White,50 - 59,182.88,99.8,NA,0,0,2.9,A/G,43
female,White,70 - 79,170.18,59.9,NA,0,0,2.4,A/G,28
male,White,70 - 79,187.96,81.6,NA,0,0,2.3,A/G,25
male,White,50 - 59,193.04,99.8,NA,0,0,3.1,A/A,24
male,White,70 - 79,177.8,78.9,NA,0,0,2.2,A/A,14
female,Other Mixed Race,43739,144.78,70.3,NA,0,0,1.9,A/G,42
female,White,60 - 69,167.64,83.5,NA,0,0,2,A/A,35
female,Other Mixed Race,50 - 59,167.64,59.9,NA,0,0,2.3,A/A,28
female,Other Mixed Race,30 - 39,154.94,73,NA,0,0,3.2,A/G,45
female,African-American,60 - 69,154.94,78.9,NA,0,0,2.7,A/G,35
female,Other Mixed Race,70 - 79,165.1,77.1,NA,0,0,1.8,G/G,30
female,African-American,70 - 79,156.21,93,NA,0,0,2.8,G/G,42
male,African-American,70 - 79,182.88,90.7,NA,0,0,2.44,G/G,28
female,African-American,40 - 49,170.18,72.1,NA,0,0,2.91,G/G,28
male,White,60 - 69,175.26,90.7,NA,0,0,2.1,G/G,51
female,African-American,70 - 79,179.07,86.2,NA,0,0,2.9,G/G,30
female,African-American,50 - 59,170.18,129.7,NA,0,0,2.33,G/G,115
female,White,80 - 89,160.02,73.7,NA,0,0,1.87,G/G,10
male,White,50 - 59,182.88,94.8,NA,0,0,2.38,A/G,38
male,White,70 - 79,180.34,90.7,NA,0,0,2.2,A/G,42
female,White,70 - 79,167.64,72.6,NA,0,0,2.6,A/A,12
female,White,70 - 79,154.94,77.1,NA,1,0,2.4,A/G,33
female,White,70 - 79,157.48,65.8,NA,0,0,3.2,G/G,56
male,African-American,50 - 59,176.53,96.2,NA,0,1,2.5,G/G,42
male,White,70 - 79,165.1,73.5,NA,0,0,2.1,A/G,42
female,Other Mixed Race,30 - 39,167.64,91.6,NA,0,0,2.77,G/G,42
female,African-American,70 - 79,181.61,108.9,NA,0,0,2.42,G/G,49
male,Other Mixed Race,60 - 69,165.1,96.6,NA,0,0,2,G/G,44
female,African-American,50 - 59,172.72,99.8,NA,0,0,2.25,G/G,52
female,Other Mixed Race,40 - 49,160.02,63.5,NA,0,0,2.74,A/A,23
female,African-American,50 - 59,170.18,159.2,NA,1,0,2.98,A/G,35
male,White,30 - 39,167.64,107,NA,0,0,3.33,A/A,44
female,White,60 - 69,170.18,59,NA,0,0,1.8,A/G,39
female,African-American,50 - 59,161.29,92.5,NA,0,0,2.08,G/G,126
male,White,30 - 39,167.64,73,NA,0,0,2.5,G/G,98
female,White,60 - 69,160.02,95.3,NA,0,0,2.6,G/G,50
male,White,30 - 39,172.72,74.8,NA,0,0,3.3,A/G,32
female,African-American,70 - 79,176.53,112.9,NA,0,0,2,G/G,42
male,White,70 - 79,180.34,79.4,NA,0,0,2.7,A/G,35
female,African-American,40 - 49,160.02,79.8,NA,0,0,3.63,G/G,53
female,Other Mixed Race,60 - 69,162.56,65.3,NA,0,0,2.4,A/G,28
female,Other Mixed Race,70 - 79,154.94,66.7,NA,0,0,2.5,A/G,21
male,White,70 - 79,177.8,81.6,NA,1,0,2.8,G/G,38
female,Other Mixed Race,60 - 69,165.1,65.8,NA,0,0,2.9,G/G,37
male,Other Mixed Race,30 - 39,182.88,159.7,NA,0,0,2.7,A/G,53
female,White,70 - 79,158.75,68,NA,0,0,1.82,G/G,25
female,African-American,80 - 89,153.67,73,NA,0,0,2.4,A/G,30
female,Other Mixed Race,70 - 79,152.4,64,NA,0,0,2.5,G/G,48
male,Other Mixed Race,60 - 69,172.72,86.2,NA,1,0,2.2,A/G,33
female,Other Mixed Race,60 - 69,156.21,64,NA,0,0,2.5,A/G,22
male,White,60 - 69,195.58,95.3,NA,0,0,2.1,A/G,32
female,Other Mixed Race,50 - 59,170.18,67.1,NA,0,0,2.2,A/G,40
female,Other Mixed Race,40 - 49,162.56,68.5,NA,0,0,1.8,G/G,39
female,Other Mixed Race,70 - 79,139.7,76.2,NA,0,0,2,A/A,18
female,White,70 - 79,162.56,72.6,NA,0,0,1.9,A/G,33
female,Other Mixed Race,50 - 59,165.1,75.3,NA,0,0,3.5,G/G,50
male,White,60 - 69,177.8,72.6,NA,1,1,2.8,A/G,26
male,White,80 - 89,187.96,99.8,NA,0,0,2,A/A,17
female,White,50 - 59,160.02,64.9,NA,0,0,2.4,A/G,47
female,White,50 - 59,162.56,90.7,NA,0,0,2.5,A/A,24
male,White,50 - 59,185.42,97.1,NA,0,0,1.1,G/G,21
male,White,50 - 59,177.8,77.1,NA,0,0,1.9,G/G,40
male,White,80 - 89,177.8,70.3,NA,0,0,2.2,A/G,27
female,African-American,60 - 69,157.48,90.7,NA,0,0,NA,G/G,25
female,White,50 - 59,167.64,145.1,NA,1,0,1.85,A/G,28
male,African-American,40 - 49,173.99,83.9,NA,0,0,1.9,G/G,49
male,White,50 - 59,167.64,94.3,NA,1,0,2.3,G/G,53
male,African-American,50 - 59,187.96,87.1,NA,0,0,2.3,G/G,46
female,White,80 - 89,152.4,64,NA,0,0,2.5,G/G,25
female,White,50 - 59,154.94,68,NA,0,0,2.61,A/G,35
female,White,30 - 39,165.1,101.2,NA,0,0,2,A/G,35
female,White,70 - 79,152.4,88.9,NA,0,0,1.91,G/G,35
female,African-American,50 - 59,154.94,119.7,NA,0,0,2.22,G/G,42
female,White,70 - 79,148.59,85.7,NA,0,0,2,G/G,21
female,White,50 - 59,171.45,86.2,NA,0,0,1.91,A/G,27
male,White,50 - 59,175.26,121.1,NA,0,0,2.16,G/G,49
male,White,30 - 39,165.1,70.3,NA,0,0,2.4,G/G,63
male,African-American,40 - 49,185.42,87.5,NA,0,0,2,G/G,63
male,White,30 - 39,185.42,74.8,NA,0,0,1.7,A/G,21
female,White,50 - 59,166.37,64,NA,1,0,1.6,A/G,42
male,White,30 - 39,162.56,90.7,NA,0,0,2.3,A/G,28
female,White,70 - 79,165.1,78,NA,0,0,2.2,A/G,42
male,African-American,50 - 59,180.34,74.8,NA,0,0,2.19,G/G,42
male,White,50 - 59,167.64,81.6,NA,0,1,2.1,A/G,35
male,African-American,40 - 49,172.72,113.4,NA,0,0,2.4,G/G,42
female,White,80 - 89,170.18,88.5,NA,0,0,2,A/A,14
male,White,70 - 79,170.18,80.7,NA,0,0,2.6,G/G,42
female,White,60 - 69,171.45,68.9,NA,0,0,1.7,G/G,21
male,White,70 - 79,175.26,88.5,NA,0,0,1.9,A/G,14
female,White,80 - 89,157.48,81.4,NA,0,0,2.7,A/G,28
male,White,70 - 79,179.07,122.5,NA,1,0,1.81,A/G,35
male,White,50 - 59,180.34,90.7,NA,0,0,2.6,G/G,63
female,White,70 - 79,165.73,58.1,NA,0,0,2.1,G/G,39
female,White,80 - 89,162.56,89.8,NA,0,0,2.5,G/G,56
female,White,70 - 79,165.1,81.6,NA,0,0,2.2,A/G,13
male,White,50 - 59,175.26,73,NA,0,0,1.8,G/G,35
male,African-American,50 - 59,185.42,138.3,NA,0,0,NA,A/G,49
female,White,40 - 49,167.64,66.2,NA,0,0,2.7,A/G,42
female,White,60 - 69,172.72,79.4,NA,0,0,2.2,G/G,28
male,White,50 - 59,180.34,147.9,NA,0,0,2.4,A/A,42
female,White,20 - 29,167.64,52.2,NA,0,0,1.8,A/G,28
female,White,20 - 29,154.94,66.2,NA,0,0,1.93,G/G,21
male,White,60 - 69,181.61,90.5,NA,1,0,1.8,G/G,28
female,White,20 - 29,172.72,88,NA,0,0,1.66,G/G,56
female,African-American,70 - 79,162.56,61.2,NA,0,0,NA,G/G,63
male,White,50 - 59,182.88,90.7,NA,0,0,2.3,G/G,56
female,White,50 - 59,162.56,90.7,NA,0,0,2.3,A/A,35
female,White,50 - 59,152.4,47.6,NA,0,0,1.83,A/G,25
female,White,40 - 49,170.18,81.6,NA,0,0,2.7,A/A,21
female,White,30 - 39,165.1,86.2,NA,0,0,1.68,A/A,32
female,White,50 - 59,160.02,70.3,NA,0,0,2.7,G/G,49
male,White,40 - 49,190.5,102.1,NA,0,0,2.35,A/G,21
female,White,20 - 29,162.56,72.6,NA,0,0,1.78,A/G,21
female,White,30 - 39,166.37,92.5,NA,0,0,NA,G/G,56
female,White,70 - 79,163.83,68,NA,0,0,2.1,NA,25
female,White,20 - 29,154.94,48.5,NA,0,0,1.7,A/A,11
male,White,70 - 79,167.64,72.6,NA,0,0,2.27,A/G,25
female,White,60 - 69,157.48,74.8,NA,1,0,2.2,G/G,53
male,White,40 - 49,182.88,111.1,NA,0,0,2.2,A/G,42
male,White,50 - 59,167.64,79.8,NA,0,0,2.4,G/G,25
male,White,60 - 69,170.18,77.1,NA,0,0,2.2,G/G,21
male,White,60 - 69,185.42,95.3,NA,0,0,2,G/G,49
male,White,50 - 59,NA,NA,0,NA,NA,1,NA,14.7
female,White,70 - 79,NA,NA,0,0,0,2.54,NA,35
female,White,60 - 69,168.58,83.6,0,0,0,2.2,NA,42.7
female,White,20 - 29,NA,49.3,0,0,0,1.57,NA,47.95
female,White,50 - 59,NA,78.7,0,0,0,1.79,NA,9.1
male,White,20 - 29,NA,NA,0,0,0,1.2,NA,35
female,White,40 - 49,NA,NA,0,0,0,1.7,NA,50.82
male,White,40 - 49,NA,80.2,0,0,0,1.54,NA,32.69
female,White,50 - 59,153.49,70.7,0,0,0,1.81,NA,46.69
female,White,60 - 69,NA,NA,0,0,0,1.75,NA,7.14
male,Black,60 - 69,NA,62.6,,1,1,1.98,NA,12.53
male,White,60 - 69,NA,NA,0,0,0,2.4,NA,52.5
female,White,90+,NA,NA,0,0,0,2.8,NA,35
male,White,80 - 89,NA,NA,,0,0,2.95,NA,50.75
male,White,60 - 69,NA,NA,0,NA,NA,2.54,NA,32.76
female,White,20 - 29,163.55,88.6,0,0,0,2.11,NA,15.47
male,White,40 - 49,183.67,123,0,0,0,2.15,NA,43.82
female,White,60 - 69,NA,82.5,0,0,0,2.4,NA,46.13
female,White,50 - 59,NA,NA,0,0,0,2.88,NA,29.54
male,White,60 - 69,169.98,81.3,0,0,0,2.6,NA,42.28
female,White,50 - 59,NA,81.3,0,1,0,2.27,NA,67.41
male,White,60 - 69,NA,95.6,0,1,0,2.96,NA,26.46
male,White,70 - 79,NA,105.5,,0,0,2.76,NA,26.6
male,White,60 - 69,NA,79.3,,1,1,2.24,NA,17.5
male,White,50 - 59,NA,NA,1,1,0,2.52,NA,70
female,White,40 - 49,NA,78,0,0,0,2.19,NA,35
female,White,60 - 69,166.07,97.5,,0,0,2.53,NA,92.4
male,White,30 - 39,176.13,88.2,0,0,0,2.9,NA,28.42
female,White,50 - 59,169.85,123.4,0,0,0,1.96,NA,46.55
female,White,70 - 79,NA,NA,,0,0,3.11,NA,6.3
male,Black,30 - 39,183.67,166.9,0,0,0,3.22,NA,87.5
male,Black,50 - 59,NA,NA,0,0,0,2.86,NA,44.1
female,White,50 - 59,NA,90.4,0,1,0,2.74,NA,71.47
female,White,60 - 69,NA,116.6,0,1,0,2.41,NA,36.33
male,White,30 - 39,NA,NA,0,0,0,2.38,NA,42.77
female,White,60 - 69,NA,64,0,0,0,1.97,NA,38.01
male,White,60 - 69,NA,89.8,,0,0,3.05,NA,31.71
female,White,70 - 79,NA,67.7,,0,1,3.14,NA,13.93
female,White,80 - 89,NA,54,0,0,1,1.98,NA,21.77
male,White,60 - 69,NA,NA,0,1,0,3.03,NA,11.34
female,White,70 - 79,176.12,72.3,0,0,0,1.97,NA,10.57
male,White,50 - 59,NA,104.8,,1,1,1.86,NA,20.23
male,White,80 - 89,178.64,86.2,0,1,0,1.7,NA,26.6
female,White,70 - 79,NA,75.4,0,0,0,1.99,NA,30.87
female,White,90+,NA,62.2,0,0,0,1.7,NA,21.84
male,White,50 - 59,NA,78.4,0,1,0,1.6,NA,37.1
male,Black,70 - 79,NA,86.1,,0,1,1.9,NA,21.63
female,White,60 - 69,166.07,70.8,,0,0,1.58,NA,25.83
female,White,70 - 79,NA,NA,0,0,1,1.83,NA,30.38
female,White,80 - 89,NA,NA,0,0,0,1.81,NA,28.7
male,White,60 - 69,NA,NA,1,0,1,3.13,NA,44.24
female,White,60 - 69,163.55,76.7,,0,1,3.17,NA,13.72
male,White,60 - 69,NA,86.3,0,0,0,1.3,NA,61.46
male,White,40 - 49,NA,106.5,,0,0,1.79,NA,61.74
female,White,50 - 59,NA,69.9,1,0,1,3.05,NA,21.42
male,White,60 - 69,NA,NA,1,0,1,3.04,NA,42.77
male,Black,50 - 59,NA,111.7,,1,0,1.48,NA,31.92
male,White,60 - 69,NA,76,0,0,0,1.63,NA,14.56
male,White,70 - 79,NA,NA,0,0,1,3.4,NA,45.78
male,Hispanic,40 - 49,NA,87.5,0,0,0,1.2,NA,23.8
male,White,60 - 69,NA,97.1,,1,0,2.75,NA,39.76
male,White,50 - 59,186.18,131,0,1,0,2.6,NA,63.21
female,White,60 - 69,NA,58.8,,0,0,2.45,NA,38.85
female,White,60 - 69,161.04,65.3,1,0,0,2.07,NA,32.2
female,White,80 - 89,NA,NA,0,0,0,2.58,NA,16.8
male,Hispanic,70 - 79,NA,78.7,,0,0,2.62,NA,47.18
male,White,90+,NA,NA,1,1,0,2.24,NA,15.19
male,White,70 - 79,NA,NA,0,0,1,2.93,NA,16.03
male,White,50 - 59,193.04,127.6,0,0,0,2.1,NA,78.12
female,White,70 - 79,NA,NA,0,0,0,2.31,NA,36.19
female,White,80 - 89,NA,75.7,0,1,0,2.1,NA,23.03
male,Black,60 - 69,NA,101,0,1,0,2.31,NA,30.1
male,White,80 - 89,NA,68.5,0,0,0,2.82,NA,54.04
female,White,60 - 69,NA,NA,0,0,0,2.2,NA,45.01
male,Black,80 - 89,NA,NA,0,0,0,2.57,NA,52.5
female,White,60 - 69,NA,NA,0,0,0,2.15,NA,47.74
male,White,40 - 49,NA,NA,0,0,1,2.4,NA,41.3
male,White,70 - 79,NA,87.8,0,0,0,2.07,NA,22.47
male,White,80 - 89,NA,102.2,0,1,0,2.06,NA,48.16
male,White,50 - 59,193,84.4,,0,1,2.49,NA,8.47
female,White,80 - 89,158.52,59.4,0,1,1,2.39,NA,16.1
male,White,50 - 59,NA,NA,0,0,0,2.23,NA,57.4
female,White,80 - 89,NA,NA,0,0,0,2.66,NA,22.75
female,White,60 - 69,NA,NA,0,0,1,2.02,NA,14.28
male,White,80 - 89,NA,72.2,,0,0,2.61,NA,16.38
male,White,70 - 79,173.61,105.7,0,0,1,2.18,NA,23.24
male,White,80 - 89,NA,NA,0,0,0,2.6,NA,37.8
female,White,70 - 79,NA,74.4,0,0,0,2.64,NA,27.86
female,White,80 - 89,NA,72.6,0,0,0,2.18,NA,28.07
male,White,70 - 79,NA,NA,,0,0,2.55,NA,28.42
female,White,80 - 89,NA,57.2,0,0,1,2.24,NA,14.77
male,White,60 - 69,NA,NA,0,0,0,2.59,NA,34.79
male,Black,50 - 59,NA,NA,,0,0,2.2,NA,44.8
male,White,80 - 89,NA,73.7,0,0,0,2.15,NA,30.52
male,White,60 - 69,NA,NA,0,0,0,2.33,NA,37.8
female,White,70 - 79,NA,65.6,,0,1,2.21,NA,15.75
male,White,60 - 69,NA,99.7,0,1,0,2.38,NA,24.5
male,White,60 - 69,NA,119.1,,0,1,2.06,NA,28.91
male,White,50 - 59,NA,84.9,0,0,0,2.26,NA,39.9
male,White,80 - 89,170.15,92.5,0,0,0,2.68,NA,26.04
male,Black,50 - 59,NA,112.3,0,0,1,2.65,NA,30.17
female,White,70 - 79,168.58,64.6,0,0,0,2.2,NA,13.02
female,White,70 - 79,NA,66.1,0,0,1,2.23,NA,11.62
male,White,40 - 49,163.55,83.6,0,1,1,2.7,NA,35.35
male,White,60 - 69,NA,57.3,0,1,1,2.58,NA,14
male,White,50 - 59,NA,102.1,0,0,0,2.48,NA,39.9
male,White,80 - 89,NA,83.2,0,1,0,2.63,NA,20.16
female,White,60 - 69,NA,83.6,0,0,0,2.74,NA,25.2
male,White,70 - 79,176.12,102.4,,1,0,2.77,NA,35.14
male,White,70 - 79,NA,127.5,0,0,0,2.02,NA,55.3
female,White,80 - 89,171.09,58.5,0,0,0,2.7,NA,27.3
male,White,70 - 79,NA,98,1,1,1,2.02,NA,39.76
male,White,70 - 79,NA,94.7,,0,0,2.45,NA,60.2
male,White,50 - 59,152.4,94.8,,0,1,2.34,NA,42.7
female,White,60 - 69,163.55,74,,0,1,2.35,NA,30.52
male,Black,50 - 59,183.67,145.6,,0,1,2.32,NA,41.3
female,White,60 - 69,NA,NA,,1,1,2.45,NA,16.03
male,White,60 - 69,NA,NA,0,0,0,2.06,NA,25.55
male,White,50 - 59,NA,85.4,,1,0,2.58,NA,39.9
male,White,60 - 69,NA,128.1,0,0,0,2.33,NA,26.04
male,White,70 - 79,183.67,82.1,0,0,0,2.91,NA,30.24
male,White,60 - 69,171.1,118.4,,1,0,2.1,NA,32.48
female,White,80 - 89,156,62,,1,1,2.04,NA,10.85
male,White,60 - 69,183.67,96.7,0,0,1,2.15,NA,70.35
female,White,70 - 79,NA,61.7,0,0,0,2.57,NA,43.4
male,White,60 - 69,170.74,81.8,,1,0,2.12,NA,46.41
female,Black,60 - 69,157.68,115.5,1,1,0,2.9,NA,38.64
male,White,60 - 69,NA,NA,0,1,1,2.8,NA,25.2
male,Black,60 - 69,NA,NA,0,0,1,2.36,NA,35
male,White,50 - 59,NA,74.9,,0,0,2.34,NA,28.28
male,White,40 - 49,181.15,102.5,0,0,0,2.17,NA,32.27
female,White,60 - 69,NA,NA,0,0,0,2.44,NA,29.4
male,White,60 - 69,NA,NA,1,1,0,3.4,NA,24.57
female,Black,70 - 79,167.31,91.5,0,1,0,2.28,NA,39.9
male,White,30 - 39,NA,NA,0,0,0,2.83,NA,35.07
female,White,50 - 59,NA,NA,0,0,0,1.2,NA,35
male,White,40 - 49,NA,92.8,0,1,0,1.85,NA,42.63
male,White,40 - 49,NA,111.3,,0,1,1.67,NA,58.59
male,White,60 - 69,NA,70.8,,1,0,1.8,NA,39.9
female,Black,40 - 49,NA,77.6,0,0,0,2.42,NA,30.52
male,Black,50 - 59,NA,NA,0,0,0,2.45,NA,34.86
male,Black,50 - 59,NA,91.6,0,0,0,2.79,NA,36.89
female,White,30 - 39,NA,85.1,1,0,0,2.48,NA,38.01
female,White,50 - 59,NA,NA,1,NA,1,2.32,NA,64.82
male,Black,50 - 59,176.12,150.3,,0,0,2.62,NA,56.56
male,White,70 - 79,NA,101.6,0,0,1,2.59,NA,8.96
male,White,30 - 39,NA,93.4,0,1,0,2.73,NA,47.6
male,White,40 - 49,NA,NA,0,1,0,2.5,NA,21.7
male,White,80 - 89,NA,69.7,,1,1,2.82,NA,14
male,White,30 - 39,NA,NA,0,0,0,3.02,NA,52.5
male,Black,40 - 49,NA,108.7,1,0,0,1.6,NA,74.06
male,White,30 - 39,161.04,63.5,1,1,0,1.73,NA,25.27
male,White,70 - 79,NA,63.8,0,0,0,1.83,NA,37.66
female,White,80 - 89,NA,44.6,0,0,0,2.01,NA,24.71
male,White,50 - 59,200.66,110.3,,0,0,2.43,NA,30.1
female,White,20 - 29,156.01,62.4,0,0,0,2.32,NA,63.07
male,Black,50 - 59,NA,NA,0,1,0,2.25,NA,40.81
male,White,70 - 79,NA,NA,,0,0,2.13,NA,22.68
female,White,50 - 59,165.25,67.5,0,1,0,2.36,NA,39.41
female,White,70 - 79,NA,89.6,0,0,0,2.13,NA,42
female,White,70 - 79,NA,NA,0,1,0,2.24,NA,24.78
female,White,80 - 89,NA,64.4,0,0,0,2.77,NA,41.02
female,White,20 - 29,168.58,79.4,,0,0,2.68,NA,24.43
male,Japanese,80 - 89,NA,NA,NA,NA,NA,1.24,A/G,14
female,Japanese,70 - 79,145.03,41,NA,NA,NA,1.8,A/A,21
female,Japanese,70 - 79,150.11,57,NA,NA,NA,1.72,A/A,21
male,Japanese,70 - 79,160.02,51,NA,NA,NA,2,A/G,42
male,Japanese,50 - 59,167.89,53,NA,NA,NA,2.28,A/A,21
male,Japanese,40 - 49,176.02,84,NA,NA,NA,2.35,A/A,21
male,Japanese,70 - 79,161.04,68,NA,NA,NA,2.02,A/A,21
male,Japanese,70 - 79,157.99,53,NA,NA,NA,1.65,A/A,17.5
male,Japanese,70 - 79,163.07,71.5,NA,NA,NA,1.53,A/A,28
male,Japanese,40 - 49,167.89,62,NA,NA,NA,1.81,A/A,17.5
male,Japanese,80 - 89,164.08,54,NA,NA,NA,2.28,A/A,24.5
male,Japanese,60 - 69,159,61,NA,NA,NA,1.75,A/G,31.5
male,Japanese,50 - 59,155.96,70,NA,NA,NA,2.03,A/A,31.5
male,Japanese,70 - 79,165.1,56,NA,NA,NA,1.84,A/A,14
male,Japanese,60 - 69,156.97,58,NA,NA,NA,2.2,A/A,21
male,Japanese,60 - 69,163.07,70,NA,NA,NA,2.25,A/A,24.5
male,Japanese,60 - 69,161.04,50,NA,NA,NA,1.52,A/A,28
female,Japanese,70 - 79,144.02,49,NA,NA,NA,1.59,A/A,24.5
male,Japanese,60 - 69,150.11,54.4,NA,NA,NA,2.36,A/G,24.5
male,Japanese,NA,NA,85.2,NA,NA,NA,2.24,A/A,24.5
male,Japanese,70 - 79,168.91,61,NA,NA,NA,1.42,A/G,21
female,Japanese,50 - 59,147.57,54,NA,NA,NA,2.08,A/A,21
female,Japanese,70 - 79,159,65,NA,NA,NA,2.13,A/A,21
male,Japanese,70 - 79,169.93,56,NA,NA,NA,2.1,A/A,21
male,Japanese,70 - 79,159,60,NA,NA,NA,1.17,A/A,7
male,Japanese,70 - 79,150.62,53.1,NA,NA,NA,2,A/A,35
female,Japanese,60 - 69,167.89,58.8,NA,NA,NA,2.27,A/A,14
male,Japanese,40 - 49,168.91,62,NA,NA,NA,1.82,A/A,28
male,Japanese,60 - 69,163.07,58,NA,NA,NA,2.34,A/G,28
male,Japanese,70 - 79,166.12,67.4,NA,NA,NA,1.38,A/A,17.5
male,Japanese,70 - 79,163.07,67,NA,NA,NA,2.18,A/A,35
male,Japanese,70 - 79,162.05,69,NA,NA,NA,1.12,A/A,7
female,Japanese,70 - 79,148.59,50,NA,NA,NA,1.98,A/A,14
female,Japanese,60 - 69,141.73,54.2,NA,NA,NA,1.21,A/A,7
male,Japanese,60 - 69,160.02,69,NA,NA,NA,1.67,A/A,21
female,Japanese,50 - 59,147.07,67,NA,NA,NA,2.16,A/A,21
male,Japanese,70 - 79,165.1,60,NA,NA,NA,2.45,A/A,28
male,Japanese,50 - 59,165.1,69,NA,NA,NA,2.14,A/A,21
male,Japanese,50 - 59,165.1,60,NA,NA,NA,1.77,A/A,7
male,Japanese,40 - 49,173.99,69.1,NA,NA,NA,1.77,A/A,14
male,Japanese,50 - 59,159,62,NA,NA,NA,2.93,A/A,28
male,Japanese,60 - 69,165.1,65,NA,NA,NA,1.1,A/G,21
male,Japanese,60 - 69,170.94,78,NA,NA,NA,1.3,A/A,17.5
male,Japanese,70 - 79,165.1,63,NA,NA,NA,1.68,A/G,24.5
male,Japanese,40 - 49,185.93,55,NA,NA,NA,1.95,A/G,49
male,Japanese,50 - 59,171.96,76,NA,NA,NA,0.91,A/G,7
male,Japanese,80 - 89,165.1,51,NA,NA,NA,1.26,A/A,7
female,Japanese,60 - 69,145.03,55,NA,NA,NA,1.78,A/A,17.5
male,Japanese,60 - 69,170.94,NA,NA,NA,NA,1.65,A/A,35
male,Japanese,70 - 79,163.07,64.3,NA,NA,NA,1.83,A/A,17.5
female,Japanese,60 - 69,154.94,60,NA,NA,NA,1.84,A/A,14
male,Japanese,60 - 69,NA,70,NA,NA,NA,2.68,A/A,21
male,Japanese,NA,NA,NA,NA,NA,NA,1.49,A/A,14
male,Japanese,70 - 79,165.1,60,NA,NA,NA,1.98,A/A,21
female,Japanese,70 - 79,148.08,62.5,NA,NA,NA,1.83,A/A,17.5
female,Japanese,60 - 69,155.96,66.5,NA,NA,NA,1.93,A/A,24.5
male,Japanese,50 - 59,165.1,63,NA,NA,NA,1.42,A/A,14
male,Japanese,40 - 49,168.91,58,NA,NA,NA,1.95,A/A,52.5
female,Japanese,50 - 59,155.96,61,NA,NA,NA,2.11,A/A,28
female,Japanese,60 - 69,NA,NA,NA,NA,NA,2.7,A/A,17.5
male,Japanese,80 - 89,147.07,57,NA,NA,NA,1.68,A/A,10.5
male,Japanese,70 - 79,171.45,73,NA,NA,NA,1.81,A/A,24.5
female,Japanese,80 - 89,151.89,42,NA,NA,NA,1.46,A/A,10.5
male,Japanese,50 - 59,166.12,80,NA,NA,NA,1.5,A/A,31.5
male,Japanese,70 - 79,164.08,65,NA,NA,NA,2.18,A/A,24.5
male,Japanese,60 - 69,160.02,65,NA,NA,NA,1.72,A/G,38.5
female,Japanese,80 - 89,152.91,51,NA,NA,NA,1.68,A/A,10.5
female,Japanese,70 - 79,152.91,48.5,NA,NA,NA,1.02,A/G,10.5
female,Japanese,70 - 79,151.89,52,NA,NA,NA,1.64,A/A,14
male,Japanese,60 - 69,157.99,51,NA,NA,NA,1.78,A/A,17.5
male,Japanese,70 - 79,173.99,63,NA,NA,NA,2.27,A/A,7
male,Japanese,50 - 59,165.35,69.9,NA,NA,NA,1.12,A/G,7
female,Japanese,NA,162.05,71,NA,NA,NA,1.86,A/A,14
male,Japanese,40 - 49,165.1,70,NA,NA,NA,2.82,A/A,35
male,Japanese,60 - 69,169.93,63,NA,NA,NA,1.34,A/G,31.5
male,Japanese,70 - 79,166.88,58,NA,NA,NA,1.77,A/A,14
male,Japanese,NA,NA,64,NA,NA,NA,1.18,A/A,21
male,Japanese,60 - 69,165.1,70,NA,NA,NA,1.48,A/A,7
male,Japanese,60 - 69,161.04,64,NA,NA,NA,1.1,A/A,10.5
female,Japanese,70 - 79,153.92,59,NA,NA,NA,1.36,A/G,14
male,Japanese,60 - 69,169.93,62,NA,NA,NA,1.79,A/A,21
female,Japanese,70 - 79,152.91,58,NA,NA,NA,1.82,A/A,14
female,Japanese,50 - 59,150.88,54,NA,NA,NA,2.54,A/A,10.5
male,Japanese,70 - 79,160.02,50,NA,NA,NA,1.63,A/A,17.5
male,Japanese,60 - 69,170.94,69,NA,NA,NA,1.73,A/A,21
male,Japanese,60 - 69,154.94,56.4,NA,NA,NA,1.59,A/A,24.5
male,Japanese,70 - 79,153.92,53,NA,NA,NA,1.01,A/G,10.5
female,Japanese,50 - 59,152.91,50.2,NA,NA,NA,2.35,A/A,28
male,Japanese,60 - 69,168.91,63,NA,NA,NA,1.06,A/A,21
male,Japanese,NA,NA,NA,NA,NA,NA,2.09,A/A,24.5
male,Japanese,50 - 59,175.01,65,NA,NA,NA,1.23,A/G,21
female,Japanese,70 - 79,151.89,57,NA,NA,NA,1.71,A/A,35
male,Japanese,50 - 59,166.88,73,NA,NA,NA,2.32,A/A,21
male,Japanese,50 - 59,160.02,53,NA,NA,NA,2.88,A/A,28
female,Japanese,70 - 79,152.91,51,NA,NA,NA,1.52,A/A,17.5
male,Japanese,50 - 59,152.91,49.1,NA,NA,NA,1.4,A/G,24.5
female,Japanese,70 - 79,154.94,57,NA,NA,NA,1.4,A/G,24.5
male,Japanese,70 - 79,167.89,50,NA,NA,NA,1.68,A/G,8.75
male,Japanese,50 - 59,161.04,50.8,NA,NA,NA,2,A/A,21
female,Japanese,70 - 79,157.99,49,NA,NA,NA,2.52,A/G,31.5
male,Japanese,60 - 69,165.1,74,NA,NA,NA,1.87,A/A,21
male,Japanese,60 - 69,173.99,81,NA,NA,NA,2.4,A/A,14
male,Japanese,50 - 59,169.93,86,NA,NA,NA,1.3,A/A,31.5
male,Japanese,40 - 49,166.12,67,NA,NA,NA,1.19,A/A,21
male,Japanese,60 - 69,164.08,68.4,NA,NA,NA,1.9,A/A,21
male,Japanese,60 - 69,179.07,72,NA,NA,NA,1.58,A/G,38.5
female,Japanese,70 - 79,130.05,45,NA,NA,NA,2.66,A/A,7
male,Japanese,50 - 59,170.94,71,NA,NA,NA,2.24,A/A,24.5
male,Japanese,50 - 59,168.91,67,NA,NA,NA,1.55,A/G,42
female,Japanese,80 - 89,144.02,46,NA,NA,NA,2.23,A/A,10.5
NA,Japanese,60 - 69,182.12,76,NA,NA,NA,2.29,A/A,21
male,Japanese,70 - 79,146.05,45,NA,NA,NA,2.55,A/A,10.5
female,Japanese,60 - 69,139.95,53,NA,NA,NA,1.91,A/A,10.5
male,Japanese,70 - 79,168.91,57,NA,NA,NA,1.51,A/A,31.5
male,Japanese,70 - 79,159.26,54,NA,NA,NA,1.29,A/A,10.5
male,Japanese,40 - 49,165.1,85,NA,NA,NA,1.51,A/G,73.5
female,Japanese,70 - 79,154.94,45,NA,NA,NA,1.7,A/A,14
male,Japanese,50 - 59,167.89,59.7,NA,NA,NA,3.1,A/A,63
female,Japanese,70 - 79,153.92,69,NA,NA,NA,1.52,A/A,17.5
male,Japanese,60 - 69,167.89,68,NA,NA,NA,2.46,A/A,21
male,Japanese,30 - 39,173.48,61,NA,NA,NA,3.7,A/A,28
male,Japanese,50 - 59,161.04,72.7,NA,NA,NA,2.4,A/A,17.5
female,Japanese,50 - 59,145.03,45,NA,NA,NA,1.56,A/A,10.5
male,Japanese,70 - 79,162.05,63.9,NA,NA,NA,2.2,A/A,7
male,Japanese,50 - 59,167.89,77,NA,NA,NA,1.9,A/A,14
female,Japanese,60 - 69,157.99,52,NA,NA,NA,1.47,A/A,14
male,Japanese,70 - 79,162.05,57,NA,NA,NA,1.35,A/G,7
male,Japanese,70 - 79,161.04,55,NA,NA,NA,1.7,A/A,21
male,Japanese,NA,168.91,67.5,NA,NA,NA,2.1,A/A,14
male,Japanese,70 - 79,164.08,71,NA,NA,NA,3.84,A/A,21
male,Japanese,70 - 79,161.8,68,NA,NA,NA,1.61,A/A,10.5
male,Japanese,60 - 69,156.97,65,NA,NA,NA,1.54,A/A,24.5
male,Japanese,70 - 79,162.05,73.8,NA,NA,NA,2.39,A/A,10.5
female,Japanese,40 - 49,155.96,56,NA,NA,NA,1.09,A/A,7
male,Japanese,80 - 89,146.56,49,NA,NA,NA,1.51,A/A,14
female,Japanese,70 - 79,157.48,52.7,NA,NA,NA,3.05,A/G,42
female,Japanese,70 - 79,145.54,72,NA,NA,NA,1.94,A/A,14
male,Japanese,70 - 79,179.07,65,NA,NA,NA,2.06,A/A,17.5
male,Japanese,60 - 69,163.07,62,NA,NA,NA,1.91,A/A,7
male,Japanese,60 - 69,164.08,63,NA,NA,NA,2.07,A/A,10.5
female,Japanese,70 - 79,160.02,50,NA,NA,NA,2.51,A/A,24.5
male,Japanese,NA,162.05,66,NA,NA,NA,2.16,A/A,17.5
male,Japanese,50 - 59,172.97,85.4,NA,NA,NA,1.8,A/A,24.5
female,Japanese,50 - 59,145.03,52.2,NA,NA,NA,3.3,A/A,17.5
male,Japanese,60 - 69,162.05,55,NA,NA,NA,1.9,A/G,28
male,Japanese,70 - 79,159,55,NA,NA,NA,1.11,A/A,7
male,Japanese,70 - 79,169.93,64,NA,NA,NA,1.75,A/A,7
female,Japanese,80 - 89,150.11,45,NA,NA,NA,1.59,A/A,17.5
female,Japanese,80 - 89,NA,74.4,NA,NA,NA,2,A/A,14
female,Japanese,60 - 69,145.03,47,NA,NA,NA,2.5,A/G,38.5
female,Japanese,50 - 59,155.7,49.4,NA,NA,NA,2.89,A/A,21
male,Japanese,30 - 39,163.07,57,NA,NA,NA,1.69,A/A,21
male,Japanese,40 - 49,180.09,63,NA,NA,NA,2.8,A/A,24.5
female,Japanese,60 - 69,160.02,58.9,NA,NA,NA,2.2,A/A,8.75
male,Japanese,60 - 69,164.85,60.4,NA,NA,NA,1.89,A/A,28
male,Japanese,40 - 49,172.97,79,NA,NA,NA,2.77,A/A,17.5
male,Japanese,70 - 79,165.1,68,NA,NA,NA,2.36,A/G,28
male,Japanese,70 - 79,162.05,50,NA,NA,NA,1.68,A/A,17.5
male,Japanese,70 - 79,162.05,61.7,NA,NA,NA,1.6,A/A,17.5
male,Japanese,60 - 69,157.99,53,NA,NA,NA,2.28,A/A,3.5
male,Japanese,90+,146.81,48,NA,NA,NA,2.42,A/A,10.5
male,Japanese,60 - 69,153.42,45.2,NA,NA,NA,1.29,A/A,14
male,Japanese,70 - 79,157.99,56.7,NA,NA,NA,1.4,A/G,35
male,Japanese,60 - 69,150.11,60,NA,NA,NA,1.68,A/A,7
male,Japanese,50 - 59,165.1,72,NA,NA,NA,2.2,A/A,35
male,Japanese,60 - 69,153.92,46,NA,NA,NA,1.23,A/A,17.5
male,Japanese,70 - 79,160.02,54,NA,NA,NA,2.38,A/A,17.5
female,Japanese,70 - 79,142.24,64,NA,NA,NA,3.74,A/A,21
male,Japanese,70 - 79,172.97,77,NA,NA,NA,2.4,A/A,12.25
male,Japanese,70 - 79,159.51,63,NA,NA,NA,1.91,A/A,21
female,Japanese,60 - 69,155.19,55.5,NA,NA,NA,1.82,A/A,14
male,Japanese,60 - 69,162.31,50.5,NA,NA,NA,1.78,A/A,14
male,Japanese,70 - 79,154.18,60.5,NA,NA,NA,1.69,A/A,14
male,Japanese,60 - 69,160.02,61.8,NA,NA,NA,1.91,A/A,21
female,Japanese,60 - 69,153.42,64,NA,NA,NA,1.88,A/A,24.5
male,Japanese,70 - 79,159.51,61.5,NA,NA,NA,1.63,A/G,24.5
female,Japanese,60 - 69,144.53,38,NA,NA,NA,1.75,A/A,24.5
male,Japanese,70 - 79,170.43,69.4,NA,NA,NA,1.94,A/G,28
male,Japanese,80 - 89,163.58,54,NA,NA,NA,1.52,A/A,14
male,Japanese,70 - 79,166.62,61,NA,NA,NA,1.64,A/G,17.5
female,Japanese,70 - 79,138.94,35,NA,NA,NA,1.52,A/A,21
male,Japanese,80 - 89,NA,47,NA,NA,NA,1.66,A/A,12.25
male,Japanese,60 - 69,172.21,72.5,NA,NA,NA,1.94,A/A,17.5
male,Japanese,60 - 69,162.56,63,NA,NA,NA,1.71,A/A,15.75
male,Japanese,60 - 69,164.59,64,NA,NA,NA,2.4,A/A,17.5
male,Japanese,70 - 79,NA,NA,NA,NA,NA,2.24,A/A,17.5
female,Japanese,70 - 79,148.08,55,NA,NA,NA,1.3,A/G,35
male,Japanese,60 - 69,162.05,55,NA,NA,NA,2.35,A/A,24.5
male,Japanese,70 - 79,151.89,64,NA,NA,NA,3.13,A/A,21
male,Japanese,40 - 49,NA,NA,NA,NA,NA,1.5,A/A,14
female,Japanese,60 - 69,157.99,56,NA,NA,NA,2.15,A/A,14
female,Japanese,70 - 79,153.67,53,NA,NA,NA,1.58,A/A,14
male,Japanese,40 - 49,165.1,58.8,NA,NA,NA,1.93,A/A,24.5
male,Japanese,50 - 59,166.88,59,NA,NA,NA,1.42,A/G,42
female,Japanese,70 - 79,154.43,50,NA,NA,NA,1.91,A/A,14
male,Japanese,70 - 79,163.58,67,NA,NA,NA,1.81,A/A,17.5
female,Japanese,80 - 89,154.94,54.1,NA,NA,NA,1.93,A/G,24.5
male,Japanese,70 - 79,164.08,68,NA,NA,NA,2.29,A/A,24.5
female,Japanese,70 - 79,140.97,40.4,NA,NA,NA,1.48,A/A,14
male,Japanese,50 - 59,165.86,52,NA,NA,NA,2.19,A/A,7
male,Japanese,70 - 79,171.96,63,NA,NA,NA,1.54,A/A,17.5
female,Japanese,80 - 89,142.49,52,NA,NA,NA,1.64,A/A,10.5
female,Japanese,70 - 79,147.57,47,NA,NA,NA,2.08,A/A,24.5
male,Japanese,70 - 79,147.07,61,NA,NA,NA,1.63,A/A,10.5
female,Japanese,70 - 79,146.05,50,NA,NA,NA,1.57,A/A,24.5
male,Japanese,70 - 79,170.94,83,NA,NA,NA,1.68,A/A,24.5
female,Japanese,70 - 79,138.68,36,NA,NA,NA,3.29,A/A,21
male,Japanese,70 - 79,159.77,57.5,NA,NA,NA,2.66,A/G,24.5
male,Japanese,60 - 69,165.1,75,NA,NA,NA,NA,A/A,17.5
male,Japanese,70 - 79,159,62,NA,NA,NA,2.01,A/A,17.5
male,Japanese,60 - 69,160.53,82,NA,NA,NA,1.29,A/A,21
female,Japanese,50 - 59,155.45,45.5,NA,NA,NA,2.69,A/A,21
male,Japanese,60 - 69,166.88,63,NA,NA,NA,1.88,A/A,21
male,Japanese,30 - 39,NA,NA,NA,NA,NA,2.02,A/G,42
male,Japanese,60 - 69,163.07,70,NA,NA,NA,1.44,A/A,21
female,Japanese,70 - 79,NA,NA,NA,NA,NA,1.58,A/A,10.5
male,Japanese,70 - 79,161.04,67,NA,NA,NA,2.7,A/A,7
male,Japanese,70 - 79,163.32,83,NA,NA,NA,2.08,A/A,14
male,Japanese,80 - 89,156.97,67,NA,NA,NA,1.69,A/A,21
male,Japanese,70 - 79,157.99,64,NA,NA,NA,1.83,A/A,21
female,Japanese,60 - 69,148.08,56,NA,NA,NA,1.8,A/A,12.25
male,Japanese,70 - 79,163.07,60,NA,NA,NA,3.21,A/A,28
male,Japanese,70 - 79,156.46,58,NA,NA,NA,2.82,A/A,17.5
female,Japanese,50 - 59,161.04,73.5,NA,NA,NA,1.9,A/A,24.5
male,Japanese,70 - 79,171.2,72,NA,NA,NA,2.29,A/A,21
male,Japanese,70 - 79,165.1,64,NA,NA,NA,1.58,A/A,17.5
female,Japanese,60 - 69,142.49,57.2,NA,NA,NA,1.33,A/A,21
female,Japanese,50 - 59,154.94,54,NA,NA,NA,1.57,A/A,14
male,Japanese,70 - 79,NA,NA,NA,NA,NA,1.57,A/A,14
male,Japanese,20 - 29,175.01,68,NA,NA,NA,1.29,A/A,21
female,Japanese,60 - 69,NA,NA,NA,NA,NA,2.66,A/A,24.5
male,Japanese,80 - 89,NA,NA,NA,NA,NA,2,A/A,17.5
male,Japanese,NA,168.91,72,NA,NA,NA,1.43,A/A,24.5
male,Japanese,NA,166.88,86,NA,NA,NA,1.57,A/G,38.5
male,Japanese,70 - 79,151.13,59,NA,NA,NA,2.08,A/A,24.5
male,Japanese,70 - 79,164.08,49,NA,NA,NA,2.06,A/A,17.5
male,Japanese,60 - 69,161.04,64,NA,NA,NA,2.09,A/A,17.5
female,Japanese,60 - 69,151.89,61.5,NA,NA,NA,2.39,A/A,14
female,Japanese,70 - 79,152.91,53,NA,NA,NA,1.37,A/A,42
male,Japanese,60 - 69,159.51,63.5,NA,NA,NA,1.61,A/A,10.5
female,Japanese,70 - 79,148.08,67,NA,NA,NA,1.48,A/A,14
female,Japanese,60 - 69,149.1,60,NA,NA,NA,1.98,A/A,17.5
male,Japanese,40 - 49,171.96,66,NA,NA,NA,1.54,A/A,21
female,Japanese,70 - 79,143.51,58,NA,NA,NA,1.68,A/A,14
female,Japanese,60 - 69,159,55,NA,NA,NA,1.75,A/A,24.5
female,Japanese,70 - 79,147.07,60.4,NA,NA,NA,1.07,A/A,3.5
male,Japanese,60 - 69,160.02,54,NA,NA,NA,2.22,A/A,14
female,Japanese,40 - 49,156.97,65,NA,NA,NA,1.32,A/A,14
female,Japanese,70 - 79,147.07,58,NA,NA,NA,1.71,A/A,17.5
male,Japanese,80 - 89,152.91,55,NA,NA,NA,1.73,A/A,7
male,Japanese,50 - 59,161.04,65,NA,NA,NA,2.45,A/G,7
male,Japanese,70 - 79,161.04,65,NA,NA,NA,2.11,A/A,17.5
female,Japanese,70 - 79,143.76,48.5,NA,NA,NA,1.55,A/A,14
female,Japanese,90+,150.11,65,NA,NA,NA,1.58,A/G,24.5
male,Japanese,70 - 79,166.12,73,NA,NA,NA,1.77,A/A,21
female,Japanese,60 - 69,151.89,43,NA,NA,NA,1.93,A/A,24.5
male,Japanese,50 - 59,172.97,79,NA,NA,NA,3.1,A/G,24.5
male,Japanese,60 - 69,154.94,70.5,NA,NA,NA,2.11,A/A,17.5
male,Japanese,80 - 89,165.1,70,NA,NA,NA,2.14,A/A,10.5
male,Japanese,70 - 79,152.91,51.5,NA,NA,NA,1.32,A/A,15.75
male,Japanese,60 - 69,168.91,52.5,NA,NA,NA,3.28,A/A,45.5
female,Japanese,60 - 69,150.62,57,NA,NA,NA,1.45,A/A,14
female,Japanese,60 - 69,165.61,60.4,NA,NA,NA,1.54,A/A,28
male,Japanese,60 - 69,166.12,75,NA,NA,NA,2.08,A/A,17.5
male,Japanese,50 - 59,167.89,61.5,NA,NA,NA,2.24,A/G,21
female,Japanese,80 - 89,159,50,NA,NA,NA,2.19,A/A,14
female,Japanese,80 - 89,149.1,40.5,NA,NA,NA,2.37,A/A,17.5
male,Japanese,60 - 69,155.96,65,NA,NA,NA,1.77,A/A,17.5
male,Japanese,60 - 69,160.02,53,NA,NA,NA,2.01,A/A,22.75
male,Japanese,80 - 89,165.1,72,NA,NA,NA,1.16,A/G,21
male,Japanese,70 - 79,163.07,80,NA,NA,NA,2.1,A/A,17.5
female,Japanese,60 - 69,141.99,43,NA,NA,NA,1.58,A/A,10.5
male,Japanese,50 - 59,180.09,78,NA,NA,NA,1.11,A/G,21
female,Japanese,60 - 69,152.65,45.3,NA,NA,NA,1.56,A/A,14
male,Japanese,70 - 79,NA,NA,NA,NA,NA,2.31,A/A,17.5
female,Japanese,80 - 89,148.08,51,NA,NA,NA,1.81,A/A,14
female,Japanese,70 - 79,145.03,65.8,NA,NA,NA,1.8,A/A,21
male,Japanese,50 - 59,175.01,68,NA,NA,NA,1.52,A/A,19.25
male,Japanese,50 - 59,164.08,56,NA,NA,NA,1.4,A/A,42
female,Japanese,60 - 69,160.02,51,NA,NA,NA,1.29,A/A,7
female,Japanese,40 - 49,160.02,55,NA,NA,NA,1.49,A/G,42
female,Japanese,70 - 79,157.99,59,NA,NA,NA,2.66,A/A,7
male,Japanese,70 - 79,160.02,49,NA,NA,NA,2.42,A/A,17.5
male,Japanese,50 - 59,181.1,80.5,NA,NA,NA,0.96,A/A,21
female,Japanese,NA,153.92,54,NA,NA,NA,1.36,A/A,21
female,Japanese,60 - 69,155.96,48,NA,NA,NA,1.98,A/G,42
female,Japanese,70 - 79,150.88,40.5,NA,NA,NA,1.04,A/A,10.5
male,Japanese,60 - 69,165.1,65,NA,NA,NA,1.81,A/A,14
male,Japanese,30 - 39,172.97,52,NA,NA,NA,2.19,A/A,14
male,Japanese,70 - 79,157.99,69,NA,NA,NA,2.02,A/G,17.5
female,Japanese,50 - 59,152.91,50,NA,NA,NA,2.08,A/A,22.75
male,Japanese,70 - 79,170.94,75,NA,NA,NA,1.32,A/A,21
male,Japanese,70 - 79,158.24,63,NA,NA,NA,1.13,A/A,21
male,Japanese,60 - 69,175.01,58,NA,NA,NA,1.36,A/A,10.5
female,Japanese,NA,152.91,53,NA,NA,NA,2.2,A/A,10.5
male,Japanese,60 - 69,166.88,62,NA,NA,NA,2.37,A/A,19.25
male,Japanese,30 - 39,166.12,82,NA,NA,NA,1.07,A/A,10.5
female,Japanese,70 - 79,152.91,61,NA,NA,NA,3.07,A/A,24.5
male,Japanese,60 - 69,172.97,58,NA,NA,NA,1.81,A/G,8.75
male,Japanese,50 - 59,166.88,60,NA,NA,NA,1,A/A,28
male,Japanese,70 - 79,154.94,53,NA,NA,NA,1.87,A/G,7
male,Japanese,70 - 79,168.91,59,NA,NA,NA,1.23,A/A,10.5
female,Japanese,60 - 69,160.02,59,NA,NA,NA,3.09,A/G,35
male,Japanese,60 - 69,163.07,57,NA,NA,NA,2.75,A/A,24.5
female,Japanese,50 - 59,NA,NA,NA,NA,NA,1.25,A/A,17.5
male,Japanese,60 - 69,NA,75.2,NA,NA,NA,2.43,A/A,10.5
female,Japanese,60 - 69,150.11,46,NA,NA,NA,2.95,A/A,24.5
male,Japanese,70 - 79,160.02,70,NA,NA,NA,2.86,A/A,21
female,Japanese,70 - 79,149.1,53,NA,NA,NA,1.4,A/A,14
male,Japanese,60 - 69,NA,NA,NA,NA,NA,1.04,A/A,21
female,Japanese,70 - 79,152.91,35,NA,NA,NA,2.54,A/G,17.5
female,Japanese,70 - 79,150.11,52.5,NA,NA,NA,2.71,A/A,35
female,Japanese,70 - 79,163.07,80,NA,NA,NA,1.24,A/G,28
male,Japanese,70 - 79,165.1,70,NA,NA,NA,1.95,A/A,17.5
male,Japanese,NA,165.1,55,NA,NA,NA,1.9,A/A,28
male,Japanese,40 - 49,167.89,95,NA,NA,NA,1.95,A/A,24.5
male,Japanese,50 - 59,169.42,67,NA,NA,NA,1.81,A/A,38.5
male,Japanese,70 - 79,161.04,62.5,NA,NA,NA,1.42,A/A,10.5
male,Japanese,60 - 69,156.97,58,NA,NA,NA,1.04,A/A,24.5
male,Japanese,70 - 79,162.05,69,NA,NA,NA,1.3,A/A,14
male,Japanese,60 - 69,172.97,55,NA,NA,NA,1.29,A/A,14
female,Japanese,70 - 79,150.11,46.8,NA,NA,NA,1.15,A/A,7
male,Japanese,50 - 59,159.51,63,NA,NA,NA,NA,A/A,31.5
female,Japanese,40 - 49,180.09,85,NA,NA,NA,2.37,A/A,9.62
male,Japanese,70 - 79,150.88,57,NA,NA,NA,1.81,A/G,10.5
male,Japanese,60 - 69,178.05,67,NA,NA,NA,2.1,A/A,28
female,Japanese,50 - 59,156.97,49.5,NA,NA,NA,1.4,A/A,17.5
female,Japanese,70 - 79,154.94,59,NA,NA,NA,1.37,A/A,14
male,Japanese,40 - 49,175.01,110,NA,NA,NA,1.3,G/G,21
male,Japanese,70 - 79,164.59,69,NA,NA,NA,1,A/G,14
male,Japanese,70 - 79,163.07,48,NA,NA,NA,1.39,A/A,10.5
male,Japanese,40 - 49,162.05,60,NA,NA,NA,1.31,A/A,17.5
female,Japanese,70 - 79,151.89,51,NA,NA,NA,NA,A/A,3.5
female,Japanese,50 - 59,154.43,52,NA,NA,NA,1.62,A/A,28
male,Japanese,50 - 59,173.48,68.5,NA,NA,NA,1.18,A/A,24.5
male,Japanese,70 - 79,164.08,64.5,NA,NA,NA,1.21,A/A,28
male,Japanese,80 - 89,162.05,72,NA,NA,NA,1.01,A/A,7
male,Japanese,50 - 59,166.12,63,NA,NA,NA,2.16,A/A,7
female,Japanese,NA,160.02,47,NA,NA,NA,1.75,A/A,21
NA,Japanese,70 - 79,165.1,64.3,NA,NA,NA,2.62,A/G,24.5
male,Japanese,50 - 59,162.05,64,NA,NA,NA,1.1,A/A,7
female,Japanese,80 - 89,145.03,40,NA,NA,NA,1.27,A/A,14
male,Japanese,70 - 79,166.88,59,NA,NA,NA,3.24,A/A,28
female,Japanese,60 - 69,146.05,50,NA,NA,NA,1.09,A/A,7
female,Japanese,50 - 59,150.88,50,NA,NA,NA,2.54,A/A,21
male,Japanese,60 - 69,169.93,65,NA,NA,NA,NA,A/G,35
male,Japanese,40 - 49,167.89,65,NA,NA,NA,1.95,A/G,28
male,Japanese,60 - 69,157.99,62,NA,NA,NA,1.5,A/A,10.5
male,Japanese,60 - 69,164.08,57,NA,NA,NA,1.89,A/A,17.5
female,Japanese,60 - 69,146.05,48,NA,NA,NA,1.65,A/G,21
male,Japanese,50 - 59,172.97,68,NA,NA,NA,2.54,A/G,17.5
female,Japanese,70 - 79,160.02,55,NA,NA,NA,2.04,A/G,7
male,Japanese,60 - 69,166.62,59,NA,NA,NA,2.05,A/A,14
male,Japanese,70 - 79,163.07,63,NA,NA,NA,2.05,A/A,21
male,Japanese,70 - 79,160.02,55,NA,NA,NA,3.08,A/A,14
male,Japanese,70 - 79,153.42,51.6,NA,NA,NA,2.1,A/A,14
male,Japanese,70 - 79,163.07,59,NA,NA,NA,1.87,A/A,21
female,Japanese,50 - 59,151.89,44,NA,NA,NA,2.11,A/A,14
female,Japanese,70 - 79,145.03,49,NA,NA,NA,1.85,A/A,14
female,Japanese,70 - 79,153.92,55,NA,NA,NA,1.32,A/G,21
female,Japanese,60 - 69,151.89,44,NA,NA,NA,1.82,A/G,28
male,Japanese,70 - 79,157.99,57.5,NA,NA,NA,2.77,A/A,17.5
male,Japanese,60 - 69,169.42,66,NA,NA,NA,2.57,A/A,17.5
male,Japanese,50 - 59,165.1,80,NA,NA,NA,2.04,A/A,24.5
male,Japanese,50 - 59,163.07,70,NA,NA,NA,1.97,A/A,17.5
male,Japanese,70 - 79,NA,NA,NA,NA,NA,1.84,A/A,21
male,Japanese,70 - 79,176.02,78,NA,NA,NA,2.04,A/A,8.75
male,Japanese,70 - 79,167.89,53.2,NA,NA,NA,1.34,A/A,21
male,Japanese,50 - 59,165.1,73,NA,NA,NA,1.44,A/A,21
male,Japanese,70 - 79,171.96,52,NA,NA,NA,NA,A/A,17.5
female,Japanese,50 - 59,146.05,51,NA,NA,NA,NA,A/G,38.5
male,Japanese,50 - 59,NA,NA,NA,NA,NA,NA,A/G,35
male,Japanese,60 - 69,170.94,58.5,NA,NA,NA,NA,A/A,28
male,Japanese,50 - 59,163.07,56,NA,NA,NA,NA,A/G,49
male,Japanese,50 - 59,164.08,64,NA,NA,NA,2.75,A/A,28
male,Japanese,50 - 59,NA,56.5,NA,NA,NA,NA,A/A,24.5
female,Japanese,60 - 69,160.02,56,NA,NA,NA,NA,A/A,21
female,Japanese,60 - 69,155.96,50,NA,NA,NA,2.1,A/A,21
male,Japanese,60 - 69,160.02,50,NA,NA,NA,NA,A/A,10.5
female,Japanese,70 - 79,157.99,55,NA,NA,NA,NA,A/A,14
male,Japanese,70 - 79,NA,NA,NA,NA,NA,NA,A/G,28
female,Japanese,70 - 79,149.1,50,NA,NA,NA,NA,A/G,21
male,Japanese,70 - 79,169.93,78,NA,NA,NA,NA,A/A,35
male,Japanese,70 - 79,156.97,58,NA,NA,NA,1.94,A/G,31.5
male,Japanese,60 - 69,NA,NA,NA,NA,NA,1.2,A/A,14
female,Japanese,70 - 79,154.94,60,NA,NA,NA,1.79,A/A,15.75
male,Japanese,70 - 79,152.91,40,NA,NA,NA,2.07,A/A,14
male,Japanese,70 - 79,NA,NA,NA,NA,NA,NA,A/A,21
female,Japanese,80 - 89,147.07,50,NA,NA,NA,1.7,A/A,21
male,Japanese,20 - 29,162.05,59,NA,NA,NA,1.97,A/A,10.5
male,Japanese,60 - 69,161.04,68,NA,NA,NA,2.88,A/A,35
male,Japanese,50 - 59,160.02,75,NA,NA,NA,1.25,A/A,7
male,Japanese,50 - 59,155.96,66,NA,NA,NA,1.09,A/A,21
male,Japanese,60 - 69,160.02,65.2,NA,NA,NA,NA,A/A,17.5
male,Japanese,70 - 79,154.94,54.6,NA,NA,NA,1.46,A/A,17.5
NA,Japanese,NA,159,68,NA,NA,NA,2.52,A/A,21
male,Japanese,50 - 59,166.88,65,NA,NA,NA,1.15,A/A,21
female,Japanese,50 - 59,NA,NA,NA,NA,NA,NA,A/G,56
male,Japanese,60 - 69,172.97,72,NA,NA,NA,NA,A/A,17.5
male,Japanese,70 - 79,160.02,57,NA,NA,NA,1.98,A/A,14
female,Japanese,NA,150.11,57,NA,NA,NA,NA,A/A,17.5
male,Japanese,70 - 79,169.93,80,NA,NA,NA,1.45,A/A,14
male,Japanese,50 - 59,171.96,69,NA,NA,NA,NA,A/A,21
female,Japanese,70 - 79,145.03,50,NA,NA,NA,1.19,A/A,10.5
female,Japanese,70 - 79,145.03,43,NA,NA,NA,1.16,A/A,10.5
male,Japanese,60 - 69,162.05,72,NA,NA,NA,2.21,A/A,17.5
female,Japanese,50 - 59,152.4,102,NA,NA,NA,2.4,A/A,28
female,Japanese,80 - 89,NA,NA,NA,NA,NA,1.74,A/A,7
male,Japanese,NA,NA,NA,NA,NA,NA,2.16,A/A,14
male,Japanese,60 - 69,167.39,78,NA,NA,NA,2.29,A/A,24.5
male,Japanese,60 - 69,175.01,65,NA,NA,NA,1.3,A/A,21
male,Japanese,50 - 59,179.07,82,NA,NA,NA,1.93,A/A,14
male,Japanese,50 - 59,165.1,65,NA,NA,NA,2.23,A/A,8.75
male,Japanese,43739,182.88,105,NA,NA,NA,NA,A/A,33.25
male,Japanese,70 - 79,165.1,56,NA,NA,NA,1.24,A/A,17.5
male,Japanese,60 - 69,162.05,61.1,NA,NA,NA,2.21,A/A,7
male,Japanese,30 - 39,169.93,65,NA,NA,NA,4.19,A/A,35
male,Japanese,60 - 69,157.99,60,NA,NA,NA,1.53,A/G,17.5
male,Japanese,NA,NA,NA,NA,NA,NA,2.51,A/G,56
female,Japanese,50 - 59,157.99,47,NA,NA,NA,2.2,A/A,14
female,Japanese,70 - 79,154.94,50,NA,NA,NA,1.46,A/A,17.5
male,Japanese,60 - 69,167.89,65,NA,NA,NA,2.21,A/A,28
male,Japanese,70 - 79,166.88,59,NA,NA,NA,1.53,A/G,7
male,Japanese,80 - 89,147.07,48,NA,NA,NA,2.6,A/A,14
male,Japanese,70 - 79,152.91,50,NA,NA,NA,2.25,A/A,17.5
female,Japanese,60 - 69,157.99,80,NA,NA,NA,1.7,A/A,17.5
male,Japanese,70 - 79,165.35,56,NA,NA,NA,2.16,A/G,28
female,Japanese,60 - 69,NA,41.4,NA,NA,NA,NA,A/A,21
male,Japanese,70 - 79,155.96,62,NA,NA,NA,NA,A/A,10.5
male,Japanese,50 - 59,167.89,59,NA,NA,NA,1.68,A/G,38.5
male,Japanese,80 - 89,167.89,NA,NA,NA,NA,1.24,A/A,17.5
male,Japanese,60 - 69,169.93,73,NA,NA,NA,2.12,A/A,24.5
female,Japanese,70 - 79,150.11,50,NA,NA,NA,NA,A/A,10.5
female,Japanese,NA,154.43,47,NA,NA,NA,NA,A/A,24.5
male,Japanese,60 - 69,157.73,40.3,NA,NA,NA,3.91,A/A,10.5
male,Japanese,50 - 59,163.07,78,NA,NA,NA,1.37,A/A,21
male,Japanese,60 - 69,152.91,56,NA,NA,NA,2.33,A/A,14
female,Japanese,70 - 79,146.05,45,NA,NA,NA,1.51,A/A,21
male,Japanese,60 - 69,154.94,55,NA,NA,NA,1.13,A/A,7
female,Japanese,80 - 89,150.11,38,NA,NA,NA,1.19,A/G,14
male,Japanese,70 - 79,172.97,77,NA,NA,NA,1.48,A/A,14
male,Japanese,50 - 59,161.04,62,NA,NA,NA,1.95,A/A,21
male,Japanese,40 - 49,165.1,95,NA,NA,NA,NA,A/A,24.5
female,Japanese,60 - 69,146.05,64,NA,NA,NA,1.9,A/A,14
male,Japanese,80 - 89,163.07,59.5,NA,NA,NA,1.88,A/A,10.5
female,Japanese,60 - 69,149.1,41,NA,NA,NA,NA,A/A,17.5
male,Japanese,50 - 59,159,59,NA,NA,NA,1.51,G/G,21
male,Japanese,60 - 69,166.12,66,NA,NA,NA,2.14,A/G,28
NA,Japanese,NA,189.99,64.5,NA,NA,NA,3.19,A/A,7
male,Japanese,50 - 59,166.88,60,NA,NA,NA,1.57,A/A,26.25
male,Japanese,60 - 69,166.88,70,NA,NA,NA,1.49,A/A,21
female,Japanese,60 - 69,NA,NA,NA,NA,NA,2.25,A/A,14
male,Japanese,50 - 59,166.88,68,NA,NA,NA,1.76,A/A,17.5
male,Japanese,70 - 79,165.1,55,NA,NA,NA,3.06,A/A,7
male,Japanese,60 - 69,170.94,71,NA,NA,NA,1.95,A/G,10.5
female,Japanese,60 - 69,146.05,44,NA,NA,NA,1.8,A/G,21
male,Japanese,70 - 79,161.04,60,NA,NA,NA,1.6,A/A,10.5
female,Japanese,60 - 69,164.08,53,NA,NA,NA,2.31,A/A,14.88
male,Japanese,70 - 79,160.53,60,NA,NA,NA,NA,A/A,17.5
male,Japanese,60 - 69,161.04,70,NA,NA,NA,1.58,A/A,28
male,Japanese,60 - 69,171.96,68,NA,NA,NA,0.97,A/G,7
male,Japanese,70 - 79,167.89,68.3,NA,NA,NA,1.73,A/A,24.5
female,Japanese,70 - 79,147.07,53,NA,NA,NA,1.68,A/A,24.5
female,Japanese,70 - 79,151.89,57,NA,NA,NA,1.91,A/A,24.5
female,Japanese,50 - 59,159.51,59.5,NA,NA,NA,1.48,A/A,21
female,Japanese,70 - 79,152.91,50,NA,NA,NA,1.75,A/G,26.25
male,Japanese,70 - 79,161.54,56,NA,NA,NA,2.16,A/A,10.5
female,Japanese,70 - 79,146.56,55,NA,NA,NA,2.55,A/A,17.5
male,Japanese,60 - 69,165.1,70.3,NA,NA,NA,2.28,A/A,21
male,Japanese,70 - 79,174.5,62,NA,NA,NA,2.21,A/A,14
male,Japanese,70 - 79,171.96,75,NA,NA,NA,2.66,A/A,17.5
male,Japanese,60 - 69,180.09,73,NA,NA,NA,1.13,A/A,7
male,Japanese,50 - 59,173.99,84,NA,NA,NA,1.2,A/G,42
male,Japanese,70 - 79,171.96,65,NA,NA,NA,1.48,A/A,14
male,Japanese,50 - 59,168.91,58,NA,NA,NA,1.55,A/A,28
male,Japanese,30 - 39,172.97,68,NA,NA,NA,1.53,A/A,21
female,Japanese,60 - 69,NA,NA,NA,NA,NA,1.38,A/A,14
male,Japanese,70 - 79,166.12,74.5,NA,NA,NA,NA,A/A,24.5
female,Japanese,70 - 79,151.89,54,NA,NA,NA,NA,A/A,21
male,Japanese,60 - 69,160.02,48,NA,NA,NA,1.23,A/A,28
male,Japanese,50 - 59,168.91,80,NA,NA,NA,NA,A/A,24.5
male,Japanese,60 - 69,159,60,NA,NA,NA,NA,A/A,17.5
male,Japanese,50 - 59,166.12,61,NA,NA,NA,NA,A/A,24.5
female,Japanese,60 - 69,150.11,68,NA,NA,NA,1.41,A/A,21
female,Japanese,60 - 69,148.59,68.4,NA,NA,NA,1.48,A/A,7
male,Japanese,30 - 39,NA,56.4,NA,NA,NA,NA,A/A,31.5
female,Japanese,70 - 79,141.99,44,NA,NA,NA,NA,A/A,14
male,Japanese,50 - 59,163.58,62,NA,NA,NA,NA,A/A,17.5
male,Japanese,70 - 79,146.05,45,NA,NA,NA,NA,A/G,24.5
male,Japanese,60 - 69,164.08,59,NA,NA,NA,1.34,A/G,31.5
male,Japanese,60 - 69,164.08,62,NA,NA,NA,2,A/G,56
female,Japanese,70 - 79,150.88,37.5,NA,NA,NA,2.73,A/A,7
male,Japanese,70 - 79,160.02,60,NA,NA,NA,1.8,A/A,14
female,Japanese,70 - 79,150.11,45,NA,NA,NA,1.6,A/A,19.25
male,Japanese,70 - 79,150.11,53,NA,NA,NA,2.4,A/A,21
male,Japanese,60 - 69,159,58.5,NA,NA,NA,1.44,A/A,24.5
male,Japanese,70 - 79,159,67.3,NA,NA,NA,1.3,A/G,21
female,Japanese,50 - 59,159,53.8,NA,NA,NA,2.4,A/A,8.75
female,Japanese,70 - 79,149.1,54,NA,NA,NA,1.82,A/A,21
male,Japanese,70 - 79,165.1,70,NA,NA,NA,1.26,A/G,7
female,Japanese,70 - 79,NA,63,NA,NA,NA,NA,A/A,21
female,Japanese,70 - 79,150.11,48,NA,NA,NA,NA,A/G,49
male,Japanese,60 - 69,164.59,69.3,NA,NA,NA,NA,A/A,17.5
female,Japanese,50 - 59,155.96,42,NA,NA,NA,NA,A/A,31.5
male,Japanese,80 - 89,160.02,57,NA,NA,NA,2.14,A/A,17.5
female,Japanese,60 - 69,153.92,79,NA,NA,NA,1.79,A/A,21
male,Japanese,80 - 89,NA,NA,NA,NA,NA,2.33,A/G,21
female,Japanese,50 - 59,157.99,52,NA,NA,NA,1.6,A/A,24.5
female,Japanese,50 - 59,150.11,45,NA,NA,NA,NA,A/A,21
male,Japanese,70 - 79,168.91,62,NA,NA,NA,2.66,A/A,17.5
female,Japanese,80 - 89,143,50,NA,NA,NA,1.46,A/A,10.5
male,Japanese,60 - 69,168.91,67,NA,NA,NA,1.82,A/G,49
male,Japanese,60 - 69,167.89,63,NA,NA,NA,2.13,A/A,14
female,Japanese,50 - 59,NA,NA,NA,NA,NA,NA,A/A,14
male,Japanese,50 - 59,NA,NA,NA,NA,NA,1.46,A/A,35
male,Japanese,70 - 79,170.94,76,NA,NA,NA,NA,A/A,21
male,Japanese,70 - 79,NA,NA,NA,NA,NA,1.34,A/A,21
male,Japanese,60 - 69,NA,NA,NA,NA,NA,1.44,A/A,21
male,Japanese,70 - 79,165.1,66,NA,NA,NA,NA,A/A,7
female,Japanese,60 - 69,151.89,51.4,NA,NA,NA,NA,A/G,35
male,Japanese,60 - 69,159,68,NA,NA,NA,1.81,A/A,14
male,Japanese,50 - 59,159,70,NA,NA,NA,1.39,A/G,42
male,Japanese,50 - 59,171.96,60.2,NA,NA,NA,1.27,A/A,14
male,Japanese,70 - 79,160.02,55,NA,NA,NA,NA,A/A,14
female,Japanese,60 - 69,150.11,43,NA,NA,NA,1.7,A/A,17.5
male,Japanese,40 - 49,166.12,72,NA,NA,NA,1.57,A/G,35
male,Japanese,70 - 79,162.05,56,NA,NA,NA,1.18,A/A,14
male,Japanese,70 - 79,172.97,75.5,NA,NA,NA,1.47,A/A,31.5
male,Japanese,60 - 69,166.88,56,NA,NA,NA,2.1,A/A,10.5
male,Japanese,60 - 69,177.04,80,NA,NA,NA,1.7,A/A,21
male,Japanese,40 - 49,169.93,60,NA,NA,NA,1.97,A/A,28
male,Japanese,40 - 49,171.96,57,NA,NA,NA,2.39,A/A,17.5
male,Japanese,60 - 69,NA,NA,NA,NA,NA,3.1,A/A,17.5
female,Japanese,70 - 79,139.95,45,NA,NA,NA,1.99,A/A,7
female,Japanese,80 - 89,148.08,47,NA,NA,NA,1.92,A/A,14
male,Japanese,60 - 69,164.08,60,NA,NA,NA,1.7,A/A,17.5
male,Japanese,70 - 79,160.02,66.8,NA,NA,NA,1.09,A/A,7
male,Japanese,50 - 59,161.04,55,NA,NA,NA,1.63,A/A,17.5
male,Japanese,NA,169.93,74,NA,NA,NA,1.5,A/G,17.5
male,Japanese,70 - 79,164.59,68.4,NA,NA,NA,1.6,A/A,14
male,Japanese,70 - 79,166.88,56,NA,NA,NA,NA,A/A,21
female,Japanese,60 - 69,NA,NA,NA,NA,NA,0.96,A/G,14
female,Japanese,60 - 69,155.96,61.6,NA,NA,NA,1.7,A/A,14
female,Japanese,50 - 59,156.97,53,NA,NA,NA,1.53,A/G,8.75
male,Japanese,70 - 79,172.97,73,NA,NA,NA,1.19,A/G,21
male,Japanese,70 - 79,171.45,69.8,NA,NA,NA,2.43,A/A,21
female,Japanese,70 - 79,148.08,45,NA,NA,NA,NA,A/A,17.5
male,Japanese,50 - 59,172.97,74,NA,NA,NA,NA,A/A,10.5
male,Japanese,50 - 59,169.93,90,NA,NA,NA,2.21,A/A,21
male,Japanese,70 - 79,166.88,57,NA,NA,NA,1.77,A/A,21
male,Japanese,70 - 79,165.1,67,NA,NA,NA,1.52,A/A,17.5
male,Japanese,60 - 69,NA,NA,NA,NA,NA,1.45,A/A,17.5
male,Japanese,50 - 59,169.93,78,NA,NA,NA,1.35,A/G,7
female,Japanese,70 - 79,NA,NA,NA,NA,NA,NA,A/A,14
male,Japanese,NA,161.04,66,NA,NA,NA,NA,A/A,21
male,Japanese,50 - 59,168.91,120,NA,NA,NA,1.82,A/A,21
female,Japanese,70 - 79,124.97,39,NA,NA,NA,1.49,A/A,7
male,Japanese,60 - 69,167.89,60,NA,NA,NA,2.09,A/A,14
male,Japanese,60 - 69,155.96,45,NA,NA,NA,1.52,A/A,10.5
female,Japanese,70 - 79,150.11,40,NA,NA,NA,2.11,A/A,21
male,Japanese,NA,156.97,49,NA,NA,NA,2.12,A/A,28
female,Japanese,60 - 69,152.91,55,NA,NA,NA,1.57,A/A,10.5
male,Japanese,50 - 59,167.89,74,NA,NA,NA,NA,A/A,21
male,Japanese,50 - 59,160.02,64,NA,NA,NA,1.76,A/A,14
female,Japanese,60 - 69,145.29,42.8,NA,NA,NA,2.03,A/A,28
male,Japanese,50 - 59,NA,NA,NA,NA,NA,2.06,A/A,14
female,Japanese,60 - 69,149.61,48.5,NA,NA,NA,2.09,A/A,21
male,Japanese,60 - 69,165.1,71.5,NA,NA,NA,2.27,A/A,28
female,Japanese,70 - 79,150.11,47,NA,NA,NA,1.51,A/A,21
male,Japanese,50 - 59,175.01,62,NA,NA,NA,1.45,A/A,24.5
female,Japanese,70 - 79,150.11,54,NA,NA,NA,NA,A/A,14
male,Japanese,70 - 79,156.97,50,NA,NA,NA,2.38,A/A,28
female,Japanese,60 - 69,NA,NA,NA,NA,NA,1.93,A/A,10.5
male,Japanese,60 - 69,NA,NA,NA,NA,NA,NA,A/A,10.5
female,Japanese,NA,154.94,59.3,NA,NA,NA,2.12,A/A,21
male,Japanese,60 - 69,NA,NA,NA,NA,NA,NA,A/A,7
female,Japanese,70 - 79,151.89,NA,NA,NA,NA,1.78,A/A,17.5
male,Japanese,60 - 69,164.08,62,NA,NA,NA,1.31,A/A,7
male,Japanese,70 - 79,157.99,72,NA,NA,NA,NA,A/A,7
female,Japanese,70 - 79,151.89,47.2,NA,NA,NA,1.37,A/A,7
male,Japanese,40 - 49,160.02,49,NA,NA,NA,NA,A/A,21
male,Japanese,50 - 59,164.59,67.2,NA,NA,NA,NA,A/A,17.5
female,Japanese,60 - 69,149.1,42,NA,NA,NA,NA,A/A,35
female,Japanese,80 - 89,NA,NA,NA,NA,NA,NA,A/A,14
female,Japanese,60 - 69,150.11,56,NA,NA,NA,NA,A/A,17.5
male,Japanese,40 - 49,187.96,95,NA,NA,NA,1.59,A/A,35
male,Japanese,60 - 69,169.93,84,NA,NA,NA,1.44,A/A,28
male,Japanese,40 - 49,170.94,79,NA,NA,NA,NA,A/A,24.5
female,Japanese,70 - 79,149.1,52,NA,NA,NA,NA,A/A,21
male,Japanese,70 - 79,167.89,67,NA,NA,NA,NA,A/A,21
male,Japanese,40 - 49,159,70,NA,NA,NA,1.86,A/G,31.5
female,Japanese,60 - 69,150.11,50,NA,NA,NA,2.15,A/A,24.5
male,Japanese,60 - 69,165.1,52,NA,NA,NA,NA,A/A,14
female,Japanese,70 - 79,160.02,63,NA,NA,NA,NA,A/G,24.5
male,Japanese,60 - 69,165.1,56,NA,NA,NA,2.15,A/A,7
male,Japanese,20 - 29,152.91,51,NA,NA,NA,NA,A/A,56
male,Japanese,70 - 79,162.05,59.5,NA,NA,NA,1.66,A/A,7
male,Japanese,60 - 69,167.89,64,NA,NA,NA,2.54,A/A,17.5
female,Japanese,80 - 89,149.1,44,NA,NA,NA,1.4,A/A,10.5
male,Japanese,70 - 79,160.02,62,NA,NA,NA,1.61,A/G,21
male,Japanese,80 - 89,172.97,76,NA,NA,NA,1.99,A/A,14
male,Japanese,60 - 69,NA,67,NA,NA,NA,2.4,A/A,21
male,Japanese,80 - 89,167.89,65,NA,NA,NA,1.37,A/A,14
female,Japanese,60 - 69,153.92,74,NA,NA,NA,1.88,A/A,7
male,Japanese,60 - 69,166.12,72,NA,NA,NA,2.62,A/A,28
female,Japanese,60 - 69,150.88,50,NA,NA,NA,NA,A/A,24.5
male,Japanese,60 - 69,175.01,84,NA,NA,NA,1.29,G/G,35
female,Japanese,80 - 89,NA,46,NA,NA,NA,1.03,A/A,7
male,Japanese,70 - 79,165.1,53,NA,NA,NA,NA,A/A,3.5
male,Japanese,60 - 69,166.88,75,NA,NA,NA,NA,A/G,35
female,Japanese,80 - 89,148.08,47,NA,NA,NA,NA,A/A,14
female,Japanese,70 - 79,152.91,53,NA,NA,NA,NA,A/A,24.5
male,Japanese,40 - 49,175.01,73,NA,NA,NA,2.01,A/A,17.5
male,Japanese,50 - 59,171.96,86,NA,NA,NA,1.5,A/A,21
male,Japanese,50 - 59,162.05,68,NA,NA,NA,2,A/A,17.5
female,Japanese,60 - 69,154.94,50,NA,NA,NA,1.89,A/A,28
male,Japanese,60 - 69,166.88,52,NA,NA,NA,1.76,A/A,28
male,Japanese,60 - 69,163.07,64,NA,NA,NA,2.2,A/A,17.5
male,Japanese,70 - 79,NA,NA,NA,NA,NA,1.39,A/A,21
male,Japanese,70 - 79,NA,NA,NA,NA,NA,1.46,A/A,14
female,Japanese,60 - 69,148.08,52,NA,NA,NA,1.16,A/G,10.5
male,Japanese,50 - 59,166.88,67,NA,NA,NA,1.3,A/A,24.5
male,Japanese,60 - 69,165.1,70,NA,NA,NA,NA,A/A,21
female,Japanese,60 - 69,145.03,35,NA,NA,NA,1.47,A/A,10.5
male,Japanese,50 - 59,176.02,68,NA,NA,NA,1.03,A/A,7
male,Japanese,70 - 79,170.94,71,NA,NA,NA,2.52,A/G,10.5
male,Japanese,60 - 69,164.08,75,NA,NA,NA,1.35,A/A,14
female,Japanese,70 - 79,NA,47.2,NA,NA,NA,1.84,A/G,31.5
female,Japanese,60 - 69,154.94,63,NA,NA,NA,NA,A/A,17.5
female,Japanese,50 - 59,162.05,59,NA,NA,NA,NA,A/A,10.5
male,Japanese,70 - 79,163.07,82,NA,NA,NA,1.35,A/G,21
male,Japanese,70 - 79,164.34,64,NA,NA,NA,1.84,A/A,12.25
male,Japanese,70 - 79,171.96,74,NA,NA,NA,1.83,A/G,28
male,Japanese,50 - 59,178.05,97,NA,NA,NA,1.63,A/G,17.5
male,Japanese,80 - 89,161.04,58,NA,NA,NA,1.33,A/G,14
male,Japanese,80 - 89,156.97,56,NA,NA,NA,2.09,A/A,10.5
female,Japanese,60 - 69,157.99,43,NA,NA,NA,1.53,A/A,7
female,Japanese,60 - 69,150.88,60,NA,NA,NA,1.74,A/G,17.5
female,Japanese,80 - 89,147.07,48,NA,NA,NA,1.71,G/G,35
male,Japanese,60 - 69,169.93,69,NA,NA,NA,NA,A/A,17.5
female,Japanese,40 - 49,164.08,64,NA,NA,NA,2.12,A/A,7
male,Japanese,30 - 39,171.96,57,NA,NA,NA,1.63,G/G,56
male,Japanese,70 - 79,160.02,40,NA,NA,NA,1.99,A/A,10.5
female,Japanese,70 - 79,153.92,51,NA,NA,NA,1.96,A/A,24.5
female,Japanese,50 - 59,165.1,65,NA,NA,NA,1.1,A/G,35
male,Japanese,40 - 49,176.02,92,NA,NA,NA,1.24,A/G,14
male,Japanese,60 - 69,167.89,68,NA,NA,NA,1.11,A/G,21
male,Japanese,40 - 49,177.04,68,NA,NA,NA,0.95,A/A,42
male,Japanese,70 - 79,163.07,55,NA,NA,NA,2.23,A/A,28
female,Japanese,80 - 89,153.92,53,NA,NA,NA,1.88,A/A,24.5
male,Japanese,60 - 69,153.92,65.5,NA,NA,NA,2.09,A/A,17.5
female,Japanese,NA,NA,56.5,NA,NA,NA,2,A/A,10.5
male,Japanese,70 - 79,150.88,51,NA,NA,NA,1.37,A/A,19.25
female,Japanese,NA,146.05,54.1,NA,NA,NA,1.5,A/A,14
female,Japanese,60 - 69,150.11,49,NA,NA,NA,1.27,A/A,17.5
male,Japanese,70 - 79,160.02,58,NA,NA,NA,NA,A/A,7
female,Japanese,50 - 59,150.88,41,NA,NA,NA,1.63,A/A,14
male,Japanese,50 - 59,NA,72,NA,NA,NA,NA,A/A,7
female,Japanese,60 - 69,150.11,53.6,NA,NA,NA,2.01,A/A,19.25
female,Japanese,70 - 79,150.37,47,NA,NA,NA,2.23,A/A,17.5
male,Japanese,50 - 59,166.12,70,NA,NA,NA,NA,A/A,19.25
male,Japanese,60 - 69,167.89,72,NA,NA,NA,NA,A/A,21
male,Japanese,70 - 79,167.89,65.5,NA,NA,NA,NA,A/A,10.5
male,Japanese,50 - 59,172.97,76,NA,NA,NA,1.38,A/A,21
male,Japanese,60 - 69,156.97,65,NA,NA,NA,1.35,A/A,10.5
male,Japanese,70 - 79,163.07,63,NA,NA,NA,1.17,A/A,7
male,Japanese,70 - 79,156.97,46,NA,NA,NA,NA,A/A,7
male,Japanese,70 - 79,157.99,63,NA,NA,NA,NA,A/A,14
male,Japanese,50 - 59,182.12,57,NA,NA,NA,NA,A/A,17.5
male,Japanese,60 - 69,NA,NA,NA,NA,NA,NA,A/A,7
female,Japanese,80 - 89,NA,67,NA,NA,NA,NA,A/A,14
male,Japanese,80 - 89,166.62,66,NA,NA,NA,NA,A/A,21
female,Japanese,60 - 69,NA,NA,NA,NA,NA,NA,A/G,42
male,Japanese,50 - 59,165.1,56,NA,NA,NA,1.81,A/A,17.5
male,Japanese,60 - 69,172.97,67,NA,NA,NA,NA,A/A,14
female,Japanese,NA,143,56,NA,NA,NA,1.43,A/A,14
male,Japanese,70 - 79,154.94,61,NA,NA,NA,1.08,A/A,7
female,Japanese,50 - 59,150.11,62,NA,NA,NA,1.94,A/A,14
male,Japanese,NA,169.93,110,NA,NA,NA,1.97,A/A,21
male,Japanese,70 - 79,166.12,69.6,NA,NA,NA,2.46,A/A,14
female,Japanese,70 - 79,145.03,62,NA,NA,NA,NA,A/A,21
male,Japanese,70 - 79,160.02,50,NA,NA,NA,2.87,A/A,8.75
male,Japanese,NA,166.88,68,NA,NA,NA,1.52,A/G,10.5
male,Japanese,50 - 59,169.93,58,NA,NA,NA,1.55,A/A,28
male,Japanese,50 - 59,173.99,80,NA,NA,NA,NA,A/G,10.5
male,Japanese,50 - 59,167.39,73.8,NA,NA,NA,2.24,A/A,14
female,Japanese,60 - 69,158.5,46.9,NA,NA,NA,1.77,A/A,10.5
male,Japanese,50 - 59,168.4,78,NA,NA,NA,1.48,A/G,21
male,Japanese,70 - 79,156.97,64,NA,NA,NA,1.61,A/A,17.5
female,Japanese,70 - 79,161.04,62,NA,NA,NA,1.75,A/G,35
male,Japanese,50 - 59,161.04,55,NA,NA,NA,1.7,A/A,21
male,Japanese,50 - 59,168.91,78,NA,NA,NA,1.76,A/A,14
male,Japanese,50 - 59,168.91,69,NA,NA,NA,2.33,A/G,7
female,Japanese,20 - 29,165.1,56,NA,NA,NA,1.65,A/A,7
male,Japanese,60 - 69,169.93,70,NA,NA,NA,1.44,A/A,21
male,Japanese,80 - 89,162.05,63,NA,NA,NA,1.59,A/A,17.5
female,Japanese,60 - 69,157.99,60,NA,NA,NA,2.99,A/A,9.62
male,Japanese,60 - 69,160.02,75.4,NA,NA,NA,2.3,A/G,31.5
female,Japanese,20 - 29,155.96,47.5,NA,NA,NA,1.2,A/A,17.5
female,Japanese,80 - 89,145.03,42,NA,NA,NA,2.48,A/A,14
male,Japanese,60 - 69,165.1,55,NA,NA,NA,1.99,A/A,14
male,Japanese,60 - 69,165.1,68,NA,NA,NA,1.48,A/A,17.5
male,Japanese,60 - 69,169.93,66,NA,NA,NA,1.7,A/A,28
male,Japanese,70 - 79,154.94,49,NA,NA,NA,1.59,A/A,7
male,Japanese,70 - 79,161.54,59,NA,NA,NA,NA,A/A,28
female,Japanese,80 - 89,151.89,67.8,NA,NA,NA,NA,A/G,24.5
male,Japanese,60 - 69,161.04,70,NA,NA,NA,NA,A/G,7
male,Japanese,60 - 69,165.1,54,NA,NA,NA,1.13,A/A,7
male,Japanese,60 - 69,162.05,57,NA,NA,NA,2.43,A/G,7
male,Japanese,50 - 59,159,55,NA,NA,NA,1.67,A/A,8.75
female,Japanese,80 - 89,145.03,47,NA,NA,NA,NA,A/A,14
male,Japanese,50 - 59,175.01,78,NA,NA,NA,2.14,A/A,17.5
female,Japanese,60 - 69,156.97,64,NA,NA,NA,NA,A/A,24.5
female,Japanese,60 - 69,150.88,62,NA,NA,NA,2.01,A/A,8.75
male,Japanese,60 - 69,168.91,73,NA,NA,NA,1.26,A/A,17.5
female,Japanese,20 - 29,171.96,49,NA,NA,NA,NA,A/A,24.5
male,Japanese,50 - 59,151.89,53,NA,NA,NA,1.4,A/G,28
male,Japanese,60 - 69,160.02,64,NA,NA,NA,1.22,A/A,17.5
female,Japanese,80 - 89,150.11,30,NA,NA,NA,1.15,A/A,7
male,Japanese,50 - 59,168.91,81,NA,NA,NA,NA,A/A,28
male,Japanese,60 - 69,166.62,61,NA,NA,NA,NA,A/A,31.5
male,Japanese,NA,166.12,74.5,NA,NA,NA,NA,A/A,21
female,Japanese,50 - 59,156.46,70,NA,NA,NA,NA,A/A,28
male,Japanese,60 - 69,166.88,53,NA,NA,NA,1.93,A/A,10.5
male,Japanese,40 - 49,180.09,74,NA,NA,NA,1.91,A/A,28
male,Japanese,80 - 89,163.32,76,NA,NA,NA,NA,A/A,31.5
female,Japanese,70 - 79,146.05,47.5,NA,NA,NA,1.61,A/A,17.5
male,Japanese,70 - 79,178.56,66.5,NA,NA,NA,3.16,A/A,21
female,Japanese,50 - 59,153.92,50,NA,NA,NA,1.29,A/A,28
male,Japanese,60 - 69,162.05,60,NA,NA,NA,1.44,A/A,14
male,Japanese,70 - 79,162.05,63,NA,NA,NA,2.33,A/A,17.5
male,Japanese,70 - 79,159,54,NA,NA,NA,1.63,A/G,24.5
male,Japanese,NA,164.08,54,NA,NA,NA,1.56,A/A,21
male,Japanese,50 - 59,165.1,74,NA,NA,NA,NA,A/A,7
male,Japanese,80 - 89,160.02,48,NA,NA,NA,2.05,A/A,7
male,Japanese,60 - 69,160.02,55,NA,NA,NA,NA,A/A,7
female,Japanese,70 - 79,150.88,51,NA,NA,NA,2.87,A/A,40.25
male,Japanese,70 - 79,NA,NA,NA,NA,NA,1.58,A/A,21
female,Japanese,60 - 69,NA,NA,NA,NA,NA,NA,A/A,28
male,Japanese,70 - 79,169.93,63,NA,NA,NA,1.6,A/A,10.5
male,Japanese,70 - 79,172.97,73,NA,NA,NA,1.37,A/A,7
male,Japanese,60 - 69,169.93,57,NA,NA,NA,1.34,A/A,17.5
male,Japanese,60 - 69,168.4,57.3,NA,NA,NA,2.59,A/A,14
male,Japanese,70 - 79,162.05,64,NA,NA,NA,2.8,A/A,70
male,Japanese,60 - 69,172.97,72,NA,NA,NA,1.08,A/G,17.5
female,Japanese,80 - 89,148.08,60.5,NA,NA,NA,1,A/A,7
male,Japanese,70 - 79,165.1,63,NA,NA,NA,NA,A/A,28
female,Japanese,70 - 79,150.11,58,NA,NA,NA,2.56,A/A,28
male,Japanese,60 - 69,164.08,59,NA,NA,NA,2.03,A/A,24.5
female,Japanese,NA,NA,NA,NA,NA,NA,2.13,A/A,21
female,Japanese,70 - 79,147.07,50,NA,NA,NA,2.56,A/A,14
female,Japanese,60 - 69,153.92,60,NA,NA,NA,1.37,A/A,14
female,Japanese,60 - 69,140.46,47.9,NA,NA,NA,2.44,A/A,36.75
male,Japanese,60 - 69,180.09,70.6,NA,NA,NA,1.98,A/A,28
female,Japanese,50 - 59,162.05,54,NA,NA,NA,2.06,A/A,17.5
male,Japanese,30 - 39,173.99,65,NA,NA,NA,3.32,A/A,22.75
male,Japanese,60 - 69,162.05,74,NA,NA,NA,2.04,A/A,24.5
female,Japanese,70 - 79,160.02,60,NA,NA,NA,1.55,A/A,35
female,Japanese,50 - 59,152.91,52,NA,NA,NA,1.43,A/A,17.5
female,Japanese,70 - 79,148.08,52,NA,NA,NA,2.09,A/A,28
female,Japanese,60 - 69,157.99,41.5,NA,NA,NA,1.29,A/A,24.5
male,Japanese,60 - 69,166.88,59,NA,NA,NA,1.27,A/A,17.5
male,Japanese,70 - 79,171.96,67,NA,NA,NA,1.79,A/A,17.5
male,Japanese,60 - 69,169.93,58.8,NA,NA,NA,1.03,A/A,14
male,Japanese,70 - 79,160.02,65.5,NA,NA,NA,0.85,A/A,7
male,Japanese,80 - 89,151.89,57.5,NA,NA,NA,0.92,A/A,10.5
male,Japanese,70 - 79,160.02,74,NA,NA,NA,0.95,A/A,14
female,Japanese,70 - 79,140.97,44,NA,NA,NA,1.28,A/A,14
male,Japanese,50 - 59,176.78,88.2,NA,NA,NA,1.66,A/A,21
male,Japanese,60 - 69,162.05,71,NA,NA,NA,2.1,A/A,31.5
male,Japanese,60 - 69,154.94,62,NA,NA,NA,NA,A/A,14
male,Japanese,80 - 89,160.02,47,NA,NA,NA,NA,A/A,3.5
male,Japanese,NA,172.97,57.5,NA,NA,NA,2.69,A/A,21
female,Japanese,40 - 49,153.92,51,NA,NA,NA,3.02,A/A,10.5
male,Japanese,70 - 79,163.58,69.8,NA,NA,NA,2.29,A/G,24.5
male,Japanese,50 - 59,NA,NA,NA,NA,NA,2.21,A/A,21
male,Japanese,NA,165.1,68,NA,NA,NA,1.47,A/A,14
male,Japanese,70 - 79,162.05,71,NA,NA,NA,2.01,A/A,17.5
male,Japanese,60 - 69,173.99,74,NA,NA,NA,2.95,A/A,21
male,Japanese,50 - 59,168.91,70,NA,NA,NA,3.08,A/A,10.5
female,Japanese,70 - 79,NA,NA,NA,NA,NA,1.11,A/A,7
male,Japanese,80 - 89,165.1,62,NA,NA,NA,1.16,A/A,7
female,Japanese,NA,150.88,57,NA,NA,NA,NA,A/A,7
female,Japanese,70 - 79,150.11,63,NA,NA,NA,1.67,A/A,10.5
male,Japanese,60 - 69,161.29,54.6,NA,NA,NA,2.08,A/A,38.5
male,Japanese,70 - 79,154.43,63.9,NA,NA,NA,1.72,A/A,14
male,Japanese,NA,159.26,52.9,NA,NA,NA,1.78,A/A,24.5
male,Japanese,50 - 59,178.05,73,NA,NA,NA,0.97,A/A,35
male,Japanese,60 - 69,162.81,57,NA,NA,NA,1.78,A/A,17.5
male,Japanese,70 - 79,162.05,69,NA,NA,NA,1.61,A/A,17.5
male,Japanese,70 - 79,167.89,63,NA,NA,NA,2.61,A/A,31.5
female,Japanese,80 - 89,154.94,58,NA,NA,NA,1.48,A/A,17.5
female,Japanese,70 - 79,149.1,59.5,NA,NA,NA,1.96,A/A,14
male,Japanese,70 - 79,164.08,66.5,NA,NA,NA,2.14,A/A,21
female,Japanese,70 - 79,NA,NA,NA,NA,NA,2.06,A/A,21
male,Japanese,70 - 79,NA,NA,NA,NA,NA,2.8,A/A,21
male,Japanese,70 - 79,NA,NA,NA,NA,NA,1.46,A/A,14
female,Japanese,60 - 69,NA,NA,NA,NA,NA,1.4,A/A,14
male,Japanese,60 - 69,163.58,NA,NA,NA,NA,2.4,A/A,14
male,Japanese,60 - 69,NA,NA,NA,NA,NA,1.79,A/A,19.25
male,Japanese,NA,175.01,57.5,NA,NA,NA,2.05,A/A,17.5
male,Japanese,NA,163.07,72,NA,NA,NA,1.95,A/A,17.5
male,Japanese,60 - 69,169.93,59,NA,NA,NA,2.01,A/A,31.5
male,Japanese,80 - 89,166.88,57,NA,NA,NA,2.06,A/A,17.5
female,Japanese,70 - 79,NA,NA,NA,NA,NA,1.18,A/A,14
male,Japanese,60 - 69,169.93,68,NA,NA,NA,1.68,A/A,14
female,Japanese,60 - 69,147.07,51.3,NA,NA,NA,NA,A/A,15.75
female,Japanese,70 - 79,NA,NA,NA,NA,NA,2,A/A,14
female,Japanese,60 - 69,150.88,56.5,NA,NA,NA,2.03,A/A,28
male,Japanese,60 - 69,168.4,75,NA,NA,NA,2.01,A/G,35
male,Japanese,60 - 69,160.02,52.4,NA,NA,NA,1.22,G/G,14
male,Japanese,60 - 69,165.1,49.5,NA,NA,NA,1.04,A/A,7
female,Japanese,80 - 89,165.1,60,NA,NA,NA,NA,A/A,10.5
male,Japanese,50 - 59,162.05,57,NA,NA,NA,NA,A/G,24.5
female,Japanese,50 - 59,160.02,58,NA,NA,NA,NA,A/G,28
female,Japanese,60 - 69,154.94,44.5,NA,NA,NA,NA,A/G,17.5
female,Japanese,70 - 79,150.88,45,NA,NA,NA,NA,A/G,13.12
female,Japanese,NA,150.11,49.7,NA,NA,NA,1.44,A/A,14
male,Japanese,NA,165.1,62,NA,NA,NA,0.98,A/A,14
male,Japanese,60 - 69,167.89,70,NA,NA,NA,1.2,A/A,14
female,Japanese,40 - 49,152.91,68,NA,NA,NA,1.87,A/A,28
male,Japanese,50 - 59,182.12,84,NA,NA,NA,NA,A/A,24.5
male,Japanese,70 - 79,166.88,67,NA,NA,NA,NA,A/A,21
female,Japanese,50 - 59,147.07,49.8,NA,NA,NA,NA,A/A,14
male,Japanese,70 - 79,164.08,58,NA,NA,NA,NA,A/A,7
male,Japanese,80 - 89,154.94,49,NA,NA,NA,1.18,A/A,28
male,Japanese,60 - 69,NA,NA,NA,NA,NA,NA,A/A,14
male,Japanese,60 - 69,166.88,62,NA,NA,NA,1.32,A/G,24.5
female,Han Chinese,50 - 59,151,63,0,0,0,2.31,A/A,17.5
female,Han Chinese,70 - 79,150.01,60,0,0,0,1.71,A/A,8.75
male,Han Chinese,70 - 79,162.99,66,0,0,0,2.37,A/A,17.5
female,Han Chinese,30 - 39,150.01,65,0,0,0,1.66,A/A,26.25
male,Han Chinese,80 - 89,168,73,0,0,0,2.9,A/G,17.5
male,Han Chinese,60 - 69,170.99,74,0,0,0,2.69,A/A,24.99
male,Han Chinese,80 - 89,154.99,59,0,0,0,1.56,A/A,17.5
female,Han Chinese,60 - 69,151,70,0,0,0,3.65,A/A,17.5
male,Han Chinese,30 - 39,164.01,69,0,0,0,2.28,A/G,26.25
female,Han Chinese,50 - 59,157.99,59,0,0,0,2.46,A/A,17.5
male,Han Chinese,70 - 79,153.01,52.7,0,0,0,3.64,A/G,26.25
female,Han Chinese,40 - 49,148.01,47.5,0,0,0,1.76,A/A,17.5
female,Han Chinese,60 - 69,154,75,1,0,1,2.13,A/A,24.99
male,Han Chinese,60 - 69,168,75,0,0,0,2.22,A/A,17.5
female,Han Chinese,50 - 59,154.5,77.4,0,0,0,3.38,A/A,17.5
female,Han Chinese,60 - 69,159.99,55.8,0,0,0,1.66,A/A,8.75
male,Han Chinese,70 - 79,159.99,66,0,0,0,1.65,A/A,17.5
female,Han Chinese,70 - 79,151.99,50,0,0,0,2.43,A/A,17.5
female,Han Chinese,70 - 79,148.01,67,0,0,0,2.18,A/A,17.5
male,Han Chinese,70 - 79,159.99,76,1,0,0,2.45,A/G,26.25
male,Han Chinese,60 - 69,159.99,72,0,0,0,2.37,A/A,17.5
female,Han Chinese,40 - 49,150.01,63.5,0,0,1,2,A/A,17.5
female,Han Chinese,60 - 69,164.01,61,0,0,0,2.66,A/G,26.25
male,Han Chinese,60 - 69,165,59,1,0,0,1.88,A/A,14.98
male,Han Chinese,60 - 69,161.01,70,0,0,1,1.67,A/A,17.5
female,Han Chinese,70 - 79,161.01,76,1,0,0,2.01,A/A,17.5
female,Han Chinese,70 - 79,148.01,47,1,0,0,2.16,A/A,8.75
female,Han Chinese,70 - 79,150.01,53,0,0,0,2.16,A/A,17.5
male,Han Chinese,60 - 69,159,58.4,0,0,0,2.46,A/A,17.5
female,Han Chinese,70 - 79,148.01,61,0,0,1,1.65,A/A,17.5
male,Han Chinese,70 - 79,170,60,0,0,0,2.05,A/A,17.5
female,Han Chinese,60 - 69,148.01,47,1,0,0,2.38,A/A,24.99
female,Han Chinese,70 - 79,150.01,46.5,0,0,1,2.63,A/A,17.5
male,Han Chinese,80 - 89,168,65,0,0,0,2.56,A/A,17.5
male,Han Chinese,60 - 69,164.01,68,0,0,0,2,A/A,17.5
female,Han Chinese,80 - 89,145.01,60.5,0,0,0,3.16,A/A,12.46
male,Han Chinese,70 - 79,167,69,0,0,0,1.9,A/A,17.5
male,Han Chinese,60 - 69,169.01,68,0,0,0,2.17,A/A,17.5
male,Han Chinese,60 - 69,165,75.6,0,0,0,1.52,A/A,26.25
male,Han Chinese,60 - 69,165.99,53,0,0,0,1.8,A/A,17.5
male,Han Chinese,60 - 69,165,70.5,0,0,0,3.66,A/A,26.25
female,Han Chinese,70 - 79,156.01,56,1,0,0,2.04,A/A,8.75
male,Han Chinese,50 - 59,164.01,67,0,0,0,1.84,A/A,17.5
male,Han Chinese,80 - 89,159.99,73.4,0,0,0,1.6,A/G,26.2
male,Han Chinese,80 - 89,167,82,1,0,0,1.57,A/A,17.5
male,Han Chinese,80 - 89,162,74,1,0,0,1.86,A/A,17.5
female,Han Chinese,60 - 69,151.99,53,0,0,0,3.2,A/A,12.46
male,Han Chinese,70 - 79,162,68,0,0,0,1.9,A/A,17.5
female,Han Chinese,70 - 79,153.01,50,0,0,0,2.53,A/G,17.5
female,Han Chinese,60 - 69,159.99,46.6,0,0,0,2.22,A/A,17.5
male,Han Chinese,60 - 69,161.01,74.5,0,0,0,1.92,A/A,17.5
male,Han Chinese,60 - 69,165,70,0,0,0,1.85,G/G,35
male,Han Chinese,50 - 59,168,84,1,0,0,1.8,A/A,26.25
male,Han Chinese,40 - 49,156.01,69,,0,0,1.64,A/A,17.5
female,Han Chinese,70 - 79,160,48,1,0,0,1.81,A/A,17.5
male,Han Chinese,70 - 79,162.99,67,0,0,0,2.75,A/A,17.5
female,Han Chinese,30 - 39,159.99,70,0,0,0,2.72,A/A,17.5
female,Han Chinese,50 - 59,157.99,56,0,0,0,2.47,A/A,17.5
female,Han Chinese,50 - 59,154.99,55,1,0,0,2.3,A/G,26.25
male,Han Chinese,70 - 79,168,52,0,0,0,2.11,A/A,7
male,Han Chinese,60 - 69,159,71.2,1,0,0,1.83,A/A,21
male,Han Chinese,40 - 49,165,65,0,0,0,2.6,A/A,17.5
male,Han Chinese,70 - 79,156.01,51,0,0,0,2.1,A/A,21
male,Han Chinese,50 - 59,170,98,0,0,0,1.53,A/G,27.44
male,Han Chinese,30 - 39,170,75,0,0,0,2,A/A,26.25
male,Han Chinese,50 - 59,170.99,61.8,0,0,0,1.9,A/G,26.25
male,Han Chinese,60 - 69,167.49,80,1,0,0,2.74,A/G,26.25
female,Han Chinese,30 - 39,154.99,52,0,0,0,2.7,A/A,26.25
female,Han Chinese,70 - 79,154.99,55.9,0,0,0,2.9,A/A,26.25
male,Han Chinese,70 - 79,162.99,61.2,0,0,0,2.3,A/A,21
male,Han Chinese,60 - 69,176,74.3,0,0,0,2.6,A/A,17.5
male,Han Chinese,70 - 79,156.49,60,0,0,0,1.83,A/A,17.5
male,Han Chinese,70 - 79,165.51,70,0,0,0,2.76,A/A,17.5
male,Han Chinese,50 - 59,165,73.4,0,0,0,2.74,A/A,17.5
male,Han Chinese,60 - 69,175.01,57,1,0,0,1.9,A/G,26.25
male,Han Chinese,40 - 49,175.01,80,0,1,0,2,A/A,27.3
male,Han Chinese,43739,181,112,0,0,0,1.7,A/G,42
male,Han Chinese,60 - 69,168,70,1,0,0,1.8,A/A,29.96
female,Han Chinese,50 - 59,154.99,59,1,0,0,2,A/G,26.25
male,Han Chinese,50 - 59,173,50,0,0,0,2.13,A/A,14
female,Han Chinese,40 - 49,157,54,1,0,0,1.79,A/A,19.95
male,Han Chinese,60 - 69,151.99,39,0,0,0,1.72,A/A,14
male,Han Chinese,60 - 69,173.99,65,0,0,0,2.18,A/A,22.4
female,Han Chinese,50 - 59,173.99,108,1,0,0,2.71,A/A,29.96
female,Han Chinese,60 - 69,154,52,0,0,0,1.66,A/A,17.5
male,Han Chinese,40 - 49,169.01,55,0,0,0,2.29,A/A,14.7
female,Han Chinese,30 - 39,154,68,0,0,0,2.5,A/A,17.5
female,Han Chinese,60 - 69,154,63,0,0,0,1.74,A/A,12.6
male,Han Chinese,50 - 59,168,72,0,0,0,1.88,A/A,17.5
male,Han Chinese,50 - 59,176,100,0,0,0,3.57,A/A,17.5
male,Han Chinese,60 - 69,167,64,1,0,0,3.23,A/A,17.5
male,Han Chinese,70 - 79,160.99,59,0,0,0,1.73,A/A,26.25
female,Han Chinese,60 - 69,150.01,45,0,0,0,4.02,G/G,12.46
female,Han Chinese,60 - 69,156.01,54,1,0,0,2.35,A/A,22.4
female,Han Chinese,80 - 89,156.01,54,0,0,0,2.3,A/A,14.7
male,Han Chinese,50 - 59,165,57,0,0,0,2.85,A/G,26.25
male,Han Chinese,70 - 79,173,60,0,0,0,2.67,A/A,17.5
female,Han Chinese,60 - 69,154.99,80,1,0,0,2.79,A/A,20.02
female,Han Chinese,40 - 49,150.01,50,0,0,0,3.11,A/A,35
male,Han Chinese,80 - 89,169.01,70,0,0,0,1.92,A/A,11.2
male,Han Chinese,70 - 79,162,60,0,0,0,2.36,G/G,32.48
female,Han Chinese,80 - 89,140,38,0,0,0,3.47,A/A,20.02
male,Han Chinese,50 - 59,157.99,61,0,0,0,2.18,A/G,29.96
female,Han Chinese,70 - 79,156.01,66,1,0,0,2,A/A,22.47
female,Han Chinese,70 - 79,148.01,62,0,0,0,3.62,A/G,18.76
female,Han Chinese,60 - 69,157,53,0,0,0,2.45,A/G,17.5
female,Han Chinese,70 - 79,149,42,0,0,0,3.44,A/G,23.8
male,Han Chinese,60 - 69,162.51,63,1,0,0,1.56,A/A,27.3
female,Han Chinese,70 - 79,151.99,68,0,0,0,3.88,A/A,11.2
male,Han Chinese,50 - 59,169.01,80,1,0,1,2.78,A/A,17.5
female,Han Chinese,50 - 59,153.01,56,0,0,0,1.78,A/A,12.53
male,Han Chinese,40 - 49,168,50,0,0,0,1.5,A/A,17.5
male,Han Chinese,50 - 59,170,65,0,0,1,3.53,A/A,12.46
male,Han Chinese,50 - 59,165,50,0,0,0,2.07,A/A,17.5
female,Han Chinese,50 - 59,161.01,63,1,0,0,1.95,A/G,37.52
male,Han Chinese,60 - 69,167,70,1,0,1,3.39,A/A,7.49
male,Han Chinese,80 - 89,157.99,57,1,0,0,2.35,A/A,17.5
male,Han Chinese,70 - 79,170,75,0,0,0,1.96,A/A,17.5
female,Han Chinese,70 - 79,157.99,70,0,0,0,1.6,A/A,8.75
female,Han Chinese,60 - 69,159,61,0,0,0,2.33,G/G,70
male,Han Chinese,70 - 79,159.99,65,0,0,0,2.69,A/A,7
male,Han Chinese,70 - 79,165,66,0,0,0,3.23,A/A,7
female,Han Chinese,60 - 69,156.49,58,0,0,0,2.09,G/G,59.5
male,Han Chinese,60 - 69,172.01,65,0,0,0,2.24,A/A,14
female,Han Chinese,30 - 39,153.01,38,0,0,0,2.41,A/G,39.97
female,Han Chinese,60 - 69,NA,42.5,0,0,0,3.23,A/A,4.9
female,Han Chinese,50 - 59,161.01,52,0,0,0,2.82,A/G,42.49
female,Han Chinese,40 - 49,157.99,52,0,0,0,2.36,A/A,13.72
male,Han Chinese,70 - 79,170,68,1,0,0,1.55,A/G,36.26
female,Han Chinese,60 - 69,150.01,42,0,0,0,2.05,A/A,10.01
female,Han Chinese,80 - 89,154.99,50.2,0,0,1,1.5,A/A,8.75
male,Han Chinese,20 - 29,165,88,0,0,0,2.32,G/G,61.25
female,Han Chinese,70 - 79,157.99,67,0,0,1,2.9,A/A,12.53
male,Han Chinese,70 - 79,159.99,58,0,0,0,1.59,A/A,8.75
male,Han Chinese,40 - 49,161.01,63.5,0,0,0,2.2,A/G,70
female,Han Chinese,70 - 79,NA,80,0,0,0,2.1,A/A,8.75
male,Han Chinese,50 - 59,159,50,0,0,0,2.7,A/A,13.02
female,Han Chinese,40 - 49,154.99,55,0,0,0,4,A/A,17.5
male,Han Chinese,80 - 89,175.01,54,0,0,0,1.7,G/G,17.5
female,Han Chinese,70 - 79,162,45,0,0,0,2.02,A/A,8.75
male,Han Chinese,70 - 79,172.01,60,0,0,0,2.21,A/A,12.46
female,Han Chinese,60 - 69,154.99,54,1,0,0,2.09,A/A,12.46
male,Han Chinese,60 - 69,170,65,0,0,0,2.21,A/A,10.01
female,Han Chinese,60 - 69,153.01,51,0,0,0,1.68,A/A,17.5
female,Han Chinese,40 - 49,162,62,0,0,0,2.02,A/A,12.46
male,Han Chinese,30 - 39,169.49,68,0,0,0,2.31,A/G,40.18
female,Han Chinese,70 - 79,159.99,50,0,0,0,1.95,A/A,8.75
male,Han Chinese,70 - 79,156.01,62,0,0,0,1.91,A/A,8.75
male,Han Chinese,50 - 59,159.99,47,1,0,0,1.9,A/A,5.81
male,Han Chinese,80 - 89,165,53,0,0,0,1.77,A/A,8.75
male,Han Chinese,80 - 89,161.01,61,0,0,1,2.42,A/G,7
male,Han Chinese,70 - 79,159,69,1,0,0,1.56,NA,5.25
male,Han Chinese,70 - 79,157,60,1,0,0,3.36,A/A,8.75
female,Han Chinese,50 - 59,153.01,43,1,0,0,1.54,A/A,8.75
female,Han Chinese,70 - 79,154.99,43,0,0,0,2.01,A/G,8.75
male,Han Chinese,60 - 69,168,56,0,0,0,1.71,A/A,8.75
female,Han Chinese,70 - 79,154.99,58,0,0,0,1.52,A/A,8.75
male,Han Chinese,60 - 69,165,57,1,0,0,2.03,A/A,8.75
female,Han Chinese,50 - 59,149,43,0,0,0,1.58,A/A,8.75
male,Han Chinese,50 - 59,157.99,55,0,0,0,1.53,A/A,8.75
male,Han Chinese,60 - 69,170.99,74,0,0,0,2.8,A/A,29.96
male,Han Chinese,60 - 69,174.5,73,0,0,0,1.61,A/A,8.75
male,Han Chinese,70 - 79,171.98,71,0,0,0,2.18,A/A,28.7
female,Han Chinese,50 - 59,162,60,0,0,1,1.99,A/A,12.46
male,Han Chinese,70 - 79,165,58,0,0,0,2.16,A/A,19.95
female,Han Chinese,50 - 59,153.01,54,0,0,0,1.55,A/A,17.5
female,Han Chinese,50 - 59,153.01,53,0,0,0,1.65,A/A,35
female,Han Chinese,30 - 39,157.99,46,0,0,0,1.6,NA,35
male,Han Chinese,70 - 79,NA,NA,0,0,0,2.4,A/A,7
female,Han Chinese,50 - 59,151,50,0,0,0,2.09,A/G,26.25
male,Han Chinese,70 - 79,170,50,0,0,0,2.56,A/A,22.47
male,Han Chinese,50 - 59,170.99,91,0,0,0,2.28,A/A,24.99
female,Han Chinese,70 - 79,154.51,74,0,0,0,2.6,A/A,17.5
male,Han Chinese,60 - 69,168,60,0,0,0,1.6,A/A,17.5
male,Han Chinese,50 - 59,175.01,85,0,0,0,1.98,A/A,26.25
female,Han Chinese,50 - 59,154.99,54,0,0,0,2.58,A/A,17.5
male,Han Chinese,70 - 79,165,68,0,0,0,2,A/G,19.95
male,Han Chinese,50 - 59,167,56,0,0,0,2,A/A,26.25
female,Han Chinese,60 - 69,150.01,54,0,0,0,1.93,A/A,18.76
female,Han Chinese,70 - 79,145.01,48,0,0,0,1.96,A/G,18.76
female,Han Chinese,70 - 79,150.01,55.5,0,0,0,2.31,A/A,17.5
male,Han Chinese,50 - 59,170.99,61,0,0,1,1.64,A/A,11.2
male,Han Chinese,60 - 69,168,78,0,0,0,2.72,A/G,35
male,Han Chinese,30 - 39,180.01,87,0,0,0,2.66,A/A,17.5
female,Han Chinese,40 - 49,154,42,0,0,0,1.8,NA,18.62
male,Han Chinese,50 - 59,165,73,0,0,0,1.62,A/A,17.5
male,Han Chinese,80 - 89,178,56,0,0,0,2,A/A,17.5
female,Han Chinese,70 - 79,157.99,60,0,0,0,2.16,A/A,17.5
male,Han Chinese,70 - 79,167,73,0,0,0,1.84,A/A,17.5
male,Han Chinese,50 - 59,176,90,0,0,0,2.79,A/A,35
female,Han Chinese,60 - 69,161.01,64,0,0,0,2.05,A/A,17.5
male,Han Chinese,70 - 79,162.99,64,0,0,0,3.47,A/A,17.5
female,Han Chinese,50 - 59,154,63,0,0,0,2.73,A/A,26.25
male,Han Chinese,50 - 59,178.99,68,1,0,0,2.88,A/A,26.25
female,Han Chinese,50 - 59,157.99,67,0,0,0,1.99,A/A,17.5
male,Han Chinese,70 - 79,165.99,65,1,0,0,2.11,A/A,26.25
male,Han Chinese,60 - 69,165,65,0,0,0,2.16,A/G,29.96
female,Han Chinese,50 - 59,161.01,56,0,0,0,1.53,A/A,17.5
female,Han Chinese,50 - 59,151.99,48,0,0,0,1.79,A/A,24.99
male,Han Chinese,50 - 59,165,70,0,0,0,2.99,A/A,32.48
female,Han Chinese,50 - 59,156.01,56,1,0,0,2.27,A/A,35
female,Han Chinese,70 - 79,150.01,42,0,0,0,1.67,A/G,35
female,Han Chinese,50 - 59,154,68,0,0,0,2.3,NA,17.5
male,Han Chinese,60 - 69,168,68,0,0,0,2.72,A/G,35
male,Han Chinese,70 - 79,168,67.5,0,0,0,1.72,A/A,24.99
male,Han Chinese,70 - 79,169.01,62,1,0,0,1.57,A/A,21
female,Han Chinese,50 - 59,154.99,56,0,0,0,1.7,A/A,17.5
male,Han Chinese,70 - 79,170,82,0,0,0,2.7,NA,17.5
female,Han Chinese,40 - 49,154.99,83,0,0,0,1.91,A/G,26.25
female,Han Chinese,60 - 69,156.01,56,0,0,0,2.45,A/A,17.5
female,Han Chinese,60 - 69,159.99,60,1,0,0,1.66,A/A,35
female,Han Chinese,40 - 49,154.99,56,0,0,0,2.79,A/A,17.5
male,Han Chinese,50 - 59,181.99,80,0,0,0,1.94,A/A,30.03
female,Han Chinese,50 - 59,157.99,52,0,0,0,2.91,A/G,26.25
male,Han Chinese,80 - 89,173,92,1,0,0,1.6,NA,17.5
male,Han Chinese,30 - 39,159,85,1,0,0,1.61,NA,17.5
female,Han Chinese,60 - 69,148.01,45,0,0,0,2.68,A/A,17.5
male,Han Chinese,60 - 69,168,72,0,0,0,2.16,A/A,17.5
female,Han Chinese,40 - 49,154,57,0,0,0,1.74,A/A,17.5
female,Han Chinese,30 - 39,157,47,0,0,0,1.99,A/G,30.03
male,Han Chinese,60 - 69,169.01,63,0,0,0,1.8,A/A,21.28
male,Han Chinese,70 - 79,162,62,0,0,0,1.76,A/A,16.24
female,Han Chinese,50 - 59,148.01,45,0,0,0,2.21,A/A,16.66
male,Han Chinese,70 - 79,168,63,0,0,0,1.82,A/G,17.5
male,Han Chinese,40 - 49,168,63,0,0,0,2.95,A/A,35
male,Han Chinese,60 - 69,159,57,0,0,0,1.83,A/A,21
female,Han Chinese,40 - 49,149,46,0,0,0,1.93,A/A,17.5
female,Han Chinese,60 - 69,153.01,48,0,0,0,1.76,NA,27.51
female,Han Chinese,60 - 69,150.01,38,0,0,0,2.24,A/G,24.99
female,Han Chinese,40 - 49,165,62,0,0,0,1.96,NA,30.03
female,Han Chinese,30 - 39,159.99,54,0,0,0,1.98,NA,33.74
female,Han Chinese,50 - 59,178,55,0,0,0,2.33,NA,24.99
male,Han Chinese,50 - 59,159,57,0,0,0,1.98,A/A,24.99
male,Han Chinese,60 - 69,170.99,73,0,0,0,2.53,A/A,20.02
male,Han Chinese,50 - 59,169.01,80,0,0,0,2.14,G/G,26.25
male,Han Chinese,70 - 79,161.01,82,0,0,0,1.98,NA,22.47
male,Han Chinese,60 - 69,168,75,0,0,0,3.97,NA,17.5
male,Han Chinese,60 - 69,169.01,60,0,0,0,2.53,NA,17.5
male,Han Chinese,40 - 49,162.99,65,0,0,0,1.69,A/A,23.45
female,Han Chinese,60 - 69,154.99,45,0,0,0,2.83,A/A,17.5
male,Han Chinese,40 - 49,170,64,0,0,0,1.76,A/A,22.47
male,Han Chinese,50 - 59,178,85,0,0,0,1.83,A/A,22.47
female,Han Chinese,60 - 69,159,52,1,0,0,1.52,A/A,17.5
female,Han Chinese,60 - 69,150.01,51,0,0,0,2.51,A/A,35
male,Han Chinese,50 - 59,165.99,60,0,0,0,2.69,A/A,35
male,Han Chinese,70 - 79,167,76,1,0,0,3.81,A/G,17.5
female,Han Chinese,60 - 69,148.01,40,0,0,0,2.69,A/A,17.5
female,Han Chinese,70 - 79,153.01,60,0,0,0,1.94,A/A,17.5
female,Han Chinese,50 - 59,161.01,60,0,0,0,2.48,A/A,17.5
male,Han Chinese,80 - 89,165,70,1,0,0,4.05,A/A,17.5
male,White,80 - 89,173.48,75.5,0,0,0,2.13,A/G,35
male,White,80 - 89,166.12,70,0,1,0,2.33,A/G,17.5
female,White,70 - 79,NA,76,0,0,0,2.23,A/G,32
male,White,70 - 79,176.02,88.6,1,0,0,1.9,A/G,20
male,White,70 - 79,176.02,92,0,0,0,2.83,A/G,30
male,White,60 - 69,NA,81.4,0,0,1,2.53,A/G,27.5
female,White,20 - 29,NA,81,0,0,0,2.73,G/G,52.5
male,White,50 - 59,178.56,114,0,0,0,2.33,A/G,42
male,White,60 - 69,178.56,73.6,0,0,0,2.1,G/G,36.8
male,White,50 - 59,NA,NA,0,0,0,2.73,G/G,37.5
male,White,60 - 69,NA,74,0,0,0,2.33,A/G,40
male,White,60 - 69,NA,63,0,0,0,2.23,G/G,35
female,White,70 - 79,NA,102.7,0,0,0,2.93,A/G,25
male,White,70 - 79,NA,78.6,0,0,0,2.83,A/G,40
male,White,40 - 49,181.1,109,0,0,0,2.27,A/G,87.5
male,White,80 - 89,181.1,105,1,0,0,3,G/G,42.5
male,White,70 - 79,171.2,75,0,0,0,2.37,A/A,12.5
female,White,60 - 69,155.96,61.4,0,0,0,2.47,A/G,17.5
female,White,80 - 89,155.96,72.7,0,0,0,2.07,G/G,52.5
female,Black,60 - 69,166.12,136.8,0,0,0,2.95,G/G,70
male,White,60 - 69,181.1,109,1,0,0,2.33,G/G,42.5
male,White,50 - 59,NA,95.5,0,0,0,2.83,G/G,120
female,Black,40 - 49,NA,100,0,0,0,2.5,G/G,40
male,White,70 - 79,186.18,101,0,0,0,2.33,A/G,35
female,White,80 - 89,155.96,52.3,1,0,0,2.87,A/G,20
male,White,50 - 59,NA,NA,0,1,0,2.43,A/A,17.5
female,White,60 - 69,161.04,90.9,0,0,0,2.67,G/G,52.5
female,White,70 - 79,166.12,62.3,0,0,0,2.83,A/A,28
male,White,60 - 69,183.64,90.9,0,0,0,2.3,A/G,52.5
male,Black,50 - 59,173.74,NA,0,0,0,2.4,G/G,40
male,White,60 - 69,181.1,90.9,0,0,0,2.5,A/A,22
female,White,80 - 89,155.96,59.1,0,1,0,2.43,G/G,30
male,White,70 - 79,168.66,70.9,0,0,0,2.17,G/G,19.25
male,Black,70 - 79,176.02,87.3,1,1,0,2.2,G/G,20
male,White,50 - 59,176.02,95,0,0,0,2.63,G/G,45
male,White,50 - 59,176.02,94.5,0,0,0,2.43,G/G,75
male,White,80 - 89,181.1,123,0,1,0,2.3,A/A,10
female,White,50 - 59,167.64,175,1,0,0,2.27,A/A,28
female,White,30 - 39,170.18,159,1,0,0,2.55,G/G,48
male,White,50 - 59,193.04,129,1,1,1,2.37,A/G,28
male,White,50 - 59,181.1,88.2,1,1,0,2.77,A/G,42.5
male,White,60 - 69,163.58,85.9,0,1,0,2.83,G/G,57.5
male,White,80 - 89,181.1,88.6,0,0,0,2.47,G/G,42.5
male,White,60 - 69,171.2,73.5,0,1,0,2.67,A/G,39
male,White,70 - 79,171.2,73.4,0,0,0,2.67,A/G,37.5
male,White,60 - 69,183.88,177.3,1,0,0,2.27,A/A,27.5
male,White,50 - 59,178.56,88.6,1,0,0,2.87,G/G,40
male,White,80 - 89,178.56,86.4,0,0,0,2.63,A/G,43.3
female,White,40 - 49,163.58,55.5,0,0,0,3.6,A/G,35.6
male,White,60 - 69,173.74,100.9,0,0,0,2.33,G/G,57.5
male,White,60 - 69,176.02,72.7,0,0,1,2.6,A/G,22.5
male,White,60 - 69,178.56,101.8,0,0,0,2.3,G/G,55
male,Black,60 - 69,173.74,115,0,0,0,2.4,A/A,32.5
male,White,60 - 69,183.64,108,0,0,0,2.53,A/G,42.5
male,White,70 - 79,176.02,103,1,0,1,2.63,G/G,40
male,White,70 - 79,171.2,93,0,1,0,2.33,G/G,25
male,White,80 - 89,168.66,78,1,1,0,2.5,A/G,17.5
male,White,70 - 79,171.2,89,1,1,0,2.4,A/G,28
male,White,70 - 79,178.56,91,0,0,0,2.97,A/A,30
male,White,70 - 79,160.02,68,0,0,0,2.5,A/G,15
male,White,80 - 89,168.66,91,0,1,0,2.33,G/G,25
male,Black,50 - 59,183.64,90,0,0,0,3.27,G/G,28
male,White,80 - 89,178.56,81,0,0,0,2.63,A/G,20
male,White,70 - 79,181.1,115,0,1,0,2.5,A/A,20
male,White,70 - 79,178.56,98,0,0,0,2.4,A/A,25
male,White,80 - 89,176.02,74,1,0,0,2.47,A/A,28
male,White,70 - 79,178.56,64.5,0,0,0,2.4,A/G,25
male,White,70 - 79,173.74,84.1,1,1,0,2.8,A/A,30
male,White,60 - 69,176.02,107,0,1,0,2.4,A/G,12
male,White,50 - 59,183.64,136,0,0,0,2.17,A/G,27.5
male,White,70 - 79,176.02,84,0,1,0,2.6,G/G,22.5
male,White,50 - 59,181.1,113.6,0,NA,NA,2.38,G/G,62.5
male,White,60 - 69,172.72,143.2,1,0,0,2.23,A/G,30
male,Black,60 - 69,186.18,145,1,1,0,2.53,G/G,75
male,White,70 - 79,186.18,96,0,1,0,2.5,A/A,21
male,White,70 - 79,173.74,96,0,1,0,2.33,G/G,42.5
male,White,60 - 69,187.96,162,1,0,0,2.08,A/A,31.88
male,White,80 - 89,178.56,98,1,0,0,2.48,A/A,16.25
male,White,70 - 79,178.56,130,1,1,0,2.17,A/G,50
male,Black,60 - 69,181.1,91,0,0,0,2.5,G/G,42.5
male,White,70 - 79,168.66,89,1,0,0,2.73,G/G,41.25
male,White,50 - 59,186.18,103,0,1,0,2.2,A/G,25
male,White,70 - 79,171.2,76,0,1,0,3,A/G,20
male,White,70 - 79,176.02,109,1,1,0,3.47,A/G,40
male,White,80 - 89,173.74,96,0,0,0,2.4,A/G,27.5
male,White,70 - 79,173.74,82,0,1,0,2.63,A/G,25
male,White,70 - 79,181.1,83,1,0,0,2.57,A/G,35
male,White,70 - 79,173.74,96,0,0,0,2.63,G/G,37.5
male,White,50 - 59,173.74,110,0,1,0,2.43,A/G,40
male,White,80 - 89,176.02,82,0,1,0,2.35,A/G,35
female,Black,40 - 49,155.96,54.5,0,0,0,2.17,G/G,38
male,White,50 - 59,186.18,126.7,1,0,0,2.17,A/G,40
male,White,50 - 59,193.04,125,0,0,0,2.4,G/G,52.5
male,White,60 - 69,176.02,81,0,0,0,3.17,A/A,17.5
male,White,80 - 89,166.12,76,0,1,0,2.6,G/G,45
male,White,70 - 79,171.2,68,0,1,0,2.4,A/G,28
male,White,70 - 79,168.66,77,0,1,0,2.13,A/A,25
male,White,50 - 59,181.1,124,0,0,0,2.17,A/G,45
male,White,60 - 69,193.04,143,0,0,0,2.97,G/G,60.8
male,White,70 - 79,176.02,96.6,0,1,0,2.58,A/G,42
male,White,60 - 69,173.74,102.7,0,1,0,3.13,G/G,37.5
male,White,70 - 79,181.1,129,0,1,0,2.4,A/G,50
male,White,70 - 79,173.74,94,1,1,0,2.3,A/G,12.5
male,White,80 - 89,188.72,85,0,0,0,2.1,A/G,35
male,White,70 - 79,166.12,73,0,1,0,2.1,G/G,30
male,White,70 - 79,171.2,86.4,0,1,0,2.43,A/G,21
male,White,50 - 59,188.72,85.3,0,1,0,2.9,G/G,80
female,White,80 - 89,153.42,51.4,1,0,0,2.3,G/G,24
male,White,70 - 79,186.18,92.3,1,1,0,2.8,G/G,70
male,White,70 - 79,186.18,105,0,1,0,2.33,A/G,24
male,White,50 - 59,150,106,0,0,0,2.4,A/G,21
male,White,80 - 89,176.28,74,0,1,0,2.6,A/G,18.75
male,White,70 - 79,178.56,100,0,0,0,2.23,G/G,60
male,White,70 - 79,175.26,93,0,1,0,2.8,G/G,52.5
male,White,60 - 69,181.1,110,1,0,0,2.67,A/G,35
male,White,60 - 69,178.31,104,0,0,0,2.57,A/G,25
male,Black,50 - 59,158.5,107.3,0,0,0,2.23,G/G,56.25
male,White,70 - 79,168.66,70.1,1,1,0,2.53,A/A,22.5
male,White,70 - 79,178.31,94,1,0,0,2.4,A/G,32.5
male,White,70 - 79,183.39,98,1,1,0,2.3,G/G,37.5
male,White,60 - 69,181.36,103,1,1,0,2.23,G/G,41.25
male,White,70 - 79,180.34,92,0,0,0,2.7,G/G,45
female,White,70 - 79,168.66,70.5,0,0,0,2.37,G/G,35
male,Black,50 - 59,171.2,82.6,0,0,0,2.53,G/G,37.5
male,White,70 - 79,178,137,0,0,0,2.37,A/G,36
male,White,50 - 59,185.42,149,1,0,0,2.3,G/G,15
male,White,70 - 79,171.2,89.5,0,0,0,2.67,A/G,25
male,White,50 - 59,178.56,91,0,1,0,2.53,G/G,50
female,Black,40 - 49,161.04,66,0,NA,NA,2.73,G/G,52.5
male,White,60 - 69,186.18,109,1,0,0,2.43,A/A,20
male,White,50 - 59,163.32,81.8,1,0,0,2.63,A/G,25
male,White,70 - 79,181.36,86.5,1,1,0,2.37,A/A,20
male,White,70 - 79,183.64,104,1,1,0,2.4,A/G,15
male,White,70 - 79,176.02,69.4,0,0,0,2.03,G/G,37.5
male,White,70 - 79,182.88,190,0,1,1,2.23,A/G,63.75
male,White,60 - 69,173.23,83,0,1,0,2.47,G/G,80
male,White,50 - 59,NA,80,0,0,0,3.67,A/G,34.5
female,White,70 - 79,168.66,77.7,0,0,0,2,G/G,28.3
male,White,70 - 79,183.64,76,0,0,0,2.9,G/G,40
male,White,50 - 59,171.45,102,1,1,1,2.17,A/G,30
male,White,60 - 69,178.31,82,0,1,0,2.4,A/G,45
male,White,60 - 69,186.18,114,1,1,0,2.33,G/G,42.5
male,White,50 - 59,176.02,94,0,1,0,2.53,A/A,35
male,White,80 - 89,173.23,68,0,0,0,2.63,G/G,21
male,White,60 - 69,186.18,98.2,0,1,1,2.37,A/G,20
male,White,70 - 79,178.56,88.6,0,0,0,2.23,A/G,24
male,White,80 - 89,183.64,88.6,1,0,0,2.53,G/G,45
male,White,70 - 79,178.31,110,1,0,0,2.63,A/G,27.5
male,White,70 - 79,171.2,86.6,0,0,0,2.43,A/G,25
male,White,70 - 79,166.37,85,0,1,0,2.27,G/G,30
male,White,80 - 89,176.02,83.7,0,1,0,2.33,G/G,20
male,White,70 - 79,178.56,113.5,0,0,0,2.35,A/G,19
male,White,70 - 79,171.2,85,0,1,0,2.48,G/G,35
male,White,70 - 79,173.74,81.3,0,0,0,2.03,A/G,42.5
male,White,70 - 79,178.56,98.2,1,1,0,3.17,G/G,52.5
male,White,80 - 89,173.74,89.7,0,0,0,2.33,G/G,45
male,White,60 - 69,163.58,95.3,1,0,0,2.37,A/G,45
male,White,70 - 79,166.12,72,0,0,0,2.33,G/G,35
male,White,70 - 79,176.02,107.3,0,0,0,2.45,A/G,35
male,White,80 - 89,176.02,69,1,1,0,2.35,G/G,24
male,White,50 - 59,176.02,72.7,0,0,0,2.87,A/G,35
male,White,70 - 79,171.2,75,0,1,0,2.83,A/A,17.5
male,White,70 - 79,173.74,77.5,0,1,0,2.47,A/G,37.5
male,White,50 - 59,173.74,113,1,1,0,2.37,G/G,85
male,White,70 - 79,166.12,78.5,0,0,0,2.17,A/G,8.83
female,White,60 - 69,161.04,95.5,0,0,0,2.13,G/G,57.5
male,White,70 - 79,161.04,79,1,0,0,2.63,A/G,27.5
male,White,60 - 69,173.74,69,0,1,0,2.08,A/G,30
male,White,80 - 89,178.56,105,1,0,0,2.83,A/G,50
male,White,50 - 59,166.12,74.5,1,0,0,2.77,A/G,42.5
male,White,60 - 69,188.72,89.5,0,0,0,2.77,G/G,55
female,Black,40 - 49,158.5,104.5,0,0,0,2.9,G/G,36
male,Black,50 - 59,176.02,108,1,0,0,2.4,G/G,30
male,White,70 - 79,181.1,105,0,1,0,2.18,A/G,30
male,White,80 - 89,176.02,67,0,0,1,2.27,A/G,18
male,White,40 - 49,178.56,89,0,1,0,2.47,A/A,28
male,White,50 - 59,179.83,108,1,0,0,2.4,A/A,42.5
male,White,70 - 79,178.56,89,1,1,0,2.23,A/G,37.5
male,White,70 - 79,171.2,103,0,1,0,3.18,A/G,48.75
female,White,70 - 79,168.66,82,0,0,0,2.13,G/G,22
male,White,50 - 59,173.74,121,1,1,1,2.33,A/G,52.5
male,White,50 - 59,182.88,145.5,0,1,0,2.7,G/G,85
male,Black,60 - 69,171.2,81.6,0,1,0,2.68,G/G,60
male,White,70 - 79,176.02,108.2,0,1,0,2.63,A/A,32.5
male,White,70 - 79,188.72,96.6,1,0,0,2.58,A/G,40
male,Black,60 - 69,171.2,86.8,0,0,0,2.33,G/G,30
female,White,30 - 39,NA,NA,0,0,0,2.57,A/G,35
male,White,60 - 69,181.1,132.3,1,1,0,3.03,G/G,62.5
male,White,60 - 69,171.2,84.5,1,1,0,2.13,G/G,45
male,White,70 - 79,173.74,112.7,0,0,0,2.67,A/G,32.5
male,White,70 - 79,183.64,107,0,0,0,2.33,G/G,35
male,Black,60 - 69,166.12,89.5,0,0,0,2.5,G/G,50
male,White,80 - 89,173.74,79.5,0,1,0,2.4,A/G,32.5
female,White,40 - 49,161.04,71,0,0,0,3.27,A/A,25.5
male,White,80 - 89,181.1,95.5,1,0,0,2.27,A/A,30
female,White,80 - 89,148.34,54.5,0,0,0,2.47,A/G,20
male,White,70 - 79,183.64,92.1,0,1,0,2,A/G,30
male,White,50 - 59,186.18,125.1,0,0,0,2.4,G/G,85
male,White,60 - 69,176.02,86,0,1,0,2.47,G/G,42.5
male,White,70 - 79,168.66,91,0,0,0,2.4,A/G,30
male,White,70 - 79,171.2,100.5,0,0,0,2.53,A/G,35
male,White,70 - 79,176.02,92.7,1,0,0,2.5,A/G,25
male,White,70 - 79,179.83,105.6,0,0,0,2.33,A/G,40
male,White,50 - 59,173.74,83.2,0,1,0,2.7,G/G,54.5
male,White,50 - 59,186.18,110.5,0,1,0,3.07,A/G,25
male,White,60 - 69,176.02,117,0,0,0,2.9,A/G,21
male,White,70 - 79,181.1,97.7,1,0,0,2.43,G/G,42.5
male,White,70 - 79,169.93,70.3,0,1,0,2.8,A/G,28
male,White,70 - 79,181.1,84,0,1,0,2.63,A/G,25
female,White,50 - 59,158.5,85,0,0,0,3.1,A/G,42.5
male,White,70 - 79,166.12,87,0,1,0,2.63,A/A,17.5
male,White,50 - 59,186.18,122.7,1,0,0,2.25,G/G,65
male,White,70 - 79,171.2,71.8,0,0,0,2.5,G/G,20
male,White,80 - 89,186.18,99,1,0,0,2.3,G/G,40
male,White,60 - 69,182.88,61,0,1,0,2.28,G/G,82.5
male,White,70 - 79,175.77,81.8,1,1,0,2.37,G/G,30
male,White,70 - 79,171.2,86,0,0,0,2.27,A/A,15
male,White,60 - 69,168.66,84,1,1,0,2.57,G/G,80
male,White,80 - 89,178.56,84,0,1,0,2.78,A/A,21
male,White,70 - 79,173.74,91.2,0,1,0,3.13,A/G,52.5
male,White,50 - 59,181.1,91.2,0,0,0,2.27,G/G,80
male,White,60 - 69,177.8,142,0,NA,NA,2.15,G/G,83.75
male,White,80 - 89,183.39,106,0,0,0,2.63,A/G,42.5
male,White,60 - 69,168.4,96,1,1,0,2.43,G/G,47.5
male,White,70 - 79,NA,NA,1,1,0,2.1,A/G,15
female,Black,70 - 79,168.66,95,1,0,0,2.6,A/G,37.5
female,White,70 - 79,172.47,67.7,0,0,0,2.77,A/G,20
male,White,60 - 69,181.1,114,1,0,0,2.23,A/G,40
female,White,80 - 89,166.12,70.5,1,0,0,2.7,G/G,52.5
male,White,80 - 89,154.94,94,0,0,0,2.2,A/G,36.7
male,White,70 - 79,160.02,121,1,0,0,2.2,A/G,27.5
male,White,60 - 69,183.39,88,0,0,1,2.43,G/G,41.25
male,White,40 - 49,170.43,116,0,NA,NA,2.53,A/A,32.5
male,White,60 - 69,171.45,117,0,0,0,2.17,A/G,47.5
male,White,40 - 49,171.45,89,1,0,0,2.83,A/G,50
male,White,60 - 69,163.32,107,0,1,0,2.23,A/G,40
male,Black,70 - 79,178.31,100,0,0,0,2.33,G/G,60
male,White,70 - 79,178.56,78.2,0,0,0,2.23,G/G,42.5
male,White,70 - 79,166.12,60.5,0,0,0,2.17,A/G,24
male,Black,70 - 79,178.56,63.5,0,0,0,2.13,G/G,32.5
male,White,70 - 79,176.02,72.7,0,1,0,2.8,G/G,29
male,White,80 - 89,181.1,108.2,1,1,0,2.3,A/G,27.5
male,White,70 - 79,181.1,105.5,0,0,0,2.43,A/G,42.5
male,White,80 - 89,171.2,77.5,1,0,0,2.47,G/G,65
female,White,70 - 79,158.5,98,0,0,0,2.43,A/G,27.5
male,White,80 - 89,188.72,93.6,0,0,0,2.7,A/G,47.5
male,White,70 - 79,171.2,126.4,1,1,0,2.13,G/G,63
male,Black,70 - 79,173.74,84.5,0,0,0,2.2,G/G,47.5
male,White,80 - 89,188.72,99.3,1,0,0,2.6,A/G,37.5
female,White,50 - 59,177.29,123,1,0,0,2.2,G/G,40
male,White,70 - 79,181.1,114,0,0,0,2.67,A/G,37.5
male,White,50 - 59,176.02,99,0,1,1,2.3,A/G,27.5
male,White,60 - 69,176.28,73,0,0,0,3,A/G,37.5
male,White,70 - 79,167.39,61.8,1,1,1,2.63,G/G,36
male,White,70 - 79,181.1,88.7,1,0,0,2.67,A/A,20
male,White,80 - 89,176.02,83.6,0,0,0,2.4,G/G,35
female,White,40 - 49,171.2,87.7,0,0,0,2.3,A/G,40
male,White,50 - 59,195.58,136,0,0,0,3.27,G/G,75
male,White,60 - 69,171.2,99.5,0,0,0,2.87,A/G,52.5
male,White,80 - 89,168.66,71.8,0,0,0,2.43,A/G,28
male,White,70 - 79,176.02,66,0,0,0,3.3,A/G,39
male,White,70 - 79,179.83,74.8,0,0,0,2.08,A/G,16.25
male,White,60 - 69,173.74,78.7,1,1,0,2.25,G/G,32.5
male,White,70 - 79,181.1,90,0,1,0,2.07,G/G,52.5
male,White,70 - 79,171.2,89.4,0,1,0,2.68,G/G,46
male,White,60 - 69,176.02,91.8,1,1,0,3.17,G/G,45
male,White,80 - 89,166.12,105,0,1,0,2.68,G/G,40
male,White,80 - 89,168.66,81.8,0,1,0,2.3,A/G,30
male,White,80 - 89,173.74,76,0,1,1,2.85,A/G,17.5
male,White,60 - 69,181.1,90,0,0,0,2.07,G/G,40
male,White,70 - 79,171.2,117,0,0,0,2.5,G/G,52.5
male,other,50 - 59,166.12,66.2,0,1,0,2.9,G/G,11
male,White,60 - 69,181.1,113.6,0,0,0,2.13,A/G,35
male,White,70 - 79,173.74,77.7,0,1,0,2.56,A/G,35
male,White,80 - 89,171.2,80.7,0,0,0,2.5,A/G,32.5
male,White,50 - 59,183.64,78.3,0,1,1,2.77,A/G,22.5
female,White,60 - 69,158.5,68.6,1,0,0,3.33,G/G,50
male,White,60 - 69,176.02,100,0,0,0,2.57,A/G,32.5
male,White,80 - 89,166.12,93.6,0,1,0,2.6,G/G,35
male,White,80 - 89,181.1,117,1,0,0,2.4,A/G,32.5
male,White,70 - 79,171.2,68,0,1,0,2.67,G/G,47.5
female,White,60 - 69,173.74,97.7,0,0,0,2.5,A/G,29.2
male,White,50 - 59,171.2,81.8,0,0,0,2.57,G/G,65
male,White,80 - 89,178.56,66,0,0,0,2.58,G/G,37.5
male,White,70 - 79,166.12,68,0,0,0,2.43,G/G,32
male,White,60 - 69,178.56,81.4,1,0,0,2.23,A/G,27.5
male,White,60 - 69,181.1,101,1,1,0,2.67,G/G,50
male,White,60 - 69,181.1,77.7,0,1,0,2.25,G/G,77
male,White,80 - 89,168.66,86.4,0,0,0,2.4,A/G,27.5
male,White,70 - 79,176.02,66.6,1,0,0,2.48,G/G,27.5
male,White,80 - 89,171.2,64.5,0,0,0,2.63,A/G,24
male,White,70 - 79,173.74,93.6,1,0,0,2.25,A/A,22
female,White,50 - 59,168.66,102.3,0,0,0,2.2,A/A,14
male,White,70 - 79,182.88,90,0,1,0,2.43,A/G,27.5
male,White,80 - 89,NA,NA,0,1,0,2.28,A/G,38.25
male,White,80 - 89,168.66,87.7,0,1,0,2.47,G/G,36
male,White,70 - 79,171.2,110.5,0,1,0,2.3,G/G,48.75
male,White,60 - 69,178.56,80.5,1,1,0,2.25,A/G,18.75
male,White,70 - 79,166.12,68,1,0,0,2.23,A/A,23
male,White,60 - 69,173.74,97.5,0,0,0,2.87,A/G,50
male,White,70 - 79,181.36,75,1,0,0,2.25,G/G,30
male,White,70 - 79,176.02,84,1,0,0,2.47,A/G,25
male,White,70 - 79,166.12,71,0,1,0,2.4,NA,27.5
male,White,60 - 69,183.64,134,1,1,0,2.37,A/G,42.5
female,White,60 - 69,158.5,92,0,0,0,2.23,A/A,13
male,White,50 - 59,181.1,95,0,0,0,2.97,A/G,50
male,White,60 - 69,183.64,90.5,1,1,0,2.9,A/G,35
male,White,70 - 79,176.02,69.5,0,0,0,2.33,A/A,13.75
male,White,80 - 89,166.12,63.6,0,0,0,2.1,A/G,36.88
male,White,70 - 79,183.64,101,0,1,0,2.47,A/G,40
female,White,70 - 79,163.58,99,0,0,0,2.38,A/G,37.5
male,White,70 - 79,173.74,98.5,1,1,0,2.67,A/A,27.5
male,White,70 - 79,173.74,100,1,0,0,2.53,G/G,30
male,White,80 - 89,157.48,69.5,0,0,0,3.23,NA,20
male,White,70 - 79,181.1,76,0,0,0,2.63,NA,52.5
male,White,80 - 89,173.74,103,1,0,0,2.1,A/A,11.25
male,White,80 - 89,181.1,91,1,1,0,2.7,A/G,32.5
male,White,80 - 89,168.66,89.5,1,0,0,2.37,G/G,30
male,White,60 - 69,181.1,112.6,1,1,0,2.67,G/G,56
male,White,80 - 89,178.56,78.6,1,0,0,2.27,G/G,37.5
male,White,70 - 79,178.56,79,0,1,0,2.63,A/G,35
male,White,70 - 79,176.02,77,0,1,0,2.3,G/G,50
female,White,50 - 59,162.54,124.5,0,0,0,2.77,G/G,41.25
male,White,70 - 79,171.2,81.4,1,0,0,2.57,A/G,25
male,White,60 - 69,188.72,142,1,0,0,2.68,A/G,47.5
female,Black,40 - 49,163.58,96.8,0,0,0,2.3,G/G,33.75
male,White,50 - 59,181.1,125.5,0,1,0,2.3,A/A,22.5
female,White,20 - 29,173.74,68,0,0,0,3.7,G/G,21.25
male,White,50 - 59,168.66,81,0,1,1,2.3,A/G,30
male,White,50 - 59,193.04,129,0,0,0,2.33,A/G,32.5
male,White,70 - 79,178.56,96,1,0,0,2.5,G/G,47.5
male,White,50 - 59,177.29,97,1,1,0,2.63,A/G,35
male,White,70 - 79,171.2,82.7,1,1,0,2.5,A/G,32.5
female,White,60 - 69,176.02,75,0,0,0,2.63,A/G,47.5
male,White,80 - 89,176.02,77,0,0,0,2.43,G/G,35
female,Black,50 - 59,167.39,86,1,0,0,2.43,G/G,47.5
male,White,70 - 79,178.56,108.6,1,1,0,2.48,G/G,30
male,White,80 - 89,168.66,67.7,0,0,0,2.03,A/A,20
male,White,80 - 89,171.2,71.8,1,0,0,2.37,G/G,40
male,White,70 - 79,166.12,84,1,1,0,2.4,G/G,46.7
female,White,20 - 29,163.58,104,0,0,0,2.35,A/G,43.1
male,White,70 - 79,183.64,95.5,0,0,0,2.53,G/G,45
male,White,80 - 89,161.04,86.8,0,1,0,2.7,G/G,35
male,Black,50 - 59,178.56,95.5,1,1,0,2.63,G/G,42.5
male,White,60 - 69,174.75,85.5,0,0,1,2.5,A/G,18
female,Black,50 - 59,161.04,83,0,0,0,2.47,G/G,70
male,White,60 - 69,168.66,76,0,0,0,2.63,G/G,42
male,White,70 - 79,163.58,73.6,0,1,0,2.57,G/G,32.5
male,White,70 - 79,173.74,91,1,0,0,2.3,G/G,40
male,White,70 - 79,183.64,112,1,1,0,2.27,A/G,42.5
male,White,70 - 79,173.99,76.7,NA,NA,NA,NA,A/G,59.5
male,White,70 - 79,177.04,87.6,NA,NA,NA,NA,G/G,33.6
male,White,60 - 69,168.91,65.2,NA,NA,NA,NA,A/G,33.25
female,White,50 - 59,159,61,NA,NA,NA,NA,G/G,12.25
female,White,70 - 79,154.94,56,NA,NA,NA,NA,A/G,14
male,White,30 - 39,183.9,85.6,NA,NA,NA,NA,G/G,47.25
female,White,50 - 59,166.88,89,NA,NA,NA,NA,A/G,21.49
male,White,40 - 49,182.12,109.3,NA,NA,NA,NA,A/A,28
male,White,60 - 69,166.88,79.3,NA,NA,NA,NA,G/G,24.5
male,White,70 - 79,176.02,71.6,NA,NA,NA,NA,G/G,17.5
male,White,50 - 59,176.02,92.3,NA,NA,NA,NA,A/A,15.75
female,White,70 - 79,154.94,47.2,NA,NA,NA,NA,A/G,35.49
male,White,80 - 89,182.88,69.9,NA,NA,NA,NA,A/G,42
male,White,60 - 69,169.93,94.7,NA,NA,NA,NA,A/G,35
female,White,60 - 69,154.94,88.9,NA,NA,NA,NA,A/G,19.25
male,White,60 - 69,188.98,94.3,NA,NA,NA,NA,G/G,17.5
male,White,40 - 49,196.09,107,NA,NA,NA,NA,G/G,45.5
male,White,50 - 59,151.89,81,NA,NA,NA,NA,A/G,35
female,White,60 - 69,167.89,98.9,NA,NA,NA,NA,A/G,56
male,White,80 - 89,168.91,76.3,NA,NA,NA,NA,A/G,16.1
male,White,70 - 79,175.01,84.8,NA,NA,NA,NA,G/G,49
female,White,60 - 69,154.94,50.9,NA,NA,NA,NA,A/G,28
female,White,80 - 89,157.99,63.5,NA,NA,NA,NA,A/A,21
female,White,70 - 79,160.02,69.9,NA,NA,NA,NA,A/G,29.75
female,White,60 - 69,162.05,59.7,NA,NA,NA,NA,A/G,26.25
female,White,60 - 69,155.96,87.5,NA,NA,NA,NA,A/G,51.1
male,White,60 - 69,173.99,80,NA,NA,NA,NA,A/G,26.25
male,White,60 - 69,166.12,75.4,NA,NA,NA,NA,A/G,26.25
male,White,70 - 79,169.93,78,NA,NA,NA,NA,A/G,36.75
male,White,50 - 59,165.1,81,NA,NA,NA,NA,A/G,35
female,White,60 - 69,159,66.2,NA,NA,NA,NA,A/G,49
female,White,50 - 59,160.02,64.9,NA,NA,NA,NA,A/G,19.25
female,White,70 - 79,164.08,69.6,NA,NA,NA,NA,G/G,14
male,White,70 - 79,173.99,69,NA,NA,NA,NA,A/G,14
female,White,60 - 69,164.08,69.6,NA,NA,NA,NA,A/G,26.6
male,White,70 - 79,171.96,82,NA,NA,NA,NA,A/G,22.75
male,White,70 - 79,175.01,98,NA,NA,NA,NA,G/G,26.6
male,White,70 - 79,180.09,69.6,NA,NA,NA,NA,A/G,38.5
male,White,70 - 79,173.99,80.8,NA,NA,NA,NA,A/A,29.75
male,White,70 - 79,167.89,82.6,NA,NA,NA,NA,A/G,14
male,White,70 - 79,170.94,74.5,NA,NA,NA,NA,A/G,29.75
female,White,80 - 89,157.99,67.3,NA,NA,NA,NA,A/G,19.25
male,White,60 - 69,175.01,62.6,NA,NA,NA,NA,A/G,22.75
male,White,70 - 79,166.88,68.5,NA,NA,NA,NA,G/G,15.75
male,White,80 - 89,168.91,74,NA,NA,NA,NA,A/G,21
female,White,20 - 29,175.01,86.7,NA,NA,NA,NA,G/G,63
male,White,70 - 79,167.89,NA,NA,NA,NA,NA,A/G,21
male,White,70 - 79,169.93,57.2,NA,NA,NA,NA,A/G,15.75
female,White,70 - 79,157.99,NA,NA,NA,NA,NA,A/G,19.95
female,White,60 - 69,160.02,94.5,NA,NA,NA,NA,G/G,33.6
female,White,70 - 79,156.97,41.3,NA,NA,NA,NA,G/G,33.25
male,White,70 - 79,169.93,77.2,NA,NA,NA,NA,G/G,29.75
male,White,70 - 79,163.07,59,NA,NA,NA,NA,G/G,15.75
male,White,70 - 79,169.93,78,NA,NA,NA,NA,G/G,28
male,White,70 - 79,176.02,98,NA,NA,NA,NA,A/G,42
male,White,70 - 79,183.9,96,NA,NA,NA,NA,A/G,21
male,White,60 - 69,155.96,NA,NA,NA,NA,NA,A/A,7
female,White,50 - 59,170.94,NA,NA,NA,NA,NA,A/A,29.75
male,White,80 - 89,167.89,66.7,NA,NA,NA,NA,A/A,19.95
female,White,80 - 89,161.04,71.5,NA,NA,NA,NA,A/G,16.1
male,White,70 - 79,169.93,74.4,NA,NA,NA,NA,G/G,29.75
female,White,60 - 69,163.07,60.8,NA,NA,NA,NA,G/G,21
male,White,50 - 59,159,NA,NA,NA,NA,NA,A/A,29.75
male,White,70 - 79,178.05,NA,NA,NA,NA,NA,G/G,59.5
male,White,50 - 59,177.04,94.1,NA,NA,NA,NA,A/G,21
male,White,70 - 79,170.94,82,NA,NA,NA,NA,G/G,54.25
female,White,70 - 79,154.94,40,NA,NA,NA,NA,G/G,35
female,White,80 - 89,167.89,NA,NA,NA,NA,NA,G/G,22.75
female,White,70 - 79,148.08,NA,NA,NA,NA,NA,A/G,7
female,White,70 - 79,154.94,58.4,NA,NA,NA,NA,A/G,5.25
female,White,80 - 89,165.1,NA,NA,NA,NA,NA,G/G,21
female,White,70 - 79,162.05,NA,NA,NA,NA,NA,A/G,29.75
male,White,70 - 79,177.04,92.3,NA,NA,NA,NA,A/G,33.6
male,White,70 - 79,161.04,71.6,NA,NA,NA,NA,A/A,21
male,White,70 - 79,160.02,70.5,NA,NA,NA,NA,A/A,23.1
male,White,70 - 79,173.99,79.6,NA,NA,NA,NA,G/G,42
male,White,70 - 79,178.05,94.1,NA,NA,NA,NA,A/G,49
female,White,30 - 39,150.88,82,NA,NA,NA,NA,A/A,14
female,White,60 - 69,157.99,40,NA,NA,NA,NA,G/G,35
female,White,80 - 89,168.91,41,NA,NA,NA,NA,A/A,7.7
female,White,50 - 59,177.04,81,NA,NA,NA,NA,A/G,74.2
female,White,70 - 79,180.09,95,NA,NA,NA,NA,A/G,42
female,White,60 - 69,161.04,42,NA,NA,NA,NA,G/G,14
female,White,80 - 89,154.94,41,NA,NA,NA,NA,G/G,18.9
female,White,50 - 59,156.97,67,NA,NA,NA,NA,G/G,31.5
female,White,70 - 79,164.08,72,NA,NA,NA,NA,G/G,25.9
female,White,70 - 79,165.1,75,NA,NA,NA,NA,G/G,39.2
female,White,50 - 59,168.91,75,NA,NA,NA,NA,A/G,20.3
male,White,80 - 89,178.05,77,NA,NA,NA,NA,G/G,21
male,White,50 - 59,181.1,74,NA,NA,NA,NA,G/G,45.5
male,White,50 - 59,169.93,59,NA,NA,NA,NA,A/G,23.1
male,White,70 - 79,154.94,43,NA,NA,NA,NA,G/G,11.9
female,White,70 - 79,168.91,81,NA,NA,NA,NA,A/G,23.1
female,White,70 - 79,166.12,86,NA,NA,NA,NA,G/G,21
female,White,60 - 69,154.94,70,NA,NA,NA,NA,G/G,17.5
female,White,90+,160.02,61.7,NA,NA,NA,NA,A/G,16.03
male,White,70 - 79,166.12,59.5,NA,NA,NA,NA,A/A,21
male,White,80 - 89,172.97,67.1,NA,NA,NA,NA,A/A,9.03
male,White,70 - 79,163.07,52.2,NA,NA,NA,NA,A/A,24.99
female,White,50 - 59,150.11,66,NA,NA,NA,NA,A/G,16.03
female,White,70 - 79,157.99,74.4,NA,NA,NA,NA,G/G,28
female,White,60 - 69,157.99,69.9,NA,NA,NA,NA,G/G,17.5
male,White,70 - 79,154.94,57.2,NA,NA,NA,NA,A/G,17.99
female,White,70 - 79,155.96,59.9,NA,NA,NA,NA,A/G,14
female,White,70 - 79,154.94,79.8,NA,NA,NA,NA,A/A,11.97
female,White,70 - 79,160.02,59,NA,NA,NA,NA,G/G,32.97
male,White,60 - 69,170.94,123.8,NA,NA,NA,NA,G/G,27.02
male,White,80 - 89,175.01,74,NA,NA,NA,NA,A/G,18.97
male,White,50 - 59,154.94,76.2,NA,NA,NA,NA,A/G,16.03
male,White,70 - 79,182.88,95.3,NA,NA,NA,NA,A/G,21
male,White,70 - 79,178.05,77.1,NA,NA,NA,NA,A/A,25.97
male,White,80 - 89,163.07,70.3,NA,NA,NA,NA,A/G,17.99
female,White,80 - 89,163.07,63.5,NA,NA,NA,NA,A/G,25.97
male,White,60 - 69,165.1,101.8,NA,NA,NA,NA,A/G,21
male,White,60 - 69,178.05,78,NA,NA,NA,NA,A/A,17.5
male,White,50 - 59,178.05,92.1,NA,NA,NA,NA,G/G,44.03
male,White,80 - 89,167.89,60.3,NA,NA,NA,NA,A/G,16.03
male,White,70 - 79,167.89,76.2,NA,NA,NA,NA,A/G,28
male,White,70 - 79,182.88,69.9,NA,NA,NA,NA,A/G,9.03
female,White,80 - 89,154.94,78,NA,NA,NA,NA,A/G,14
female,White,30 - 39,180.09,68.9,NA,NA,NA,NA,A/G,53.97
male,White,70 - 79,169.93,84.8,NA,NA,NA,NA,A/G,30.03
male,White,70 - 79,193.04,82.6,NA,NA,NA,NA,G/G,24.5
female,White,40 - 49,161.04,95.3,NA,NA,NA,NA,A/G,44.03
male,White,60 - 69,180.09,69.9,NA,NA,NA,NA,G/G,17.5
male,White,60 - 69,175.01,85.7,NA,NA,NA,NA,A/G,35
female,White,60 - 69,165.1,111.1,NA,NA,NA,NA,G/G,37.03
female,White,80 - 89,160.02,55.3,NA,NA,NA,NA,A/G,14
male,White,70 - 79,180.09,76.2,NA,NA,NA,NA,A/G,21
female,White,70 - 79,156.97,57.2,NA,NA,NA,NA,G/G,21
female,White,70 - 79,151.89,73,NA,NA,NA,NA,G/G,28
female,White,80 - 89,160.02,68,NA,NA,NA,NA,A/G,10.99
male,White,60 - 69,178.05,78,NA,NA,NA,NA,A/G,46.97
male,White,70 - 79,175.01,79.8,NA,NA,NA,NA,A/G,46.97
female,White,50 - 59,167.89,53.1,NA,NA,NA,NA,A/G,16.03
male,White,30 - 39,171.96,81,NA,NA,NA,NA,A/G,38.5
male,White,70 - 79,173.99,79.4,NA,NA,NA,NA,G/G,46.97
female,White,70 - 79,160.02,49.9,NA,NA,NA,NA,G/G,30.03
female,White,70 - 79,167.89,68.5,NA,NA,NA,NA,A/G,21
female,White,70 - 79,165.1,50.8,NA,NA,NA,NA,A/G,28
male,White,70 - 79,179.07,80.7,NA,NA,NA,NA,A/G,38.99
male,White,70 - 79,169.93,73,NA,NA,NA,NA,A/G,16.03
male,White,60 - 69,178.05,98.4,NA,NA,NA,NA,A/G,16.03
female,White,80 - 89,156.97,54.4,NA,NA,NA,NA,G/G,21
female,White,80 - 89,160.02,66.7,NA,NA,NA,NA,A/G,16.03
female,White,70 - 79,151.89,87.5,NA,NA,NA,NA,A/G,20.02
male,White,80 - 89,169.93,82.6,NA,NA,NA,NA,G/G,28
female,White,60 - 69,160.02,68.9,NA,NA,NA,NA,A/G,10.5
female,White,40 - 49,165.1,60.3,NA,NA,NA,NA,A/G,37.03
female,White,80 - 89,160.02,65.3,NA,NA,NA,NA,A/G,16.03
male,White,70 - 79,169.93,93.4,NA,NA,NA,NA,A/G,17.5
female,White,40 - 49,159,90.4,NA,NA,NA,NA,A/G,21
male,White,80 - 89,179.07,72,NA,NA,NA,NA,G/G,21
male,White,70 - 79,175.01,79,NA,NA,NA,NA,A/G,17.5
male,White,70 - 79,175.01,80.7,NA,NA,NA,NA,G/G,38.5
male,White,80 - 89,179.07,76.2,NA,NA,NA,NA,A/G,37.03
female,White,70 - 79,180.09,88.9,NA,NA,NA,NA,A/G,14
male,White,70 - 79,168.91,84,NA,NA,NA,NA,A/A,14
female,White,90+,151.89,54,NA,NA,NA,NA,A/G,3.5
male,White,70 - 79,172.97,60.8,NA,NA,NA,NA,G/G,25.97
male,White,60 - 69,175.01,75.3,NA,NA,NA,NA,A/A,17.5
female,White,80 - 89,159,84,NA,NA,NA,NA,A/A,12.25
female,White,70 - 79,164.08,85,NA,NA,NA,NA,A/A,7
female,White,80 - 89,159,76,NA,NA,NA,NA,A/A,12.25
male,White,80 - 89,157.99,NA,NA,NA,NA,NA,A/G,8.75
female,White,80 - 89,154.94,NA,NA,NA,NA,NA,G/G,10.5
male,White,70 - 79,168.91,NA,NA,NA,NA,NA,A/A,14
male,White,50 - 59,175.01,NA,NA,NA,NA,NA,A/G,12.25
female,White,80 - 89,161.04,NA,NA,NA,NA,NA,A/G,12.25
male,White,70 - 79,168.91,78,NA,NA,NA,NA,A/A,17.5
male,White,70 - 79,166.88,65,NA,NA,NA,NA,A/G,12.25
female,White,70 - 79,154.94,45,NA,NA,NA,NA,A/A,10.5
female,White,80 - 89,165.1,NA,NA,NA,NA,NA,A/A,12.25
female,White,70 - 79,161.04,NA,NA,NA,NA,NA,G/G,7
male,White,60 - 69,177.04,62,NA,NA,NA,NA,A/A,14
female,White,60 - 69,149.1,85,NA,NA,NA,NA,A/A,14
female,White,70 - 79,165.1,85,NA,NA,NA,NA,A/G,12.25
male,White,80 - 89,168.91,67,NA,NA,NA,NA,A/A,5.25
female,White,80 - 89,164.08,65,NA,NA,NA,NA,A/A,8.75
female,White,80 - 89,161.04,54,NA,NA,NA,NA,A/G,7
male,White,80 - 89,170.94,54,NA,NA,NA,NA,A/G,5.25
female,White,70 - 79,155.96,NA,NA,NA,NA,NA,A/A,7
female,White,90+,154.94,69,NA,NA,NA,NA,A/A,7
female,White,80 - 89,157.99,53,NA,NA,NA,NA,A/A,5.25
male,White,50 - 59,161.04,NA,NA,NA,NA,NA,A/A,10.5
male,White,60 - 69,180.09,89,NA,NA,NA,NA,A/A,12.25
female,White,20 - 29,159,46,NA,NA,NA,NA,A/G,12.25
male,White,80 - 89,170.94,71,NA,NA,NA,NA,G/G,12.25
female,White,80 - 89,159,65,NA,NA,NA,NA,A/A,12.25
female,White,70 - 79,154.94,54,NA,NA,NA,NA,A/A,7
male,White,40 - 49,180.09,112.8,NA,NA,NA,NA,A/G,47.25
female,White,50 - 59,165.1,105.4,NA,NA,NA,NA,A/G,43.75
male,White,40 - 49,170.94,110.6,NA,NA,NA,NA,A/G,47.25
male,White,50 - 59,175.01,69.8,NA,NA,NA,NA,A/G,26.25
male,White,50 - 59,169.93,69.8,NA,NA,NA,NA,G/G,70
female,White,50 - 59,159,69.8,NA,NA,NA,NA,G/G,24.5
female,White,30 - 39,162.05,73,NA,NA,NA,NA,A/G,49
female,White,40 - 49,150.11,97,NA,NA,NA,NA,A/G,19.25
female,White,50 - 59,156.97,59.4,NA,NA,NA,NA,A/G,33.25
female,White,60 - 69,178.05,78,NA,NA,NA,NA,G/G,35
male,White,50 - 59,180.09,88.8,NA,NA,NA,NA,G/G,33.25
male,White,60 - 69,180.09,110.2,NA,NA,NA,NA,A/G,33.25
female,White,20 - 29,148.08,54,NA,NA,NA,NA,G/G,33.25
female,White,30 - 39,156.97,82.5,NA,NA,NA,NA,A/G,31.5
male,White,40 - 49,167.89,57.1,NA,NA,NA,NA,A/G,29.75
male,White,20 - 29,172.97,68,NA,NA,NA,NA,A/A,38.5
female,White,20 - 29,169.93,52.6,NA,NA,NA,NA,A/G,31.5
male,White,50 - 59,178.05,101.5,NA,NA,NA,NA,A/G,38.5
male,White,50 - 59,182.88,114.2,NA,NA,NA,NA,A/G,38.5
male,White,40 - 49,163.07,63.5,NA,NA,NA,NA,A/A,28
male,White,50 - 59,167.89,100,NA,NA,NA,NA,A/G,38.5
male,White,50 - 59,172.97,114.2,NA,NA,NA,NA,A/A,14
female,White,30 - 39,164.08,59.4,NA,NA,NA,NA,A/G,35
male,White,50 - 59,184.91,93.4,NA,NA,NA,NA,G/G,50.75
male,White,40 - 49,167.89,91.2,NA,NA,NA,NA,A/G,42
female,White,60 - 69,156.97,95.2,NA,NA,NA,NA,A/A,15.75
male,White,60 - 69,180.09,69.8,NA,NA,NA,NA,A/G,35
female,White,50 - 59,163.07,71.6,NA,NA,NA,NA,G/G,43.75
female,White,40 - 49,160.02,58,NA,NA,NA,NA,A/G,19.25
female,White,40 - 49,163.07,101.6,NA,NA,NA,NA,A/G,28
male,White,40 - 49,169.93,63.5,NA,NA,NA,NA,G/G,66.5
male,White,40 - 49,187.96,88.8,NA,NA,NA,NA,G/G,42
male,White,50 - 59,178.05,82.5,NA,NA,NA,NA,A/G,38.5
female,White,50 - 59,172.97,82.5,NA,NA,NA,NA,A/A,38.5
female,White,40 - 49,167.89,78.4,NA,NA,NA,NA,A/G,33.25
female,White,40 - 49,187.96,55,NA,NA,NA,NA,G/G,75.25
male,White,40 - 49,182.88,95.2,NA,NA,NA,NA,A/G,45.5
male,White,50 - 59,167.89,59.4,NA,NA,NA,NA,A/A,15.75
male,White,50 - 59,179.07,114,NA,NA,NA,NA,G/G,31.5
male,White,50 - 59,180.09,114.3,NA,NA,NA,NA,A/G,29.75
male,White,30 - 39,169.93,76.6,NA,NA,NA,NA,G/G,57.75
male,White,60 - 69,180.09,76.2,NA,NA,NA,NA,A/G,43.75
male,White,50 - 59,180.09,76.2,NA,NA,NA,NA,A/G,56
male,White,50 - 59,182.88,107.9,NA,NA,NA,NA,A/G,36.75
female,White,30 - 39,154.94,76.6,NA,NA,NA,NA,G/G,54.25
female,White,60 - 69,156.97,69.8,NA,NA,NA,NA,A/A,17.5
male,White,50 - 59,184.91,82.5,NA,NA,NA,NA,A/G,31.5
male,White,50 - 59,175.01,86.1,NA,NA,NA,NA,A/G,26.25
male,White,40 - 49,172.97,82.5,NA,NA,NA,NA,A/G,14
male,White,50 - 59,169.93,67.1,NA,NA,NA,NA,A/G,31.5
male,White,50 - 59,178.05,107.9,NA,NA,NA,NA,A/A,19.25
male,White,60 - 69,180.09,85,NA,NA,NA,NA,A/G,38.5
female,White,50 - 59,154.94,95.2,NA,NA,NA,NA,A/G,26.25
female,White,50 - 59,167.89,63.5,NA,NA,NA,NA,A/G,22.75
female,White,40 - 49,169.93,63.5,NA,NA,NA,NA,A/G,26.25
male,White,60 - 69,182.88,97,NA,NA,NA,NA,A/G,24.5
female,White,50 - 59,165.1,98,NA,NA,NA,NA,G/G,45.5
male,White,30 - 39,187.96,118,NA,NA,NA,NA,G/G,36.75
male,White,60 - 69,172.97,86,NA,NA,NA,NA,G/G,40.25
male,White,50 - 59,178.05,98,NA,NA,NA,NA,G/G,36.75
female,White,70 - 79,154.94,89,NA,NA,NA,NA,A/A,10.5
male,White,50 - 59,160.02,56,NA,NA,NA,NA,A/A,7
female,White,60 - 69,157.99,NA,NA,NA,NA,NA,G/G,24.5
male,White,40 - 49,178.05,NA,NA,NA,NA,NA,A/A,38.5
male,White,60 - 69,166.88,NA,NA,NA,NA,NA,A/G,28
male,White,60 - 69,152.91,54,NA,NA,NA,NA,A/G,24.5
female,White,60 - 69,150.88,81,NA,NA,NA,NA,G/G,38.5
male,White,60 - 69,154.94,82,NA,NA,NA,NA,A/G,7
male,White,50 - 59,159,69,NA,NA,NA,NA,A/A,12.6
male,White,60 - 69,161.04,54,NA,NA,NA,NA,A/G,14
female,White,40 - 49,151.89,78,NA,NA,NA,NA,A/G,16.1
male,White,60 - 69,166.88,58,NA,NA,NA,NA,A/G,21
female,White,60 - 69,163.07,63,NA,NA,NA,NA,A/G,17.5
male,White,50 - 59,168.91,54,NA,NA,NA,NA,A/G,38.5
male,White,50 - 59,167.89,62,NA,NA,NA,NA,A/G,31.5
male,White,60 - 69,164.08,79,NA,NA,NA,NA,A/A,21
male,White,60 - 69,169.93,78,NA,NA,NA,NA,A/G,21
female,White,60 - 69,165.1,53,NA,NA,NA,NA,A/G,17.5
female,White,60 - 69,157.99,62,NA,NA,NA,NA,A/G,5.6
male,White,50 - 59,154.94,54,NA,NA,NA,NA,A/G,7
male,White,70 - 79,157.99,84,NA,NA,NA,NA,A/A,7
male,White,50 - 59,150.11,85,NA,NA,NA,NA,A/G,10.5
male,White,60 - 69,161.04,56,NA,NA,NA,NA,G/G,9.1
male,White,60 - 69,169.93,75,NA,NA,NA,NA,A/G,9.1
female,White,50 - 59,166.88,52,NA,NA,NA,NA,A/G,10.5
male,White,70 - 79,161.04,63,NA,NA,NA,NA,A/G,10.5
female,White,70 - 79,164.08,45,NA,NA,NA,NA,G/G,7
male,White,60 - 69,165.1,55,NA,NA,NA,NA,A/A,7
female,White,80 - 89,155.96,76,NA,NA,NA,NA,A/A,10.5
male,White,40 - 49,148.08,82,NA,NA,NA,NA,A/A,2.1
female,White,70 - 79,162.56,61,0,0,0,2.5,NA,25.5
male,White,80 - 89,169.67,78.2,0,0,0,2.5,NA,33
male,NA,80 - 89,172.72,82,0,0,0,2.5,NA,45
female,NA,80 - 89,154.94,45.4,0,0,0,2.1,NA,14
male,White,80 - 89,171.45,73,0,0,0,2.5,NA,60
male,White,80 - 89,173.99,96.2,0,0,0,2.5,NA,35
female,White,80 - 89,156.97,83.3,0,0,0,2.5,NA,14
male,NA,70 - 79,176.53,103,0,1,0,2.5,NA,30
male,NA,80 - 89,170.18,97.5,0,1,0,2.5,NA,35
male,White,80 - 89,175.26,79.7,0,0,0,2.5,NA,25
female,White,80 - 89,153.16,72.8,0,0,0,3,NA,19
male,NA,80 - 89,172.72,95.7,1,0,0,2.5,NA,15
male,NA,80 - 89,170.18,74,0,0,0,3,NA,40
male,NA,80 - 89,174.75,96.2,1,1,0,2.5,NA,30
male,NA,80 - 89,180.34,99.8,0,1,0,2.5,NA,26.25
male,White,70 - 79,180.34,83.3,0,0,0,2.5,NA,19
male,White,80 - 89,171.45,71.2,0,1,0,2.5,NA,42.5
female,White,90+,157.48,85.3,1,0,0,2.5,NA,32.5
male,White,60 - 69,177.8,84.4,0,0,0,3,NA,32.5
female,White,80 - 89,156.21,59.1,0,0,0,2.5,NA,42.5
male,NA,70 - 79,160.02,69.9,0,0,0,2.5,NA,25
female,NA,80 - 89,154.94,53.5,0,0,0,2.5,NA,18
female,White,80 - 89,163.83,90.8,0,0,0,2.5,NA,30
male,White,70 - 79,172.72,102.5,0,0,0,2.5,NA,45
male,NA,70 - 79,172.72,79.4,0,1,0,3,NA,25
male,White,60 - 69,176.02,81.2,0,0,0,2.5,NA,24
male,NA,80 - 89,177.8,88,1,0,0,2.5,NA,25
male,NA,70 - 79,173.99,110.2,0,0,0,2.5,NA,25
male,NA,60 - 69,153.67,46.3,0,0,0,3,NA,30
male,White,70 - 79,184.91,83,0,0,0,2.5,NA,43
male,NA,70 - 79,165.86,85.3,1,0,0,3,NA,17.5
female,White,60 - 69,162.05,99.7,0,0,0,2.5,NA,28
female,NA,90+,152.4,60.6,0,0,0,2.5,NA,13
female,NA,60 - 69,170.18,112.7,1,1,0,2.5,NA,42.5
female,White,60 - 69,165.1,92.5,0,0,0,2.5,NA,50
male,NA,70 - 79,185.42,81.8,0,0,0,2.5,NA,32.5
male,NA,80 - 89,170.18,80.3,0,0,0,2.5,NA,40
male,NA,80 - 89,179.07,105.7,0,0,0,2.5,NA,30
male,NA,60 - 69,170.18,88,0,0,0,2.5,NA,37.5
female,White,60 - 69,166.62,86.6,0,0,0,2.5,NA,32.5
female,NA,80 - 89,166.37,106.1,0,0,0,2.5,NA,50
male,NA,60 - 69,172.72,86,1,0,0,2.5,NA,27.5
female,NA,80 - 89,162.56,63.5,1,0,0,2.5,NA,17.5
female,White,60 - 69,171.45,78,0,0,0,2.5,NA,37.5
male,White,80 - 89,167.64,93.9,1,0,0,2.5,NA,20
male,White,60 - 69,184.91,97.5,0,0,0,2.5,NA,37.5
female,White,80 - 89,149.35,59,0,0,0,2.4,NA,14
male,NA,60 - 69,173.99,150.6,1,0,0,2.5,NA,57.5
female,White,80 - 89,167.64,80.6,0,0,0,2.5,NA,15
male,NA,70 - 79,173.99,105.2,0,1,0,2.5,NA,40
female,NA,90+,148.59,59.8,0,0,0,2.5,NA,12
female,White,80 - 89,160.65,61.7,0,0,0,2.5,NA,22
male,NA,80 - 89,172.72,82.6,0,0,0,3,NA,47.5
male,NA,80 - 89,176.53,89.4,0,0,0,2.5,NA,25
male,NA,80 - 89,173.99,73.3,0,0,0,2.5,NA,14
female,NA,80 - 89,158.75,69.6,0,0,0,2.5,NA,32
female,White,80 - 89,156.21,95.4,0,0,0,2.5,NA,21
female,White,60 - 69,160.02,83,0,0,0,2.5,NA,35
female,NA,80 - 89,166.37,67.4,0,0,0,2.85,NA,28
female,White,70 - 79,168.91,79.8,0,0,0,2.5,NA,25
female,NA,70 - 79,154.94,90.7,0,0,0,2.5,NA,26
female,White,80 - 89,157.48,71.4,0,0,0,2.5,NA,24
female,White,70 - 79,161.29,69.4,0,0,0,3.25,NA,21
female,NA,70 - 79,143,79.8,0,0,0,2.5,NA,17.5
female,NA,80 - 89,162.56,64.9,1,0,0,2.5,NA,21
female,White,50 - 59,166.37,73,0,0,0,2.5,NA,45
male,White,70 - 79,176.53,98,1,0,0,2.5,NA,30
female,NA,80 - 89,163.83,73,0,0,0,2.15,NA,21
male,White,70 - 79,176.53,84.8,0,0,0,3,NA,42.5
male,NA,70 - 79,175.26,76.2,0,0,0,2.5,NA,25
female,NA,80 - 89,165.1,63,0,0,0,2.5,NA,16
female,White,70 - 79,163.32,87.8,0,0,0,2.5,NA,42.5
male,NA,60 - 69,165.1,65.8,0,0,0,2.5,NA,22
male,NA,60 - 69,165.1,85.3,0,0,0,3,NA,52.5
male,NA,70 - 79,167.64,81.2,0,0,0,2.5,NA,14
female,White,70 - 79,160.02,72.2,0,0,0,2.5,NA,14
male,NA,80 - 89,181.61,78.5,1,0,0,2.5,NA,22.5
female,NA,70 - 79,155.7,72.8,0,0,0,2.5,NA,35
male,White,70 - 79,170.18,79.8,0,0,0,2.5,NA,10.5
female,NA,50 - 59,148.08,84.4,0,0,0,2.5,NA,42
female,NA,80 - 89,154.94,67,0,0,0,3,NA,4.5
male,NA,70 - 79,181.61,96.6,0,0,0,2.5,NA,57.5
male,White,70 - 79,167.64,83.5,0,0,0,2.5,NA,42.5
female,White,70 - 79,157.48,75.3,0,0,0,3.25,NA,22
male,White,50 - 59,175.26,121.6,0,0,0,3,NA,35
male,White,60 - 69,177.8,121.1,0,0,0,2.3,NA,46.5
female,NA,70 - 79,154.94,67.1,1,0,0,2.5,NA,35
female,White,60 - 69,167.64,97.1,0,0,0,2.5,NA,45
male,NA,60 - 69,184.15,121.6,0,0,0,2.5,NA,48
female,White,70 - 79,154.94,70.3,0,0,0,2.5,NA,40
male,White,50 - 59,182.88,104.3,0,0,0,2.5,NA,55
female,NA,80 - 89,152.4,66,0,0,0,2.5,NA,32.5
female,White,80 - 89,158.24,50.8,0,0,1,2.5,NA,17.5
male,NA,70 - 79,175.26,105.9,0,0,0,2.5,NA,16
female,White,70 - 79,169.67,72.6,0,1,0,2.5,NA,30
male,White,50 - 59,186.18,108.4,1,0,0,2.5,NA,57.5
male,NA,60 - 69,193.04,85.3,0,0,0,3,NA,52.5
female,White,50 - 59,158.75,124.4,0,0,0,3,NA,22.5
male,NA,80 - 89,180.34,67.1,0,0,0,3,NA,27.5
male,White,80 - 89,177.8,91.2,0,1,0,2.5,NA,20
male,NA,80 - 89,189.23,93.4,0,0,0,2.5,NA,20
female,White,70 - 79,152.4,92.5,0,0,0,2.5,NA,30
male,NA,60 - 69,177.8,108,0,1,0,2.5,NA,32.5
male,NA,50 - 59,167.64,100.7,0,0,0,3,NA,26
male,NA,50 - 59,193.04,127.5,0,0,0,2.5,NA,37.5
female,White,80 - 89,160.02,63.5,0,0,0,2.5,NA,22.5
male,NA,80 - 89,175.26,88.9,1,0,0,2.5,NA,30
male,NA,50 - 59,173.99,99.8,0,0,0,3,NA,50
female,NA,80 - 89,162.56,53.5,1,0,0,2.5,NA,12
male,NA,60 - 69,177.29,101.6,0,1,0,2.5,NA,35
female,White,70 - 79,157.48,83.3,0,0,0,2.5,NA,20
male,White,50 - 59,178.56,128.8,0,0,0,2.5,NA,20
female,NA,60 - 69,154.94,96.6,0,0,0,2.5,NA,45
male,White,70 - 79,175.26,77.6,0,0,0,2.5,NA,30
female,NA,50 - 59,163.83,97.2,0,0,0,3,NA,35
male,White,70 - 79,169.67,73.5,0,0,0,2.5,NA,15
female,White,70 - 79,162.05,67.6,0,0,0,2.5,NA,20
female,NA,70 - 79,162.56,73,0,0,0,2.5,NA,25
male,White,70 - 79,186.18,93.9,0,0,1,2.5,NA,30
male,White,60 - 69,185.42,109,0,0,0,3,NA,52.5
male,NA,60 - 69,182.88,116.6,0,0,0,2.5,NA,21
female,NA,70 - 79,165.1,69.9,0,0,0,2.5,NA,27
female,White,70 - 79,157.48,77.1,1,0,0,2.25,NA,21
male,NA,80 - 89,172.72,105.7,0,0,0,2.5,NA,17.5
female,NA,60 - 69,158.75,87.5,1,0,0,2.5,NA,45
female,NA,60 - 69,170.18,93.4,0,0,0,2.5,NA,27.5
male,NA,80 - 89,177.8,83.9,0,0,0,2.6,NA,32.5
male,NA,40 - 49,167.64,70.3,0,0,0,2.5,NA,20
male,White,40 - 49,170.18,80.3,0,0,0,2.5,NA,37.5
male,White,50 - 59,176.02,99.3,0,0,0,3,NA,27.5
male,White,70 - 79,175.26,83.9,0,0,0,2.5,NA,40
male,White,80 - 89,166.37,73.7,0,0,0,2.5,NA,37.5
female,NA,70 - 79,156.21,51.7,1,0,0,2.5,NA,27.5
male,NA,40 - 49,176.53,78.9,0,0,0,2.5,NA,32.5
male,White,60 - 69,162.56,71.7,0,0,0,3,NA,22.5
male,White,70 - 79,172.72,80.7,0,1,0,3,NA,45
female,NA,40 - 49,165.1,130.6,0,0,0,2.5,NA,40
male,NA,40 - 49,178.56,92.3,0,0,0,3,NA,80
female,NA,80 - 89,153.16,68.9,1,0,0,2.5,NA,16.5
male,NA,80 - 89,165.1,73.5,0,0,0,2.5,NA,47.5
male,White,50 - 59,185.42,116.1,0,0,0,2.5,NA,47.5
male,White,50 - 59,172.72,86.6,0,0,0,3,NA,92.5
male,White,70 - 79,179.07,81.9,0,0,0,2.5,NA,30
male,White,70 - 79,172.72,80.3,0,1,0,3,NA,30
female,White,80 - 89,166.37,89.8,0,0,0,2.5,NA,27.5
female,White,60 - 69,168.4,119.7,0,0,0,2.5,NA,42.5
female,White,60 - 69,162.56,91.6,0,0,0,2.5,NA,62
male,NA,70 - 79,175.26,70.8,1,0,0,2.5,NA,37.5
female,White,60 - 69,160.02,104.3,1,0,0,2.5,NA,16
male,White,60 - 69,177.8,147.9,0,0,0,2.5,NA,56
male,NA,80 - 89,165.1,76.2,0,0,0,2.5,NA,35
female,NA,60 - 69,163.83,65.8,0,0,0,3,NA,39
male,NA,80 - 89,172.72,101.2,0,0,0,2.5,NA,25
male,NA,70 - 79,170.94,118.8,0,0,0,2.5,NA,30
female,NA,80 - 89,158.24,77.3,0,0,0,2.5,NA,28
male,White,70 - 79,171.45,81.6,0,1,0,2.5,NA,22
male,NA,70 - 79,187.96,100.2,0,0,0,3,NA,45
female,White,60 - 69,160.02,93,0,0,0,2.5,NA,27.5
male,NA,50 - 59,187.45,109.3,0,0,0,3,NA,22.5
female,NA,80 - 89,154.94,67.1,0,0,0,2.5,NA,30
male,White,80 - 89,179.07,88.5,0,0,0,2.75,NA,28
male,White,60 - 69,180.34,85.7,0,0,0,2.5,NA,20
female,White,60 - 69,165.86,82.1,1,0,0,2.5,NA,25
male,NA,70 - 79,167.64,85.7,0,0,0,2.5,NA,21
male,NA,70 - 79,177.8,109.3,0,0,0,2.5,NA,18
female,White,70 - 79,176.02,73,0,0,0,2.5,NA,23
male,NA,60 - 69,171.45,85,0,0,0,3,NA,65
male,White,80 - 89,190.5,82.8,1,0,0,2.5,NA,24
female,NA,60 - 69,157.48,90.7,0,0,0,2.5,NA,32.5
male,White,70 - 79,170.18,77.1,0,0,0,2.5,NA,55
female,NA,70 - 79,156.97,67.4,0,0,0,3,NA,26
female,NA,80 - 89,152.4,69.9,0,0,0,2.5,NA,35
male,NA,70 - 79,170.18,84.6,0,0,0,2.5,NA,45
male,White,70 - 79,176.53,90.3,0,1,0,2.5,NA,21
male,NA,60 - 69,180.34,93.9,0,0,0,2.5,NA,35
male,NA,60 - 69,187.96,130.6,0,0,0,2.75,NA,43.75
female,White,70 - 79,166.37,80.7,0,0,0,2.5,NA,44
female,White,60 - 69,162.56,70.3,0,0,0,3,NA,15
male,NA,70 - 79,172.72,96.6,0,0,0,2.5,NA,40
male,NA,60 - 69,172.72,84.4,0,0,0,3,NA,82.5
female,White,70 - 79,156.21,80.7,0,1,0,2.5,NA,35
male,White,60 - 69,166.37,78,0,1,0,2.5,NA,35
male,White,60 - 69,181.61,110.7,1,0,0,3,NA,35
male,NA,70 - 79,185.42,102.5,1,0,0,3,NA,45
male,NA,70 - 79,186.69,92.5,0,0,0,2.5,NA,35
female,White,70 - 79,147.32,71.7,0,0,0,2.5,NA,17.5
female,NA,60 - 69,162.56,102.5,1,0,0,2.5,NA,35
male,NA,80 - 89,168.4,78.5,1,0,0,2.5,NA,27.5
male,White,70 - 79,182.88,120.2,0,0,0,2.5,NA,15
female,NA,70 - 79,154.94,60.3,1,0,0,3,NA,28
male,NA,70 - 79,177.8,82.4,1,1,0,2.5,NA,37.5
female,NA,70 - 79,157.48,91.2,0,0,0,2.5,NA,15
female,NA,80 - 89,160.02,56.7,0,0,0,2.5,NA,30
female,NA,60 - 69,157.48,56.7,0,0,0,3,NA,28
male,NA,70 - 79,178.56,82.6,0,0,0,3.25,NA,37.5
male,White,50 - 59,170.18,93,0,0,0,2.75,NA,26
female,White,50 - 59,157.48,99.3,0,0,0,2.5,NA,16
male,NA,60 - 69,170.18,74.7,0,0,0,3.25,NA,6.5
female,White,70 - 79,163.32,64.5,0,0,0,2.5,NA,38
male,NA,60 - 69,190.5,87.5,0,0,0,2.5,NA,63.75
male,NA,60 - 69,167.64,84.8,0,0,0,2.5,NA,56
female,White,40 - 49,167.64,106.4,0,0,0,3,NA,21
female,NA,60 - 69,163.83,79.4,0,1,0,2.5,NA,21
male,NA,70 - 79,173.99,86.6,0,0,0,2.5,NA,35
male,NA,60 - 69,180.34,83.9,0,0,0,2.5,NA,36
female,NA,70 - 79,168.4,72.1,0,1,0,2.5,NA,27.5
male,White,50 - 59,176.02,82.6,1,0,0,3,NA,60
female,NA,70 - 79,165.1,86.2,1,0,0,2.5,NA,13
female,NA,70 - 79,157.48,66.7,0,0,0,2.5,NA,17
female,NA,70 - 79,157.48,80.7,0,0,0,2.5,NA,28
female,NA,70 - 79,168.91,94.1,1,0,0,2.5,NA,32.5
male,NA,60 - 69,175.26,98.9,0,0,0,3,NA,42.5
female,NA,70 - 79,160.02,68,0,0,0,2.5,NA,17.5
female,NA,70 - 79,152.4,85.3,0,0,0,2.5,NA,27.5
female,White,80 - 89,157.48,69.9,0,0,0,2.5,NA,35
female,White,80 - 89,154.94,57.2,0,0,0,2.5,NA,8
male,NA,70 - 79,177.8,95.3,1,0,0,2.5,NA,30
male,White,70 - 79,185.42,85.3,0,0,0,2.5,NA,35
female,NA,70 - 79,166.37,69.9,1,0,0,2.5,NA,28
female,NA,60 - 69,166.37,118.4,0,0,0,2.5,NA,37.5
male,NA,70 - 79,177.8,109.3,1,0,0,2.5,NA,19.5
male,NA,40 - 49,193.04,100.2,0,0,0,3,NA,65
female,NA,70 - 79,175.26,74.8,0,0,0,3,NA,27.5
female,White,70 - 79,163.83,56.2,0,0,0,2.5,NA,27.5
male,NA,40 - 49,172.72,92.5,0,0,0,2.5,NA,40
female,White,50 - 59,169.54,97.1,0,0,0,2.5,NA,27.5
male,NA,80 - 89,162.56,87.5,0,0,0,2.5,NA,60
female,NA,60 - 69,163.32,120,0,0,0,2.5,NA,17.5
male,NA,60 - 69,160.53,66.7,0,0,0,3,NA,14
male,NA,60 - 69,172.72,143.8,1,0,0,2.5,NA,36
female,NA,90+,155.96,76.7,0,0,0,2.5,NA,21.25
female,White,50 - 59,162.56,65.3,0,0,0,3,NA,45
male,NA,80 - 89,175.26,63.5,1,0,0,2.5,NA,30
male,White,70 - 79,182.88,78,1,0,0,2.5,NA,17.5
female,White,60 - 69,153.67,58.3,1,0,0,2.5,NA,20
male,White,70 - 79,168.4,78,0,0,0,2.5,NA,24
male,NA,70 - 79,180.34,78.9,1,0,0,2.5,NA,37.5
male,White,60 - 69,184.91,102.5,1,0,0,2.5,NA,42
female,NA,70 - 79,165.1,112.5,1,0,0,2.5,NA,57.5
male,NA,80 - 89,162.56,64,0,0,0,2.3,NA,14
female,White,50 - 59,163.32,54.9,0,0,0,2.5,NA,43
female,White,70 - 79,162.05,58.4,0,0,0,2.5,NA,50
male,NA,60 - 69,177.8,66.7,1,0,0,2.5,NA,32.5
female,NA,70 - 79,163.32,81.6,0,0,0,2.5,NA,37.5
female,NA,70 - 79,160.02,68.9,1,0,0,2.5,NA,17.5
female,NA,70 - 79,170.18,121.1,0,0,0,2.5,NA,62.5
male,NA,60 - 69,168.4,94.3,0,0,0,2.5,NA,37.5
female,NA,70 - 79,161.29,69.4,0,0,0,2.5,NA,27.5
male,NA,70 - 79,176.53,88.5,1,1,0,3,NA,21
male,White,50 - 59,185.42,137,0,0,0,2.5,NA,42.5
male,NA,40 - 49,179.83,84.2,0,0,0,3.25,NA,65
female,NA,40 - 49,167.64,127.9,1,0,0,2.5,NA,24
male,NA,70 - 79,175.26,149.2,0,0,0,2.5,NA,32.5
male,White,70 - 79,181.1,105.7,0,0,0,2.5,NA,45
female,NA,70 - 79,170.18,79.4,0,0,0,2.5,NA,21
female,NA,60 - 69,170.18,60.8,0,0,0,3,NA,41
female,NA,70 - 79,162.56,68.9,0,0,0,2.5,NA,20
male,White,50 - 59,182.88,105.7,0,0,0,2.5,NA,17.5
male,White,60 - 69,182.88,99.8,0,0,0,3,NA,52.5
female,NA,80 - 89,160.02,59.9,0,0,0,2.25,NA,17
male,White,80 - 89,172.72,88.5,0,0,0,3,NA,42
female,Asian,40 - 49,176.02,48.4,0,0,0,2.5,NA,16.5
male,NA,70 - 79,177.8,135.2,0,0,0,2.5,NA,22.5
female,NA,50 - 59,153.67,70.3,0,0,0,2.25,NA,30
female,NA,40 - 49,165.86,68,0,0,0,3,NA,45
male,White,50 - 59,177.8,83.9,0,0,0,2.5,NA,22.5
male,NA,70 - 79,170.18,82.6,0,0,0,2.5,NA,45
female,NA,80 - 89,160.02,71.2,0,0,0,2.5,NA,27.5
male,White,50 - 59,165.1,74.8,0,0,0,3,NA,42
male,NA,70 - 79,175.26,62.1,0,0,0,2.5,NA,35
male,NA,50 - 59,182.88,115.2,0,0,0,2.5,NA,122.5
male,NA,80 - 89,182.37,95.7,0,0,0,2.5,NA,20
female,White,70 - 79,162.56,55.8,0,0,0,3,NA,47.5
male,NA,60 - 69,176.53,63,0,0,0,3,NA,11
male,NA,60 - 69,183.64,112,1,0,0,2.5,NA,42.5
male,White,50 - 59,187.96,125.2,0,0,0,3,NA,57.5
male,White,80 - 89,182.88,110.2,0,0,0,3,NA,50
male,NA,80 - 89,173.99,83.5,0,0,0,3.25,NA,17.5
female,NA,60 - 69,151.13,100.5,1,0,0,2.5,NA,21
female,NA,60 - 69,167.64,98.9,1,0,0,2.5,NA,24.5
female,White,60 - 69,165.1,75.3,0,0,0,2.5,NA,35
male,NA,50 - 59,177.8,115.2,0,0,1,2.5,NA,27.5
female,NA,70 - 79,153.16,56.7,1,0,0,2.5,NA,42.5
male,White,80 - 89,163.83,71.8,0,0,0,2.5,NA,11.5
female,NA,70 - 79,160.02,75.8,0,0,1,2.5,NA,16.25
male,NA,70 - 79,177.8,99.8,0,0,0,2.5,NA,26
male,NA,60 - 69,180.34,102.1,1,0,0,2.4,NA,21
female,NA,50 - 59,167.64,82.1,1,0,0,2.5,NA,52.5
male,NA,70 - 79,180.34,100.6,0,0,0,2.5,NA,35
female,NA,70 - 79,160.78,73.9,0,0,0,2.5,NA,37.5
female,NA,60 - 69,165.1,78.9,0,0,0,2.5,NA,14
female,NA,60 - 69,166.37,65,0,0,0,2.5,NA,30
female,White,70 - 79,165.1,87.1,0,0,0,2.5,NA,30
female,White,60 - 69,167.64,107.7,1,0,0,2.5,NA,32.5
female,NA,70 - 79,163.83,66.2,0,0,0,2.5,NA,21.25
female,White,60 - 69,160.02,92.1,0,0,0,2.5,NA,22.5
male,NA,70 - 79,186.69,71.2,0,0,0,2.5,NA,11.5
male,NA,40 - 49,187.96,129.3,1,0,0,2.5,NA,50
female,NA,70 - 79,163.83,78.4,0,0,0,2.5,NA,37.5
female,NA,80 - 89,167.64,64.4,0,0,0,2.5,NA,19
female,NA,70 - 79,164.59,71.2,0,0,0,2.5,NA,17.5
male,NA,50 - 59,175.26,91.2,0,0,0,2.5,NA,39
male,NA,70 - 79,174.75,92.8,0,0,0,2.5,NA,50
male,NA,70 - 79,172.72,90.7,1,0,0,2.5,NA,30
female,NA,60 - 69,157.48,56,0,0,0,3,NA,25
female,White,70 - 79,152.4,73.5,0,0,0,2.5,NA,35
female,White,80 - 89,154.94,99.3,0,0,0,2.5,NA,21
male,NA,70 - 79,185.42,98.4,0,0,0,2.5,NA,32.5
male,NA,60 - 69,167.64,83.2,0,0,0,2.5,NA,23
male,NA,50 - 59,182.12,83.5,0,0,0,2.5,NA,42.5
female,NA,70 - 79,157.48,68,0,0,0,3,NA,17.5
male,NA,50 - 59,175.26,107.5,0,0,0,2.5,NA,42.5
female,NA,80 - 89,157.48,64,0,0,0,2.5,NA,17.5
male,NA,60 - 69,182.88,108.9,0,0,0,3.25,NA,52.5
male,NA,70 - 79,182.88,90.7,1,1,0,2.5,NA,42
female,White,70 - 79,167.64,89.4,0,0,0,3,NA,22.5
male,NA,70 - 79,179.07,102.5,0,0,0,2.5,NA,60
male,NA,50 - 59,187.96,103.4,0,0,0,2.5,NA,40
male,White,50 - 59,178.56,97.5,0,0,0,3,NA,28
female,NA,50 - 59,162.56,89.8,0,0,0,2.5,NA,28
male,NA,80 - 89,177.8,95.3,0,0,0,2.5,NA,35
female,NA,40 - 49,162.56,146.5,0,0,0,2.5,NA,27.5
male,NA,70 - 79,180.34,83.5,0,0,0,3,NA,50
male,NA,40 - 49,180.34,111.1,0,0,0,2.5,NA,57.5
female,White,60 - 69,146.81,54.1,1,0,0,2.5,NA,40
male,White,50 - 59,182.88,112,0,0,0,2.5,NA,35
male,NA,70 - 79,177.8,112.9,0,0,0,2.5,NA,42.5
male,NA,80 - 89,177.8,100.7,1,0,0,3,NA,32.5
female,NA,70 - 79,162.56,62.1,1,0,0,2.5,NA,25
male,NA,60 - 69,175.26,87.1,0,0,0,2.5,NA,27.5
male,NA,50 - 59,180.34,154.4,0,0,0,3,NA,55
female,NA,70 - 79,149.86,86.2,1,0,0,3,NA,25
male,NA,70 - 79,175.26,69.9,0,0,0,3,NA,18
male,White,50 - 59,186.69,91.6,1,0,0,2.5,NA,31
male,NA,70 - 79,167.64,68.9,0,0,0,2.3,NA,35
female,NA,40 - 49,162.56,138.8,0,0,0,2.5,NA,65
male,White,70 - 79,180.34,83.9,0,0,0,2.5,NA,17.5
male,NA,80 - 89,165.1,72.6,0,0,0,2.5,NA,15
female,White,50 - 59,160.02,85.1,0,0,0,3.5,NA,60
female,NA,80 - 89,153.16,60.8,1,0,0,3,NA,13
male,NA,70 - 79,177.8,83.5,0,0,0,2.5,NA,45
male,NA,70 - 79,179.07,98,0,0,0,2.5,NA,45
female,NA,70 - 79,158.75,69.9,0,0,0,2.5,NA,27.5
male,NA,50 - 59,177.8,134.3,0,0,0,2.5,NA,55
male,NA,70 - 79,172.72,111.6,0,0,0,2.4,NA,31.5
male,NA,70 - 79,170.18,60.8,0,0,0,2.5,NA,22
male,NA,80 - 89,182.37,87.1,0,0,0,3,NA,26
female,White,80 - 89,162.56,76.7,0,0,0,2.5,NA,12
female,NA,70 - 79,152.4,136.1,1,0,0,2.5,NA,12
male,NA,80 - 89,180.34,73.9,0,0,0,2.5,NA,55
female,NA,50 - 59,163.83,98.7,0,0,0,2.5,NA,22
female,NA,60 - 69,162.56,71.4,1,0,0,3,NA,50
male,NA,70 - 79,173.99,86.2,0,0,0,3,NA,12.5
male,White,50 - 59,193.04,81.6,0,0,0,3,NA,47.5
male,NA,70 - 79,177.8,82.6,0,0,0,2.5,NA,45
male,NA,60 - 69,175.26,98.9,0,0,0,2.5,NA,40
male,NA,60 - 69,179.07,80.7,0,0,0,3,NA,85
male,White,60 - 69,193.04,113.4,1,0,0,3,NA,52
male,NA,70 - 79,172.72,105.2,0,0,0,2.5,NA,21
male,White,60 - 69,177.29,135.5,1,0,0,2.5,NA,37.5
male,NA,60 - 69,190.5,122,0,0,0,3,NA,60
male,NA,80 - 89,182.88,79.8,0,0,0,2.5,NA,17.5
female,White,70 - 79,169.67,98,1,0,0,2.5,NA,20
male,White,40 - 49,170.18,85.3,0,0,0,2.5,NA,42.5
female,NA,60 - 69,157.48,104.8,0,1,0,2.5,NA,20
female,NA,70 - 79,154.94,81.2,1,0,0,2.5,NA,24
male,NA,50 - 59,176.53,99.1,0,0,0,3,NA,42
male,NA,70 - 79,175.26,85.3,0,0,0,2.5,NA,22.5
male,NA,60 - 69,182.88,102.5,0,0,0,2.5,NA,52.5
male,NA,60 - 69,175.26,121.6,0,0,0,2.5,NA,37.5
male,NA,50 - 59,177.8,124.7,0,0,0,2.5,NA,42.5
male,NA,70 - 79,167.64,81.2,0,0,0,2.5,NA,16.25
male,NA,70 - 79,172.72,76.2,1,0,0,2.5,NA,27.5
male,NA,60 - 69,182.88,112,0,0,0,2.5,NA,32.5
male,NA,60 - 69,175.26,101.2,0,0,0,2.5,NA,27.5
male,NA,70 - 79,182.88,88.5,0,0,0,3,NA,20
male,NA,60 - 69,167.64,72.1,0,0,0,3,NA,47.5
male,NA,70 - 79,176.53,95.7,0,0,0,2.5,NA,40
male,NA,60 - 69,177.8,108,1,0,0,3,NA,35
male,NA,50 - 59,177.8,104.8,0,0,0,3,NA,82
female,NA,70 - 79,163.32,82.3,0,0,0,2.5,NA,25
male,NA,50 - 59,172.72,146.5,0,0,0,2.5,NA,27.5
female,White,60 - 69,165.1,80.3,0,0,0,2.5,NA,28
male,NA,70 - 79,167.64,67.1,0,0,0,3,NA,28
male,NA,70 - 79,175.26,76.7,1,0,1,2.5,NA,21
male,NA,70 - 79,172.72,92.1,1,0,0,2.5,NA,21
female,NA,60 - 69,144.27,55.3,0,0,0,2.5,NA,24
male,NA,50 - 59,187.96,124.7,0,0,0,2.5,NA,32.5
male,NA,50 - 59,179.83,92.5,0,0,0,2.5,NA,65
male,NA,60 - 69,177.29,87.3,1,0,0,2.5,NA,30
male,NA,70 - 79,170.94,80.7,0,0,0,2.5,NA,28
female,NA,70 - 79,160.02,53.1,0,1,0,3,NA,18.5
female,NA,70 - 79,160.02,79.3,0,0,0,2.5,NA,33
male,NA,70 - 79,184.15,112.9,0,0,0,2.5,NA,27.5
female,White,60 - 69,158.75,98.9,1,0,0,3,NA,37.5
female,White,60 - 69,165.1,103,1,0,0,2.5,NA,34
female,NA,70 - 79,162.56,82.6,0,0,0,3,NA,28
male,NA,70 - 79,185.42,89.4,0,0,0,2.5,NA,32.5
male,NA,60 - 69,167.64,90.3,0,0,0,2.5,NA,37
female,NA,60 - 69,161.29,110.7,1,0,0,2.5,NA,35
female,NA,40 - 49,158.75,121.6,0,0,0,2.5,NA,32
male,NA,80 - 89,165.86,97.5,1,0,0,2.5,NA,21
male,NA,70 - 79,184.91,89.4,0,0,0,2.4,NA,28
male,NA,60 - 69,168.91,107,0,0,0,3,NA,40
male,NA,70 - 79,185.42,108,1,0,0,2.5,NA,35
male,NA,70 - 79,168.91,67.6,0,0,0,2.5,NA,37.5
male,NA,80 - 89,175.26,126.1,0,0,0,2.5,NA,35
female,NA,80 - 89,161.29,70.8,0,0,0,2.5,NA,42
male,NA,30 - 39,165.1,84.8,0,0,0,3.75,NA,62.5
male,NA,50 - 59,178.56,95.7,0,0,0,3,NA,60
male,NA,70 - 79,177.8,89.4,0,0,0,2.5,NA,23
male,NA,60 - 69,185.42,112.9,0,0,0,2.5,NA,19
male,NA,70 - 79,172.72,86.9,0,0,0,3,NA,38
male,NA,60 - 69,175.26,98.2,0,0,0,2.5,NA,40
male,NA,50 - 59,174.75,75.3,0,0,0,2.4,NA,49
male,NA,60 - 69,172.72,117,0,0,0,2.5,NA,35
female,NA,60 - 69,157.48,77.3,0,0,0,2.5,NA,17.5
male,NA,50 - 59,175.26,95.7,0,0,0,2.5,NA,42.5
male,NA,60 - 69,173.99,88,0,0,0,3,NA,36
female,White,70 - 79,158.24,109.3,0,1,0,2.5,NA,42.5
female,NA,50 - 59,176.53,81.6,0,0,0,2.5,NA,35
female,NA,60 - 69,161.29,60.8,0,0,0,3,NA,35
female,NA,80 - 89,160.02,112,0,0,0,2.5,NA,32.5
female,NA,70 - 79,170.18,90.3,0,0,0,2.5,NA,19
male,NA,70 - 79,177.8,96.6,0,0,0,3,NA,40
male,NA,80 - 89,160.02,83,0,0,0,2.5,NA,25
male,NA,60 - 69,177.8,111.1,0,0,0,2.5,NA,50
female,NA,80 - 89,144.78,58.1,1,0,0,3,NA,42
male,NA,60 - 69,170.18,80.1,0,0,0,2.5,NA,36
male,NA,50 - 59,190.5,158.8,0,0,0,2.5,NA,49
male,White,60 - 69,171.45,78,0,0,0,3,NA,42.5
female,NA,70 - 79,157.48,62.1,0,0,0,2.5,NA,43
female,White,40 - 49,169.67,101.2,0,1,0,2.5,NA,12
male,NA,60 - 69,171.45,89.4,0,0,0,2.5,NA,42.5
male,NA,50 - 59,175.26,94.6,0,1,0,3,NA,25
male,White,50 - 59,185.42,103.4,0,0,0,3,NA,40
female,Korean,40 - 49,155,48,0,0,0,2.12,A/A,28
female,Korean,50 - 59,159,74,0,0,0,2.31,A/A,28
male,Korean,70 - 79,167,52,0,0,0,2.23,A/G,29.75
female,Korean,50 - 59,155,49,0,0,0,2.06,A/A,31.5
male,Korean,50 - 59,168,54,0,0,0,1.84,A/A,28
male,Korean,50 - 59,162,59,0,0,0,2.47,A/A,29.75
male,Korean,60 - 69,170,78,0,0,0,2.18,A/A,35
female,Korean,50 - 59,160,55,1,0,0,2.15,A/A,38.5
female,Korean,50 - 59,155,68,0,0,0,2.7,A/A,29.75
male,Korean,60 - 69,170,72,0,0,0,1.81,A/A,29.75
female,Korean,50 - 59,158,48,0,0,0,2.16,A/A,38.5
male,Korean,50 - 59,173,73,0,0,0,1.71,A/A,33.25
female,Korean,50 - 59,158,53,0,0,0,1.85,A/A,35
female,Korean,50 - 59,153,58,0,0,0,1.84,A/A,29.75
male,Korean,40 - 49,170,78,0,0,0,1.77,A/A,29.75
female,Korean,40 - 49,155,64,0,0,0,2.12,A/A,28
female,Korean,60 - 69,159,49,0,0,0,2.72,A/A,24.5
female,Korean,40 - 49,NA,56,0,0,0,2.46,A/A,38.5
female,Korean,30 - 39,163,59,0,0,0,2.79,A/A,33.25
female,Korean,60 - 69,158,53,0,0,0,2.47,A/A,24
female,Korean,50 - 59,161,60,0,0,0,2.37,A/A,21
female,Korean,50 - 59,154,50,0,0,0,2.17,A/G,41
female,Korean,70 - 79,NA,42,0,0,0,2.16,A/A,22.75
female,Korean,50 - 59,153,55,0,0,0,2.38,A/A,33.25
male,Korean,30 - 39,170,75,0,0,0,2.05,A/A,28
male,Korean,50 - 59,153,50,1,0,0,2.04,A/A,17.5
female,Korean,50 - 59,151,45,0,0,0,1.99,A/A,33.25
female,Korean,40 - 49,157,52,0,0,0,1.93,A/G,22.75
female,Korean,40 - 49,160,59,0,0,0,2.15,A/A,33.25
female,Korean,60 - 69,156,43,0,0,0,2.36,A/A,24.5
female,Korean,50 - 59,163,66,0,0,0,1.96,A/A,29.75
female,Korean,50 - 59,158,53,0,0,0,2.72,A/A,26.25
female,Korean,30 - 39,NA,NA,0,0,0,2.2,A/A,36.75
female,Korean,60 - 69,NA,55,0,0,0,2.17,A/G,31.5
female,Korean,40 - 49,150,50,0,0,0,2.03,A/A,14
female,Korean,50 - 59,157,59,1,0,0,1.97,A/A,28
female,Korean,30 - 39,158,54,0,0,0,2.23,A/A,35
male,Korean,40 - 49,160,55,0,0,0,2.44,A/A,29.75
female,Korean,30 - 39,NA,53,0,0,0,2.21,A/A,28
female,Korean,40 - 49,155,58,0,0,0,2.42,A/A,21
female,Korean,40 - 49,NA,NA,0,0,0,1.8,A/A,28
male,Korean,70 - 79,170,73,0,0,0,2.17,A/A,22.75
female,Korean,60 - 69,NA,63,0,0,0,2.08,A/A,28
male,Korean,60 - 69,175,72,0,0,0,1.74,A/A,45.5
female,Korean,60 - 69,163,60,0,0,0,2.41,A/A,22.75
female,Korean,60 - 69,150,47,0,0,0,2.01,A/A,22.75
female,Korean,80 - 89,158,64,0,0,0,2.43,A/A,22.75
male,Korean,40 - 49,174,90,0,0,0,2.22,A/A,42
female,Korean,30 - 39,153,46,0,0,0,2.72,A/A,26.25
male,Korean,40 - 49,168,78,0,0,0,2.36,A/A,21
female,Korean,60 - 69,NA,60,0,0,0,2.36,A/G,36.75
female,Korean,40 - 49,155,53,0,0,0,2.25,A/A,28
female,Korean,60 - 69,150,53,0,0,0,1.82,A/A,14
male,Korean,60 - 69,NA,NA,0,0,0,2.55,A/A,19.25
female,Korean,40 - 49,163,62,0,0,0,2,A/A,26.25
male,Korean,60 - 69,167,65,0,0,0,2.36,A/A,19.25
female,Korean,40 - 49,157,57,0,0,0,2,A/A,21
female,Korean,40 - 49,163,73,0,0,0,2.06,A/A,35
female,Korean,50 - 59,154,64,0,0,0,2.56,A/A,21
male,Korean,40 - 49,158,50,0,0,0,1.99,NA,43.75
female,Korean,43739,150,42,0,0,0,2.12,A/A,22.75
female,Korean,40 - 49,160,59,0,0,0,2.38,A/A,43.75
female,Korean,60 - 69,NA,61,0,0,0,2.11,A/A,26.25
male,Korean,60 - 69,165,60,0,0,0,2.06,A/A,33.25
female,Korean,40 - 49,156,44,0,0,0,2.57,A/A,22.75
female,Korean,50 - 59,161,58,0,0,0,1.9,A/G,31.5
female,Korean,60 - 69,NA,NA,0,0,0,2.73,A/A,26.25
female,Korean,60 - 69,NA,43,0,0,0,1.89,A/A,17.5
male,Korean,60 - 69,NA,43,0,0,0,2.58,A/A,40.25
male,Korean,20 - 29,182,57,0,0,0,1.93,A/A,22.75
female,Korean,40 - 49,155,62,0,0,0,2.32,A/G,49
female,Korean,60 - 69,150,56,0,0,0,1.85,A/A,33.25
female,Korean,80 - 89,160,54,0,0,0,1.77,A/A,26.25
male,Korean,50 - 59,177,63,0,0,0,2.47,A/G,59.5
male,Korean,60 - 69,160,60,0,0,0,2.01,A/A,26.25
male,Korean,40 - 49,170,79,0,0,0,2.14,A/A,38.5
female,Korean,30 - 39,166,52,0,0,0,2,A/A,29.75
male,Korean,40 - 49,175,76,1,0,0,2.73,A/A,29.75
male,Korean,50 - 59,165,60,0,0,0,2.14,A/A,21
female,Korean,60 - 69,150,57,0,0,0,2.49,A/A,26.25
female,Korean,40 - 49,164,62,0,0,0,2.17,A/G,56
male,Korean,60 - 69,173,60,0,0,1,2.8,A/A,21
female,Korean,50 - 59,NA,72,0,0,0,2.66,A/A,35
female,Korean,60 - 69,156,53,0,0,0,2.14,A/A,22.75
female,Korean,50 - 59,167,58,0,0,0,2.1,A/A,22.75
male,Korean,50 - 59,174,67,0,0,0,1.54,A/G,66.5
female,Korean,50 - 59,145,52,1,0,0,2.24,A/A,35
female,Korean,60 - 69,NA,NA,0,0,0,2.04,A/A,26.25
female,Korean,50 - 59,150,55,0,0,0,2.23,A/A,22.75
female,Korean,50 - 59,150,49,0,0,0,2.18,A/A,21
female,Korean,60 - 69,NA,50,0,0,0,2.32,A/A,26.25
female,Korean,50 - 59,NA,45,0,0,0,2.7,A/A,28
female,Korean,30 - 39,160,60,0,0,0,1.89,A/A,33.25
female,Korean,40 - 49,NA,59,0,0,0,1.88,A/G,43.75
female,Korean,60 - 69,164,52,0,0,0,2.43,A/A,27
female,Korean,40 - 49,150,54,0,0,0,2.29,A/A,38.5
female,Korean,50 - 59,167,70,0,0,0,2.37,A/A,15.75
female,Korean,40 - 49,156,47,0,0,0,2.65,A/G,49
male,Korean,50 - 59,176,80,0,0,0,2.06,A/A,38.5
female,Korean,40 - 49,NA,47,0,0,0,2.24,A/A,19.25
female,Korean,60 - 69,150,55,0,0,0,1.89,A/A,22.75
female,Korean,50 - 59,154,61,0,0,0,1.79,A/A,17.5
male,Korean,60 - 69,170,70,0,0,0,1.99,A/A,26.25
male,Korean,40 - 49,165,78,0,0,0,2.2,A/A,35
male,Korean,60 - 69,160,65,0,0,0,2.63,A/A,35
female,Korean,60 - 69,NA,52,0,0,0,1.97,A/A,21
female,Korean,40 - 49,160,55,0,0,0,2.26,A/A,15.75
female,Korean,50 - 59,159,63,0,0,0,2.27,A/A,33.25
female,Korean,40 - 49,151,47,0,0,0,2.23,A/A,24.5
female,Korean,40 - 49,156,51,1,0,0,2.77,A/A,28
female,Korean,30 - 39,159,58,0,0,0,2.71,A/A,35
female,Korean,60 - 69,158,57,0,0,0,2.7,A/A,21
male,Korean,50 - 59,NA,56,0,0,0,2.47,A/G,21
female,Korean,60 - 69,NA,NA,0,0,0,2.07,A/G,42
male,Korean,40 - 49,NA,NA,0,0,0,2.08,A/A,28
male,Korean,30 - 39,175,95,0,0,0,2.4,A/A,19.25
male,Korean,50 - 59,169,68,0,0,0,2.3,A/A,35
male,Korean,40 - 49,NA,NA,0,0,0,2.52,A/G,47.25
male,Korean,20 - 29,178,86,0,0,0,2.01,A/A,29.75
female,Korean,60 - 69,161,62,0,0,0,2.6,A/A,28
female,Korean,50 - 59,162,63,0,0,0,2.07,A/A,28
male,Korean,50 - 59,178,71,1,0,0,2.34,A/A,19.25
female,Korean,50 - 59,NA,50,0,0,0,1.95,A/A,36.75
female,Korean,40 - 49,162,57,0,0,0,2.02,A/A,29.75
male,Korean,70 - 79,160,63,0,0,0,2.69,A/A,15.75
female,Korean,40 - 49,160,52,0,0,0,2.33,A/A,26.25
female,Korean,50 - 59,156,56,0,0,0,2.24,A/A,26.25
female,Korean,70 - 79,NA,43,0,0,1,1.87,A/G,21
female,Korean,50 - 59,154,60,0,0,0,2.02,A/A,28
female,Korean,50 - 59,150,55,0,0,0,1.84,A/A,29.75
male,Korean,50 - 59,158,55,0,0,0,2.46,A/A,29.75
female,Korean,50 - 59,NA,60,0,0,0,2.25,A/A,33.25
male,Korean,70 - 79,NA,56,1,1,0,2.66,A/A,38.5
female,Korean,60 - 69,NA,60,0,0,0,2.62,A/A,26.25
male,Korean,60 - 69,162,70,0,0,0,1.84,A/G,42
male,Korean,50 - 59,165,64,0,0,0,2.13,A/A,42
male,Korean,50 - 59,169,65,0,0,0,2.01,A/A,21
female,Korean,50 - 59,158,60,0,0,1,1.93,A/A,40.25
female,Korean,30 - 39,162,42,0,0,0,2.61,A/A,24.5
male,Korean,30 - 39,172,63,0,0,0,2.27,A/A,29.75
female,Korean,50 - 59,164,58,0,0,0,2.19,A/A,40.25
male,Korean,60 - 69,175,68,0,0,0,2.41,A/A,22.75
female,Korean,50 - 59,156,58,0,0,0,2.28,A/A,24.5
female,Korean,40 - 49,157,57,0,0,0,2.01,A/A,26.25
female,Korean,60 - 69,156,47,0,0,0,2.04,A/A,28
male,Korean,50 - 59,165,63,0,0,0,2.02,A/A,26.25
female,Korean,50 - 59,NA,50,0,0,0,1.99,A/A,28
female,Korean,40 - 49,157,49,0,0,0,2.18,A/A,17.5
female,Korean,40 - 49,155,46,0,0,0,1.81,A/A,22.75
female,Korean,40 - 49,NA,62,0,0,0,2.07,A/A,36.75
male,Korean,30 - 39,182,84,0,0,0,2.03,A/A,28
female,Korean,30 - 39,155,47,0,0,0,1.84,A/A,24.5
male,Korean,40 - 49,170,75,0,0,0,1.84,A/A,29.75
female,Korean,50 - 59,149,51,0,0,0,1.76,NA,42
female,Korean,50 - 59,NA,67,0,0,0,2.12,A/A,26.25
female,Korean,60 - 69,162,40,0,0,0,2.19,A/A,22.75
female,Korean,60 - 69,163,48,0,0,0,2.53,A/A,22.75
female,Korean,50 - 59,NA,74,0,0,0,2.04,A/A,28
male,Korean,60 - 69,NA,66,0,0,0,2.84,A/A,26.25
male,Korean,50 - 59,175,58,0,0,0,2.8,A/A,36.75
male,Korean,60 - 69,165,47,0,0,0,2.73,A/A,10.5
female,Korean,60 - 69,158,55,0,0,0,2.29,A/G,36.75
male,Korean,50 - 59,170,75,0,0,0,1.85,A/A,14
female,Korean,60 - 69,156,59,0,0,0,1.9,A/A,26.25
female,Korean,50 - 59,155,65,0,0,0,2.3,NA,29.75
female,Korean,50 - 59,155,52,0,0,0,1.99,A/A,26.25
male,Korean,50 - 59,170,72,0,0,0,2.3,A/A,24.5
female,Korean,60 - 69,156,52,0,0,0,2.74,NA,21
female,Korean,50 - 59,158,54,0,0,0,2.81,A/A,17.5
female,Korean,60 - 69,NA,50,0,0,0,2.28,A/A,36.75
female,Korean,50 - 59,158,45,0,0,0,1.95,A/A,21
female,Korean,40 - 49,153,49,0,0,0,2.69,NA,33.25
male,Korean,60 - 69,166,60,0,0,0,2.13,A/A,19.25
female,Korean,50 - 59,NA,48,0,0,0,2.11,NA,28
female,Korean,50 - 59,159,53,0,0,0,2.01,A/A,33.25
female,Korean,60 - 69,156,56,0,0,0,2.5,A/A,26.25
female,Korean,40 - 49,166,62,0,0,0,1.9,A/G,43.75
female,Korean,60 - 69,159,57,0,0,1,2.62,A/A,17.5
female,Korean,60 - 69,160,70,0,0,0,2.1,NA,15.75
male,Korean,30 - 39,NA,NA,0,0,0,1.88,A/A,21
female,Korean,50 - 59,153,55,0,0,0,2.29,A/A,26.25
female,Korean,50 - 59,NA,NA,0,0,0,1.81,NA,33.25
female,Korean,50 - 59,158,56,0,0,0,2.52,A/A,22.75
male,Korean,40 - 49,172,72,0,0,0,2.4,A/A,26.25
female,Korean,50 - 59,153,58,0,0,0,2.49,NA,28
female,Korean,50 - 59,161,53,0,0,0,1.81,A/A,26.25
female,Korean,30 - 39,160,51,0,0,0,1.9,A/A,31.5
female,Korean,50 - 59,148,45,0,0,0,2.13,A/A,15.75
female,Korean,50 - 59,155,53,0,0,0,1.83,A/A,38.5
female,Korean,50 - 59,NA,45,0,0,1,2.01,A/A,28
female,Korean,60 - 69,160,54,0,0,0,2.81,A/A,12.25
female,Korean,60 - 69,159,49,0,0,0,1.76,A/A,22.75
female,Korean,50 - 59,158,63,0,0,0,2.05,A/A,29.75
female,Korean,60 - 69,NA,NA,0,0,0,1.82,A/A,33.25
female,Korean,50 - 59,159,55,0,0,0,2.22,A/A,31.5
female,Korean,50 - 59,155,48,0,0,0,1.99,A/G,19.25
male,Korean,30 - 39,169,65,0,0,0,2.61,A/G,40.25
female,Korean,70 - 79,160,64,0,0,0,2.92,A/A,17.5
female,Korean,60 - 69,NA,56,0,0,0,1.72,A/A,10.5
male,Korean,30 - 39,NA,NA,0,0,0,1.72,A/A,36.75
female,Korean,50 - 59,159,51,0,0,0,2.23,A/A,21
male,Korean,60 - 69,172,70,0,0,0,1.73,A/A,29.75
female,Korean,40 - 49,NA,NA,0,0,0,2.45,A/A,19.25
female,Korean,60 - 69,154,58,0,0,0,1.95,NA,12.25
male,Korean,50 - 59,167,72,0,0,0,2.87,A/G,43.75
female,Korean,60 - 69,165,67,0,0,0,1.92,A/G,38.5
female,Korean,50 - 59,158,62,0,0,0,1.84,A/A,22.75
female,Korean,60 - 69,160,58,0,0,0,2.64,A/G,33.25
female,Korean,60 - 69,155,52,0,0,0,2.41,A/A,33.25
female,Korean,60 - 69,146,60,0,0,0,2,A/A,29.75
female,Korean,50 - 59,164,74,0,0,0,2,A/A,45.5
male,Korean,60 - 69,167,75,0,0,0,2.11,A/A,29.75
female,Korean,60 - 69,160,65,0,0,0,2.5,A/A,31.5
female,Korean,40 - 49,160,60,0,0,0,2.15,A/A,26.25
male,Korean,60 - 69,165,63,0,0,0,2.27,A/A,19.25
male,Korean,50 - 59,165,80,0,0,0,2.51,A/A,40.25
female,Korean,40 - 49,162,64,0,0,0,2.13,A/A,27
male,Korean,20 - 29,185,78,0,0,0,2.05,A/A,31.5
male,Korean,40 - 49,NA,NA,0,0,0,2.33,A/A,31.5
female,Korean,60 - 69,157,45,0,0,0,2.4,A/A,19.25
female,Korean,40 - 49,NA,NA,0,0,0,2.23,A/G,29.75
male,Korean,50 - 59,173,60,0,0,0,1.83,A/A,22.75
female,Korean,40 - 49,NA,56,0,0,0,2.2,A/A,40.25
female,Korean,60 - 69,155,55,0,0,0,2.34,A/A,22.75
female,Korean,50 - 59,NA,47,0,0,0,2.04,A/A,28
female,Korean,50 - 59,159,59,0,0,0,2.01,A/A,22.75
female,Korean,60 - 69,155,66,0,0,0,1.71,A/G,22.75
female,Korean,50 - 59,NA,NA,0,0,0,2.24,A/A,21
female,Korean,40 - 49,160,63,0,0,0,2.5,A/A,14
female,Korean,50 - 59,160,57,0,0,0,2.36,A/A,26.25
female,Korean,40 - 49,162,50,0,0,0,2.44,A/A,40.25
female,Korean,50 - 59,NA,NA,0,0,0,2.36,A/A,15.75
female,Korean,50 - 59,161,82,0,0,0,2.17,A/A,38.5
male,Korean,50 - 59,169,66,0,0,0,1.99,A/A,31.5
male,Korean,60 - 69,NA,NA,0,0,0,2.72,A/A,24.5
female,Korean,60 - 69,160,57,0,0,0,2.1,A/A,24.5
male,Korean,40 - 49,160,59,0,0,0,2.14,A/A,21
female,Korean,40 - 49,NA,NA,0,0,0,2.01,A/A,29.75
male,Korean,30 - 39,176,63,0,0,0,2.22,A/A,15.75
female,Korean,70 - 79,NA,NA,0,0,0,2.29,A/G,31.5
male,Korean,70 - 79,NA,NA,0,0,0,1.86,A/A,21
female,Korean,60 - 69,NA,43,0,0,0,2.14,A/A,14
male,Korean,20 - 29,178,82,0,0,0,2.47,A/A,35
female,Korean,50 - 59,159,57,0,0,0,2.46,A/A,35
female,Korean,40 - 49,161,54,1,0,0,1.97,A/G,38.5
female,Korean,40 - 49,NA,53,0,0,0,2.42,A/A,35
male,Korean,60 - 69,172,70,0,0,0,2.56,A/A,19.25
male,Korean,50 - 59,175,80,0,0,0,2.12,A/A,28
male,Korean,40 - 49,180,78,0,0,1,2.33,A/A,15.75
male,Korean,60 - 69,NA,47,0,0,0,1.91,A/A,10.5
female,Korean,50 - 59,158,69.5,0,0,0,1.73,A/A,22.75
male,Korean,70 - 79,NA,58,0,0,0,2.3,A/A,29.75
male,Korean,60 - 69,NA,NA,0,0,0,2.56,A/A,28
male,Korean,40 - 49,170,77,1,0,0,2.17,A/A,31.5
female,Korean,60 - 69,150,57,0,0,0,2.05,A/A,28
male,Korean,40 - 49,NA,NA,0,0,0,1.86,A/G,38.5
male,Korean,20 - 29,176,75,0,0,0,1.8,A/A,47.25
female,Korean,70 - 79,NA,NA,0,0,0,1.81,A/G,31.5
male,Korean,60 - 69,NA,NA,0,0,0,1.76,A/G,40.25
female,Korean,50 - 59,NA,NA,0,0,0,2.99,A/A,21
female,Korean,40 - 49,165,68,0,0,0,2.03,A/A,26.25
male,Korean,50 - 59,NA,65,0,0,0,2.8,A/A,35
male,Korean,20 - 29,NA,NA,0,0,0,1.88,A/G,28
male,NA,70 - 79,NA,NA,NA,NA,0,2.2,NA,14
female,NA,70 - 79,NA,60,NA,NA,0,3.2,NA,15
female,NA,50 - 59,NA,65.9,NA,NA,0,2.5,NA,32
male,NA,30 - 39,NA,125,NA,NA,0,2.1,NA,35
male,NA,60 - 69,NA,113,NA,NA,0,2.3,NA,50
female,NA,60 - 69,NA,72,NA,NA,0,2.8,NA,16.5
male,NA,80 - 89,NA,99,NA,NA,0,1.8,NA,7
male,NA,60 - 69,NA,80,NA,NA,0,1.3,NA,27.5
female,NA,70 - 79,NA,83.2,NA,NA,0,2.4,NA,39
male,NA,50 - 59,NA,56,NA,NA,0,1.9,NA,52.5
female,NA,70 - 79,NA,71,NA,NA,0,2.1,NA,7
female,NA,70 - 79,NA,78,NA,NA,0,2.4,NA,35
female,NA,70 - 79,NA,78,NA,NA,0,2,NA,35
female,NA,50 - 59,NA,78,NA,NA,0,2.3,NA,25
female,NA,70 - 79,NA,77.7,NA,NA,0,2,NA,25
female,NA,50 - 59,NA,NA,NA,NA,0,1.6,NA,35
female,NA,50 - 59,NA,142,NA,NA,0,5.1,NA,12.5
male,NA,80 - 89,NA,62,NA,NA,0,3.1,NA,35
male,NA,70 - 79,NA,84,NA,NA,0,2.9,NA,70
male,NA,60 - 69,NA,77,NA,NA,0,1.7,NA,50
female,NA,50 - 59,NA,106,NA,NA,0,1.8,NA,35
male,NA,80 - 89,NA,87,NA,NA,0,1.9,NA,28
male,NA,80 - 89,NA,106,NA,NA,0,2.8,NA,35
male,NA,70 - 79,NA,81,NA,NA,0,2.1,NA,21
female,NA,60 - 69,NA,NA,NA,NA,0,1.1,NA,17.5
male,NA,60 - 69,NA,65,NA,NA,0,2.3,NA,52.5
male,NA,50 - 59,NA,115,NA,NA,0,1.8,NA,36
male,NA,70 - 79,NA,NA,NA,NA,0,1.9,NA,19
male,NA,60 - 69,NA,117,NA,NA,0,2.2,NA,5
male,NA,70 - 79,NA,NA,NA,NA,0,2.3,NA,50
female,NA,60 - 69,NA,118,NA,NA,0,2.7,NA,55
female,NA,80 - 89,NA,48.2,NA,NA,0,1.8,NA,20
female,NA,70 - 79,NA,77.7,NA,NA,0,2.4,NA,20
male,NA,80 - 89,NA,87.7,NA,NA,0,4.2,NA,16
male,NA,70 - 79,NA,83.6,NA,NA,0,2.8,NA,16
female,NA,60 - 69,NA,NA,NA,NA,0,2.5,NA,23
male,NA,70 - 79,NA,98.6,NA,NA,0,3,NA,32.5
female,NA,80 - 89,NA,90,NA,NA,0,1.9,NA,24
male,NA,80 - 89,NA,71,NA,NA,0,1.6,NA,18
male,NA,60 - 69,NA,105.9,NA,NA,0,2.8,NA,50
female,NA,70 - 79,NA,55,NA,NA,0,2.1,NA,42
male,NA,70 - 79,NA,145,NA,NA,0,2.4,NA,60
female,NA,70 - 79,NA,65,NA,NA,0,2.5,NA,30
female,NA,60 - 69,NA,57.3,NA,NA,0,2.1,NA,20
female,NA,80 - 89,NA,49.1,NA,NA,0,3.7,NA,17
female,NA,70 - 79,NA,76,NA,NA,0,2.2,NA,30
female,NA,30 - 39,NA,78,NA,NA,0,6.1,NA,52.5
male,NA,60 - 69,NA,107.3,NA,NA,0,1.7,NA,38.5
male,NA,60 - 69,NA,54.5,NA,NA,0,1.5,NA,21
male,NA,40 - 49,NA,81.4,NA,NA,0,2,NA,47.5
male,NA,50 - 59,NA,120.5,NA,NA,0,3.2,NA,70
male,NA,60 - 69,NA,84.5,NA,NA,0,2.1,NA,60
male,NA,40 - 49,NA,107.3,NA,NA,0,2.6,NA,27.5
male,NA,70 - 79,NA,97,NA,NA,0,2.1,NA,42.5
male,NA,30 - 39,NA,105,NA,NA,0,1,NA,35
female,NA,70 - 79,NA,80.9,NA,NA,0,2.4,NA,35
female,NA,70 - 79,NA,70.5,NA,NA,0,3.3,NA,65
female,NA,80 - 89,NA,62.7,NA,NA,0,1.6,NA,22
female,NA,60 - 69,NA,46.4,NA,NA,0,2.6,NA,34
female,NA,50 - 59,NA,NA,NA,NA,0,3.5,NA,30
female,NA,60 - 69,NA,92,NA,NA,0,1.6,NA,45
male,NA,70 - 79,NA,107,NA,NA,0,2.5,NA,70
female,NA,60 - 69,NA,61,NA,NA,0,3.2,NA,17.5
female,NA,80 - 89,NA,59.5,NA,NA,0,2.6,NA,25
female,NA,60 - 69,NA,66.4,NA,NA,0,1.4,NA,17.5
male,NA,70 - 79,NA,61.8,NA,NA,0,3.1,NA,32.5
female,NA,50 - 59,NA,150.9,NA,NA,0,3,NA,22.5
female,NA,20 - 29,NA,78.2,NA,NA,0,2.6,NA,52.5
female,NA,50 - 59,NA,96,NA,NA,0,1.5,NA,35
female,NA,40 - 49,NA,93,NA,NA,0,2.3,NA,35
female,NA,60 - 69,NA,95.9,NA,NA,0,2.5,NA,42.5
male,NA,70 - 79,NA,97,NA,NA,0,2.1,NA,27.5
male,NA,80 - 89,NA,81,NA,NA,0,2.9,NA,30
female,NA,70 - 79,NA,70,NA,NA,0,2.7,NA,35
female,NA,70 - 79,NA,62.3,NA,NA,0,2.6,NA,28.5
male,NA,70 - 79,NA,68.2,NA,NA,NA,1.9,NA,25
male,NA,80 - 89,NA,89,NA,NA,NA,2,NA,35
male,NA,60 - 69,NA,164,NA,NA,0,2,NA,52.5
female,NA,70 - 79,NA,70.5,NA,NA,0,2.2,NA,12
male,NA,50 - 59,NA,85,NA,NA,0,2.9,NA,17.5
male,NA,50 - 59,NA,96,NA,NA,0,2.1,NA,27.5
male,NA,50 - 59,NA,86,NA,NA,0,2.4,NA,17.5
male,NA,80 - 89,NA,75,NA,NA,0,1.7,NA,15
female,NA,70 - 79,NA,51.8,NA,NA,0,1.8,NA,35
male,NA,80 - 89,NA,69,NA,NA,0,2.2,NA,42
female,NA,60 - 69,NA,NA,NA,NA,0,3,NA,40
male,NA,80 - 89,NA,90.9,NA,NA,0,2.6,NA,15
male,NA,70 - 79,NA,70.5,NA,NA,0,1.9,NA,20
female,NA,80 - 89,NA,56.8,NA,NA,0,2.8,NA,26
female,NA,70 - 79,NA,84.5,NA,NA,0,2,NA,25.5
male,NA,60 - 69,NA,86.4,NA,NA,0,3,NA,27.5
male,NA,40 - 49,NA,NA,NA,NA,0,2,NA,52.5
female,NA,70 - 79,NA,63.6,NA,NA,0,2.2,NA,13
female,NA,80 - 89,NA,66.4,NA,NA,0,2.7,NA,35
male,NA,70 - 79,NA,99.1,NA,NA,0,2.7,NA,35.5
female,NA,40 - 49,NA,62.7,NA,NA,0,3.1,NA,35
male,NA,60 - 69,NA,81.8,NA,NA,0,2.2,NA,25
male,NA,80 - 89,NA,NA,NA,NA,0,1.5,NA,35
female,NA,80 - 89,NA,50,NA,NA,0,1.9,NA,32.5
male,NA,60 - 69,NA,105,NA,NA,0,2.3,NA,17.5
male,NA,80 - 89,NA,81.4,NA,NA,0,1.5,NA,17.5
male,NA,80 - 89,NA,95.5,NA,NA,0,2.3,NA,32.5
female,NA,80 - 89,NA,54.5,NA,NA,0,2,NA,7
female,NA,80 - 89,NA,67.7,NA,NA,0,3,NA,27.5
female,NA,70 - 79,NA,133,NA,NA,0,2.6,NA,35
male,NA,70 - 79,NA,133.2,NA,NA,0,2.5,NA,50
male,NA,60 - 69,NA,107.7,NA,NA,0,2.4,NA,24
female,NA,60 - 69,NA,67.7,NA,NA,0,3.3,NA,11.25
male,NA,70 - 79,NA,83.6,NA,NA,0,2.3,NA,17.5
female,NA,60 - 69,NA,81.4,NA,NA,0,2.1,NA,30
male,NA,80 - 89,NA,70.9,NA,NA,0,2.7,NA,49
male,NA,70 - 79,NA,NA,NA,NA,0,3.3,NA,38
male,NA,80 - 89,NA,74.5,NA,NA,0,2.2,NA,22.5
female,NA,80 - 89,NA,62.7,NA,NA,0,1.8,NA,17.5
male,NA,70 - 79,NA,76.4,NA,NA,0,2.9,NA,20
female,NA,60 - 69,NA,85,NA,NA,0,2.6,NA,37.5
male,NA,60 - 69,NA,102.3,NA,NA,0,2.1,NA,20
female,NA,80 - 89,NA,84.5,NA,NA,0,3.1,NA,30
female,NA,60 - 69,NA,88.2,NA,NA,0,3.6,NA,30
female,NA,60 - 69,NA,58.2,NA,NA,0,2.2,NA,25
female,NA,50 - 59,NA,157.3,NA,NA,0,1.8,NA,45
female,NA,80 - 89,NA,54.5,NA,NA,0,3.3,NA,32.5
female,NA,70 - 79,NA,105.5,NA,NA,0,2.2,NA,25
female,NA,70 - 79,NA,114.5,NA,NA,0,2.1,NA,22.5
male,NA,80 - 89,NA,87.7,NA,NA,0,2.7,NA,16
female,NA,70 - 79,NA,74.1,NA,NA,0,2.5,NA,26
female,NA,80 - 89,NA,64.5,NA,NA,0,4.6,NA,17
female,NA,70 - 79,NA,77.7,NA,NA,0,3.4,NA,12
female,NA,80 - 89,NA,71.4,NA,NA,0,1.4,NA,25
female,NA,70 - 79,NA,NA,NA,NA,0,2.4,NA,20
male,NA,80 - 89,NA,80,NA,NA,0,1.8,NA,11
male,NA,50 - 59,NA,NA,NA,NA,0,2,NA,30
female,NA,80 - 89,NA,68.2,NA,NA,0,1.7,NA,22.5
female,NA,50 - 59,NA,111.4,NA,NA,0,2.4,NA,26.25
female,NA,70 - 79,NA,50.9,NA,NA,0,2.2,NA,15
male,NA,60 - 69,NA,114.1,NA,NA,0,2.1,NA,28
female,NA,80 - 89,NA,62.3,NA,NA,0,1.4,NA,22.5
female,NA,70 - 79,NA,56.4,NA,NA,NA,2.4,NA,25
male,NA,60 - 69,NA,81.4,NA,NA,0,2.6,NA,70
female,NA,60 - 69,NA,63.2,NA,NA,0,2.2,NA,22
male,NA,70 - 79,NA,76.4,NA,NA,0,2.9,NA,18
female,NA,60 - 69,NA,59.5,NA,NA,0,2,NA,60
female,NA,80 - 89,NA,64.1,NA,NA,0,2.4,NA,42.5
male,NA,70 - 79,NA,98.2,NA,NA,0,2.7,NA,25
male,NA,50 - 59,NA,143.2,NA,NA,0,3.4,NA,26
female,NA,80 - 89,NA,77.3,NA,NA,0,4,NA,11.25
female,NA,50 - 59,NA,68.2,NA,NA,0,1.7,NA,40
female,NA,60 - 69,NA,60.9,NA,NA,0,3.5,NA,32.5
female,NA,70 - 79,NA,81.4,NA,NA,0,3.4,NA,17
male,NA,80 - 89,NA,75.9,NA,NA,0,2.4,NA,17.5
male,NA,60 - 69,NA,127.7,NA,NA,0,1.7,NA,55
female,NA,70 - 79,NA,51.4,NA,NA,0,4.4,NA,20
male,NA,50 - 59,NA,108.2,NA,NA,0,2.8,NA,47.5
female,NA,80 - 89,NA,70.9,NA,NA,0,2.6,NA,14
female,NA,90+,NA,67.7,NA,NA,0,2.4,NA,25
female,NA,80 - 89,NA,80.9,NA,NA,0,3.3,NA,27.5
male,NA,80 - 89,NA,71.8,NA,NA,0,3,NA,15
female,NA,50 - 59,NA,101.8,NA,NA,0,2.8,NA,47.5
female,NA,90+,NA,67.3,NA,NA,0,1.7,NA,20
male,NA,80 - 89,NA,78.6,NA,NA,0,2.6,NA,35
female,NA,50 - 59,NA,90,NA,NA,0,1.1,NA,40
male,NA,60 - 69,NA,107.7,NA,NA,0,3.1,NA,30
male,NA,60 - 69,NA,119.5,NA,NA,0,3,NA,22.5
female,NA,70 - 79,NA,83.2,NA,NA,0,3.1,NA,27.5
male,NA,70 - 79,NA,97.3,NA,NA,0,2.1,NA,70
female,NA,60 - 69,NA,79.1,NA,NA,0,2.5,NA,25
male,NA,60 - 69,NA,94.5,NA,NA,0,4.4,NA,22
female,NA,70 - 79,NA,105.9,NA,NA,0,2.3,NA,45
female,NA,80 - 89,NA,47.7,NA,NA,0,2.8,NA,20
male,NA,90+,NA,77.7,NA,NA,0,1.5,NA,27
male,NA,80 - 89,NA,73.6,NA,NA,0,2.1,NA,20
female,NA,60 - 69,NA,NA,NA,NA,0,1.6,NA,55
male,NA,70 - 79,NA,93,NA,NA,0,2.8,NA,30
female,NA,60 - 69,NA,54,NA,NA,0,1.8,NA,35
male,NA,80 - 89,NA,91.4,NA,NA,0,2.5,NA,40
female,NA,50 - 59,NA,57.3,NA,NA,0,3.4,NA,14
male,NA,80 - 89,NA,NA,NA,NA,0,2.1,NA,25
male,NA,70 - 79,NA,82.7,NA,NA,0,2.6,NA,48
female,NA,80 - 89,NA,71.4,NA,NA,0,2.4,NA,32.5
male,NA,50 - 59,NA,88,NA,NA,0,3,NA,52.5
female,NA,80 - 89,NA,62.3,NA,NA,0,2.6,NA,32.5
male,NA,40 - 49,NA,117.3,NA,NA,0,1.8,NA,70
male,NA,50 - 59,NA,86.4,NA,NA,0,1.9,NA,27.5
male,NA,60 - 69,NA,98.2,NA,NA,0,2.8,NA,30
male,NA,60 - 69,NA,71.8,NA,NA,0,3.4,NA,18
male,NA,70 - 79,NA,129.1,NA,NA,NA,3.5,NA,37.5
male,NA,70 - 79,NA,79.1,NA,NA,0,1.8,NA,40
male,NA,70 - 79,NA,98.2,NA,NA,0,2.5,NA,35
male,NA,80 - 89,NA,88.2,NA,NA,0,3,NA,52.5
male,NA,80 - 89,NA,82.3,NA,NA,0,2.7,NA,25
female,NA,60 - 69,NA,71,NA,NA,0,1.7,NA,15
male,NA,70 - 79,NA,80,NA,NA,0,1.9,NA,40
male,NA,80 - 89,NA,107.3,NA,NA,0,2.6,NA,35
male,NA,80 - 89,NA,81.8,NA,NA,0,2.7,NA,25
female,NA,70 - 79,NA,92.7,NA,NA,0,2,NA,16
male,NA,80 - 89,NA,76.8,NA,NA,0,1.8,NA,21
female,NA,80 - 89,NA,81.8,NA,NA,0,4.5,NA,30
female,NA,60 - 69,NA,60.9,NA,NA,0,2.7,NA,20
male,NA,80 - 89,NA,68.2,NA,NA,0,1.5,NA,27.5
female,NA,50 - 59,NA,93.6,NA,NA,0,2,NA,70
male,NA,70 - 79,NA,95.9,NA,NA,0,2.2,NA,25
female,NA,70 - 79,NA,61.8,NA,NA,0,2.3,NA,17.5
female,NA,80 - 89,NA,73.6,NA,NA,0,1.3,NA,40
female,NA,70 - 79,NA,102.7,NA,NA,0,2.1,NA,19
female,NA,50 - 59,NA,56.8,NA,NA,0,1.6,NA,23
male,NA,70 - 79,NA,113.2,NA,NA,0,1.8,NA,40
male,NA,70 - 79,NA,92.3,NA,NA,0,3.8,NA,55
female,NA,70 - 79,NA,115.5,NA,NA,0,1.4,NA,20
male,NA,60 - 69,NA,106.8,NA,NA,0,1.1,NA,30
male,NA,70 - 79,NA,75,NA,NA,0,2.4,NA,30
female,NA,80 - 89,NA,68.6,NA,NA,0,1.9,NA,37.5
female,NA,70 - 79,NA,54.1,NA,NA,0,3,NA,16
female,NA,40 - 49,NA,87.3,NA,NA,0,2.7,NA,35
female,Caucasian,40 - 49,NA,61,0,NA,0,NA,A/A,17.99
male,Caucasian,60 - 69,NA,84,0,NA,0,NA,G/G,42.49
male,Caucasian,60 - 69,NA,83,0,NA,1,NA,NA,NA
female,Caucasian,60 - 69,NA,96,0,NA,0,NA,G/G,70
male,Caucasian,70 - 79,NA,59,0,NA,0,NA,G/G,17.5
male,Caucasian,40 - 49,NA,96,0,NA,0,NA,G/G,52.5
male,Caucasian,50 - 59,NA,85,0,NA,0,NA,G/G,NA
female,Caucasian,50 - 59,NA,76,0,NA,0,NA,G/G,27.51
male,Caucasian,50 - 59,NA,88,1,NA,0,NA,A/G,65.03
female,Caucasian,60 - 69,NA,57,0,NA,0,NA,G/G,35
male,Caucasian,50 - 59,NA,95,0,NA,0,NA,G/G,80.01
male,Caucasian,30 - 39,NA,NA,0,NA,1,NA,NA,NA
male,Caucasian,30 - 39,NA,73,0,NA,0,NA,G/G,62.51
male,Caucasian,80 - 89,NA,68,0,NA,0,NA,A/G,27.51
male,Caucasian,50 - 59,NA,177,0,NA,0,NA,A/G,65.03
female,Caucasian,70 - 79,NA,NA,0,NA,0,NA,A/G,35
female,Caucasian,70 - 79,NA,64,0,NA,0,NA,G/G,39.97
male,Caucasian,20 - 29,NA,108,0,NA,0,NA,A/G,28
female,Caucasian,60 - 69,NA,99,0,NA,0,NA,A/G,35
male,Caucasian,40 - 49,NA,88,0,NA,1,NA,A/A,14
male,Caucasian,50 - 59,NA,76,0,NA,1,NA,G/G,52.5
female,Caucasian,70 - 79,NA,65,0,NA,0,NA,A/G,30.03
male,Caucasian,40 - 49,NA,71,0,NA,1,NA,G/G,27.51
male,Caucasian,40 - 49,NA,92,0,NA,1,NA,A/G,45.01
female,Caucasian,20 - 29,NA,58,0,NA,0,NA,A/G,NA
male,Caucasian,70 - 79,NA,98,0,NA,0,NA,NA,24.99
female,Caucasian,60 - 69,NA,71,0,NA,0,NA,NA,52.5
male,Caucasian,60 - 69,NA,96,1,NA,0,NA,G/G,32.48
male,Caucasian,50 - 59,NA,97,0,NA,1,NA,A/G,31.99
female,Caucasian,50 - 59,NA,94,0,NA,0,NA,A/G,32.48
female,Caucasian,60 - 69,NA,78,0,NA,1,NA,NA,13.72
male,Caucasian,70 - 79,NA,99,0,NA,1,NA,A/G,35
male,Caucasian,60 - 69,NA,NA,0,NA,0,NA,G/G,27.51
male,Caucasian,70 - 79,NA,113,1,NA,0,NA,A/G,17.5
male,Caucasian,60 - 69,NA,92,1,NA,0,NA,A/G,NA
male,Caucasian,70 - 79,NA,90,0,NA,0,NA,G/G,NA
male,Caucasian,50 - 59,NA,69,0,NA,0,NA,G/G,59.99
male,Caucasian,60 - 69,NA,149,1,NA,0,NA,G/G,70
male,Caucasian,70 - 79,NA,78,0,NA,0,NA,G/G,47.53
male,Caucasian,30 - 39,NA,75,0,NA,1,NA,A/G,NA
male,Caucasian,70 - 79,NA,99,0,NA,0,NA,A/G,47.53
female,Caucasian,20 - 29,NA,118,0,NA,0,NA,G/G,NA
male,Caucasian,70 - 79,NA,97,0,NA,0,NA,A/A,22.47
male,Caucasian,60 - 69,NA,104,0,NA,0,NA,G/G,39.97
male,Caucasian,70 - 79,NA,82,0,NA,0,NA,G/G,35
male,Caucasian,40 - 49,NA,147,1,NA,0,NA,A/G,24.99
female,Caucasian,70 - 79,NA,90,0,NA,0,NA,G/G,45.01
female,Caucasian,30 - 39,NA,64,0,NA,0,NA,A/G,35
male,Caucasian,70 - 79,NA,83,0,NA,0,NA,G/G,49.98
male,Caucasian,50 - 59,NA,84,1,NA,1,NA,NA,35
male,Caucasian,50 - 59,NA,117,0,NA,0,NA,A/G,35
male,Caucasian,80 - 89,NA,59,0,NA,0,NA,G/G,35
male,Caucasian,50 - 59,NA,115,0,NA,0,NA,A/G,87.5
female,Caucasian,70 - 79,NA,58,1,NA,0,NA,A/A,21
male,Caucasian,70 - 79,NA,68,0,NA,0,NA,G/G,NA
male,Caucasian,50 - 59,NA,79,0,NA,0,NA,G/G,NA
male,Caucasian,50 - 59,NA,137,1,NA,0,NA,A/G,42.49
male,Caucasian,70 - 79,NA,114,0,NA,0,NA,A/G,22.47
female,Caucasian,40 - 49,NA,62,0,NA,0,NA,A/G,29.96
male,Caucasian,60 - 69,NA,109,0,NA,0,NA,A/A,24.99
female,Caucasian,70 - 79,NA,64,0,NA,0,NA,A/A,22.47
male,Caucasian,40 - 49,NA,65,0,NA,0,NA,G/G,57.47
male,Caucasian,50 - 59,NA,NA,0,NA,0,NA,G/G,17.5
male,Caucasian,70 - 79,NA,98,1,NA,0,NA,A/G,39.97
male,Caucasian,50 - 59,NA,97,0,NA,0,NA,G/G,NA
male,Caucasian,60 - 69,NA,78,0,NA,0,NA,A/G,27.51
male,Caucasian,50 - 59,NA,102,0,NA,0,NA,A/G,NA
female,Caucasian,40 - 49,NA,113,0,NA,1,NA,G/G,31.01
female,Caucasian,70 - 79,NA,64,1,NA,0,NA,G/G,65.03
male,Caucasian,80 - 89,NA,NA,0,NA,0,NA,A/A,24.99
male,Caucasian,50 - 59,NA,93,0,NA,0,NA,A/G,57.47
female,Caucasian,70 - 79,NA,75,0,NA,0,NA,A/G,20.02
female,Caucasian,30 - 39,NA,NA,0,NA,0,NA,A/G,125.02
male,Caucasian,40 - 49,NA,80,0,NA,0,NA,NA,11.27
female,Caucasian,30 - 39,NA,87,0,NA,0,NA,A/G,35
male,Caucasian,30 - 39,NA,117,1,NA,0,NA,A/G,49.98
female,Caucasian,30 - 39,NA,NA,0,NA,0,NA,G/G,NA
male,Caucasian,40 - 49,NA,NA,0,NA,0,NA,G/G,NA
male,Caucasian,70 - 79,NA,83,0,NA,0,NA,A/G,32.48
female,Caucasian,60 - 69,NA,95,1,NA,0,NA,G/G,70
male,Caucasian,60 - 69,NA,102,0,NA,0,NA,G/G,52.5
female,Caucasian,70 - 79,NA,67,0,NA,0,NA,G/G,NA
female,Caucasian,20 - 29,NA,103,0,NA,0,NA,G/G,NA
male,Caucasian,50 - 59,NA,73,0,NA,0,NA,G/G,NA
male,Caucasian,50 - 59,NA,117,0,NA,0,NA,A/G,NA
female,Caucasian,80 - 89,NA,82,1,NA,0,NA,A/G,20.02
male,Caucasian,50 - 59,NA,64,0,NA,1,NA,G/G,22.47
male,Caucasian,50 - 59,NA,104,1,NA,0,NA,A/A,17.5
male,Caucasian,50 - 59,NA,115,1,NA,1,NA,A/G,17.5
male,Caucasian,60 - 69,NA,109,0,NA,0,NA,A/G,35
male,Caucasian,40 - 49,NA,87,1,NA,1,NA,A/A,24.01
male,Caucasian,50 - 59,NA,106,1,NA,0,NA,G/G,45.99
male,Caucasian,50 - 59,NA,112,0,NA,1,NA,A/G,17.5
female,Caucasian,60 - 69,NA,128,0,NA,0,NA,G/G,35
male,Caucasian,20 - 29,NA,92,0,NA,0,NA,A/G,NA
female,Caucasian,60 - 69,NA,71,0,NA,0,NA,A/G,17.5
female,Caucasian,60 - 69,NA,NA,0,NA,0,NA,A/G,NA
male,Caucasian,40 - 49,NA,83,0,NA,1,NA,G/G,48.72
male,Caucasian,50 - 59,NA,82,0,NA,0,NA,A/A,17.5
male,Caucasian,50 - 59,NA,102,0,NA,0,NA,G/G,NA
female,Caucasian,50 - 59,NA,55,0,NA,0,NA,A/A,10.01
male,Caucasian,60 - 69,NA,98,1,NA,0,NA,A/G,NA
male,Caucasian,70 - 79,NA,NA,0,NA,0,NA,A/G,NA
male,Caucasian,60 - 69,NA,79,1,NA,0,NA,G/G,52.5
male,Caucasian,30 - 39,NA,64,0,NA,0,NA,A/A,14
female,Caucasian,80 - 89,NA,NA,0,NA,0,NA,G/G,27.51
male,Caucasian,70 - 79,NA,NA,0,NA,0,NA,NA,NA
male,Caucasian,60 - 69,NA,114,0,NA,0,NA,A/G,35
male,Caucasian,20 - 29,NA,86,0,NA,1,NA,A/G,NA
female,Caucasian,40 - 49,NA,88,0,NA,0,NA,G/G,105
female,Caucasian,30 - 39,NA,96,0,NA,0,NA,NA,28
male,Caucasian,20 - 29,NA,140,1,NA,0,NA,A/G,59.99
female,Caucasian,40 - 49,NA,54,0,NA,0,NA,A/G,NA
male,Caucasian,50 - 59,NA,77,0,NA,0,NA,A/G,35
female,Caucasian,80 - 89,NA,69,1,NA,0,NA,G/G,NA
female,Caucasian,40 - 49,NA,84,0,NA,0,NA,G/G,NA
male,Caucasian,50 - 59,NA,84,0,NA,0,NA,A/G,37.52
male,Caucasian,50 - 59,NA,64,0,NA,0,NA,A/A,NA
male,Caucasian,60 - 69,NA,93,0,NA,1,NA,A/G,35
female,Caucasian,80 - 89,NA,86,0,NA,0,NA,G/G,49.98
female,Caucasian,30 - 39,NA,81,0,NA,0,NA,A/G,45.01
male,Caucasian,70 - 79,NA,59,0,NA,0,NA,G/G,35
female,Caucasian,60 - 69,NA,92,0,NA,0,NA,A/A,20.02
female,Caucasian,20 - 29,NA,133,0,NA,0,NA,A/A,17.5
male,Caucasian,70 - 79,NA,87,0,NA,1,NA,G/G,17.5
male,Caucasian,50 - 59,NA,108,0,NA,0,NA,A/G,39.97
female,Caucasian,50 - 59,NA,54,0,NA,1,NA,G/G,35
male,Caucasian,60 - 69,NA,77,0,NA,0,NA,G/G,37.52
male,Caucasian,70 - 79,NA,NA,1,NA,0,NA,A/G,27.51
male,Caucasian,70 - 79,NA,82,0,NA,0,NA,A/G,35
male,Caucasian,60 - 69,NA,104,1,NA,0,NA,G/G,NA
male,Caucasian,80 - 89,NA,NA,0,NA,0,NA,A/G,NA
male,Caucasian,60 - 69,NA,100,1,NA,0,NA,A/G,25.97
female,Caucasian,70 - 79,NA,73,0,NA,0,NA,G/G,39.97
male,Caucasian,30 - 39,NA,83,0,NA,0,NA,A/A,24.99
male,Caucasian,50 - 59,NA,94,0,NA,0,NA,G/G,35
female,Caucasian,40 - 49,NA,NA,0,NA,0,NA,G/G,37.52
female,Caucasian,60 - 69,NA,88,0,NA,0,NA,G/G,39.97
female,Caucasian,70 - 79,NA,79,0,NA,0,NA,A/G,NA
female,Caucasian,43739,NA,66,0,NA,0,NA,A/G,55.02
female,Caucasian,43739,NA,73,0,NA,0,NA,NA,14
female,Caucasian,50 - 59,NA,72,1,NA,0,NA,A/G,NA
male,Caucasian,60 - 69,NA,104,0,NA,1,NA,A/G,NA
male,Caucasian,20 - 29,NA,120,0,NA,0,NA,G/G,102.48
male,Caucasian,50 - 59,NA,94,0,NA,0,NA,A/G,NA
male,Caucasian,40 - 49,NA,72,0,NA,1,NA,G/G,NA
male,Caucasian,60 - 69,NA,109,0,NA,1,NA,A/G,NA
male,Caucasian,40 - 49,NA,96,0,NA,1,NA,A/G,NA
male,Caucasian,50 - 59,NA,NA,0,NA,0,NA,A/G,NA
female,Caucasian,60 - 69,NA,97,0,NA,0,NA,A/G,30.03
male,Caucasian,70 - 79,NA,NA,0,NA,0,NA,G/G,NA
female,Caucasian,70 - 79,NA,65,0,NA,0,NA,G/G,NA
male,Caucasian,70 - 79,NA,NA,0,NA,0,NA,A/A,7.49
male,Caucasian,70 - 79,NA,93,1,NA,0,NA,A/G,23.03
female,Caucasian,70 - 79,NA,59,0,NA,0,NA,A/G,17.5
male,Caucasian,70 - 79,NA,80,1,NA,0,NA,A/G,18.97
male,Caucasian,60 - 69,NA,84,1,NA,0,NA,A/G,38.99
female,Caucasian,60 - 69,NA,84,1,NA,0,NA,A/A,35
female,Caucasian,70 - 79,NA,70,0,NA,0,NA,G/G,11.97
male,Caucasian,50 - 59,NA,99,1,NA,0,NA,G/G,52.5
male,Caucasian,60 - 69,NA,76,0,NA,0,NA,G/G,NA
male,Caucasian,60 - 69,NA,91,0,NA,0,NA,G/G,44.94
female,Caucasian,60 - 69,NA,78,0,NA,0,NA,G/G,35
female,Caucasian,60 - 69,NA,94,0,NA,0,NA,G/G,70
female,Caucasian,60 - 69,NA,74,0,NA,0,NA,A/G,NA
female,Caucasian,40 - 49,NA,88,0,NA,0,NA,G/G,39.97
male,Caucasian,30 - 39,NA,79,0,NA,0,NA,G/G,57.47
male,Caucasian,60 - 69,NA,110,0,NA,0,NA,G/G,62.51
male,Caucasian,60 - 69,NA,95,0,NA,0,NA,A/A,23.73
female,Caucasian,60 - 69,NA,92,0,NA,0,NA,G/G,17.5
male,Caucasian,70 - 79,NA,68,0,NA,0,NA,G/G,30.03
male,Caucasian,80 - 89,NA,NA,0,NA,0,NA,A/G,28
male,Caucasian,70 - 79,NA,98,0,NA,0,NA,A/G,20.02
female,Caucasian,80 - 89,NA,NA,1,NA,0,NA,A/G,NA
female,Caucasian,70 - 79,NA,76,0,NA,0,NA,G/G,39.97
female,Caucasian,70 - 79,NA,60,0,NA,0,NA,G/G,48.02
female,Caucasian,60 - 69,NA,94,1,NA,0,NA,A/G,35
male,Caucasian,70 - 79,NA,91,0,NA,0,NA,A/G,35
male,Caucasian,50 - 59,NA,92,0,NA,0,NA,A/G,NA
male,Caucasian,70 - 79,NA,91,0,NA,0,NA,A/G,NA
male,Caucasian,50 - 59,NA,85,0,NA,0,NA,A/A,17.5
male,Caucasian,70 - 79,NA,97,0,NA,0,NA,A/G,18.97
female,Caucasian,70 - 79,NA,78,0,NA,0,NA,A/G,NA
female,Caucasian,60 - 69,NA,69,0,NA,0,NA,A/A,14
male,Caucasian,70 - 79,NA,86,0,NA,0,NA,G/G,7
male,Caucasian,70 - 79,NA,90,0,NA,1,NA,A/A,30.03
female,Caucasian,60 - 69,NA,NA,0,NA,0,NA,G/G,NA
male,Caucasian,70 - 79,NA,110,1,NA,0,NA,A/G,42
male,Caucasian,70 - 79,NA,114,1,NA,0,NA,A/G,37.52
male,Caucasian,60 - 69,NA,NA,0,NA,0,NA,A/G,17.5
female,Caucasian,30 - 39,NA,108,0,NA,0,NA,NA,42.49
male,Caucasian,60 - 69,NA,95,0,NA,0,NA,NA,42
female,Caucasian,80 - 89,NA,48,0,NA,0,NA,NA,24.01
female,Caucasian,70 - 79,NA,70,0,NA,0,NA,NA,7.98
female,Caucasian,50 - 59,NA,70,0,NA,0,NA,NA,NA
male,Black,80 - 89,175.26,82.7,0,0,0,2.06,A/A,13.75
female,Black,60 - 69,172.72,75,0,0,0,3.03,G/G,42.5
female,Black,20 - 29,162.56,87.3,0,0,0,2.5,G/G,65
female,Black,60 - 69,157.48,72.7,0,0,0,2.63,G/G,22
female,Black,50 - 59,167.64,75.9,0,0,0,2.9,G/G,48
female,Black,30 - 39,162.56,89,0,0,0,2.03,A/G,38
female,Black,80 - 89,160.02,70.9,1,1,0,2.53,A/A,36
female,Black,60 - 69,154.94,57.3,0,0,0,2.67,G/G,30
male,Black,50 - 59,172.72,83.2,0,0,0,2.3,A/G,22.5
male,Black,50 - 59,167.64,94,1,0,0,2.57,G/G,28
female,Black,70 - 79,160.02,75.3,1,1,0,2.3,G/G,28
male,Black,50 - 59,182.88,98.2,0,0,0,1.9,G/G,70
male,Black,40 - 49,180.34,86,1,1,0,2.5,G/G,87.5
female,Black,60 - 69,170.18,145,0,0,0,2.87,A/G,52.5
female,Black,50 - 59,157.48,105.5,1,0,0,3.1,A/G,28
male,Black,60 - 69,175.26,100.5,0,0,0,1.93,G/G,56.25
female,Black,50 - 59,157.48,74.1,0,0,0,3.43,G/G,42.5
female,Black,60 - 69,172.72,106.8,1,0,0,3.07,G/G,70
female,Black,60 - 69,165.1,135,1,0,0,2.37,G/G,30
female,Black,70 - 79,177.8,127.3,0,0,0,2.5,G/G,45
male,Black,40 - 49,172.72,90.1,0,0,0,2.7,G/G,55
female,Black,70 - 79,162.56,62.1,1,1,0,2.93,NA,35
female,Black,30 - 39,165.1,91,0,0,0,2.23,G/G,75
female,Black,70 - 79,157.48,105.9,0,1,0,2.2,NA,17.5
male,Black,70 - 79,175.26,68.2,0,1,0,2.53,NA,30
female,Black,60 - 69,152.4,71.4,0,0,0,2.33,G/G,32
male,Black,70 - 79,157.48,76.4,0,0,0,2.63,A/G,30
female,Black,70 - 79,152.4,97.3,0,1,0,3.3,G/G,30
female,Black,20 - 29,160.02,103.2,0,0,0,2.1,G/G,35
female,Black,60 - 69,157.48,65.9,0,1,0,2.37,A/G,18.75
female,Black,60 - 69,175.26,122.7,1,1,0,3.07,G/G,50
female,Black,70 - 79,160.02,112.3,1,1,0,2.47,G/G,37.5
female,Black,80 - 89,160.02,102.3,1,0,0,2.6,G/G,35
female,Black,60 - 69,170.18,128.6,1,1,0,2.7,G/G,70
male,Black,50 - 59,182.88,139.1,0,0,0,2.57,G/G,40
male,Black,20 - 29,172.72,237.7,0,0,0,2.3,A/G,70
female,Black,70 - 79,177.8,125,1,1,0,2.4,G/G,63
female,Black,80 - 89,167.64,72.3,1,0,0,2.6,A/G,35
female,Black,50 - 59,157.48,70,0,0,0,2.4,G/G,40
male,Black,70 - 79,182.88,88.2,0,0,0,2.67,A/G,22.5
female,Black,50 - 59,152.4,75,0,0,0,2.7,G/G,25
female,Black,70 - 79,165.1,81.8,0,0,0,2,A/G,14
male,Black,50 - 59,180.34,139.5,0,0,0,2.33,G/G,55
male,Black,70 - 79,185.42,134.1,0,0,0,2,G/G,55
male,Black,40 - 49,175.26,90.9,0,0,0,2.4,G/G,52.5
female,Black,40 - 49,160.02,113.2,0,0,0,2.17,G/G,72.5
female,Black,20 - 29,152.4,84.9,0,0,0,3.17,G/G,50
female,Black,50 - 59,165.1,104.5,1,1,0,3.13,G/G,52
female,Black,60 - 69,165.1,77.3,0,0,0,2.33,G/G,33.75
female,Black,70 - 79,167.64,84,1,0,0,2.57,NA,28
female,Black,40 - 49,160.02,79.1,0,0,0,2.37,G/G,25
female,Black,40 - 49,162.56,179.7,0,0,0,2.03,NA,85
female,Black,60 - 69,162.56,175,0,0,0,2.03,NA,30
female,Black,20 - 29,157.48,53,0,0,0,1.9,NA,45
male,Black,60 - 69,185.42,82.2,1,0,0,2.63,NA,67.5
male,Black,40 - 49,180.34,88.9,0,0,0,2.2,NA,35
male,Black,60 - 69,187.96,95.7,0,1,0,2.3,G/G,50
female,Black,43739,170.18,114.7,0,0,0,3.62,G/G,70
female,Black,40 - 49,157.48,50.8,0,0,0,2.67,G/G,52.5
female,Black,60 - 69,165.1,119.7,0,0,0,2.47,G/G,95
female,Black,40 - 49,149.86,92.9,0,0,0,2.1,G/G,57.5
female,Black,20 - 29,165.1,121,1,0,0,2.43,G/G,47.5
male,Black,50 - 59,182.88,89,0,0,0,2.43,G/G,80
female,Black,30 - 39,154.94,61.4,0,0,0,2.23,G/G,60
female,Black,50 - 59,160.02,63.6,0,0,0,2.7,G/G,30
male,Black,50 - 59,187.96,97.7,0,0,0,3.04,G/G,72.5
female,Black,50 - 59,162.56,94.1,0,1,0,2.93,G/G,52.5
male,Black,20 - 29,175.26,67.1,0,0,0,2.67,A/G,17.5
male,Black,60 - 69,182.88,98.9,0,0,0,2.27,A/G,35
female,Black,50 - 59,162.56,67.1,0,1,0,2.27,G/G,35
male,Black,60 - 69,182.88,65.8,0,0,0,2.8,G/G,28
female,Black,30 - 39,171,85,0,0,0,2.07,G/G,77
male,Black,30 - 39,180.34,128.4,0,0,0,2.03,G/G,73.5
female,Black,50 - 59,162.56,94.8,1,1,0,2.23,G/G,52.5
male,Black,80 - 89,187.96,95,0,0,0,2.67,G/G,40
female,Black,60 - 69,160.02,80,0,0,0,2.2,G/G,25
male,Black,60 - 69,182.88,100,0,0,0,1.97,G/G,32.5
female,Black,60 - 69,167.64,60.5,1,0,0,2.4,G/G,41.25
female,Black,60 - 69,160.02,95,0,0,0,3.27,G/G,71.25
female,Black,30 - 39,162.56,88.6,0,0,0,2.33,G/G,56.25
female,Black,50 - 59,162.56,95,0,0,0,3,G/G,33
female,Black,50 - 59,170.18,64.1,0,1,0,2.33,G/G,30
female,Black,70 - 79,160.02,78,0,0,0,2.93,G/G,32.5
female,Black,80 - 89,162.56,49,1,0,0,2.77,G/G,32
female,Black,50 - 59,162.56,172.7,1,0,0,2.33,G/G,75
female,Black,40 - 49,162.56,90,0,0,0,2.83,G/G,42
female,Black,40 - 49,162.56,94.1,0,0,0,2.7,G/G,52.5
female,Black,30 - 39,149.86,97.3,0,0,0,2.27,G/G,56.25
male,Black,50 - 59,182.88,115.5,1,1,0,2.6,G/G,52.5
male,Black,30 - 39,172.72,116.8,1,1,0,2.33,A/G,44
male,Black,60 - 69,187.96,102.7,0,0,0,2.5,G/G,38
female,Black,43739,162.56,113.6,0,0,0,2.3,G/G,60
female,Black,50 - 59,157.48,44.5,1,1,0,2.93,G/G,22.5
female,Black,50 - 59,170.18,87.7,0,0,0,2.2,G/G,60
female,Black,50 - 59,167.64,69.1,0,1,0,2.5,NA,36
female,Black,40 - 49,170.18,75,0,0,0,2.63,G/G,85
female,Black,60 - 69,162.56,80,1,0,0,2.8,G/G,47.5
female,Black,60 - 69,157.48,85.9,1,1,0,2.13,G/G,32
female,Black,60 - 69,157.48,65,0,1,0,2.65,A/G,45
male,Black,60 - 69,180.34,79.5,0,0,0,2.63,G/G,42.5
male,Black,70 - 79,175.26,63.5,0,1,0,2.83,G/G,25
female,Black,50 - 59,160.02,88.6,0,0,0,2.67,G/G,42
female,Black,40 - 49,167.64,91.8,1,0,0,2.23,G/G,56.25
female,Black,50 - 59,154.94,69.5,0,0,0,2.27,A/G,15
female,Black,70 - 79,167.64,80.5,0,0,0,2.43,G/G,25
female,Black,80 - 89,160.02,62.7,1,1,0,2.27,A/G,25
female,Black,60 - 69,152.4,75.5,1,1,0,2.57,G/G,52.5
female,Black,60 - 69,160.02,100,0,0,0,2.23,G/G,21.25
female,Black,30 - 39,170.18,137.3,0,0,0,2.73,G/G,38
female,Black,70 - 79,160.02,104.5,0,0,0,2.57,A/G,42.5
female,Black,60 - 69,175.26,87.3,0,1,0,2.37,G/G,48
male,Black,60 - 69,187.96,108.4,1,1,0,2.63,G/G,60
male,Black,50 - 59,187.96,119.1,1,0,0,2.3,G/G,50
female,Black,70 - 79,154.94,71.4,1,1,0,2.53,G/G,47.5
female,Black,50 - 59,154.94,97.7,1,1,0,2.23,G/G,37.5
female,Caucasian,80 - 89,NA,NA,0,0,0,2.3,G/G,5.25
male,Caucasian,70 - 79,178,79,1,1,1,3.54,A/G,27
male,Caucasian,70 - 79,172,87,1,0,0,1.76,A/G,25.25
male,Caucasian,40 - 49,173,64,0,0,0,3.4,A/G,23
male,Caucasian,70 - 79,179,87,0,0,0,2.12,G/G,32.75
male,Caucasian,60 - 69,181,77,1,0,1,3.32,A/G,25.5
female,Caucasian,40 - 49,156,71,0,1,0,3.02,G/G,65
male,Caucasian,70 - 79,170,71,0,0,0,2.48,A/G,30
female,Caucasian,60 - 69,165,85,0,0,0,2.6,G/G,52.5
male,Caucasian,70 - 79,183,91,0,0,0,2.14,A/G,62.5
male,Caucasian,50 - 59,182,93,0,1,0,2.16,A/A,23.25
male,Caucasian,70 - 79,NA,NA,0,1,0,2.76,A/G,21.25
female,Caucasian,80 - 89,167,70,0,0,0,2.92,G/G,47.25
male,Caucasian,70 - 79,187,120,0,1,0,2.74,G/G,38.5
female,Caucasian,70 - 79,161,63,0,0,0,3.04,A/G,33.75
male,Caucasian,60 - 69,180,98,0,0,0,3.04,G/G,42.5
female,Caucasian,70 - 79,165,87,0,0,0,2.7,A/A,11.25
male,Caucasian,50 - 59,186,118,0,0,0,1.84,A/A,37.75
male,Caucasian,70 - 79,180,85,1,0,0,2.14,A/G,31.25
female,Caucasian,60 - 69,163,51,0,0,0,3.02,G/G,27.5
male,Caucasian,50 - 59,179,84,0,0,0,2.66,A/G,27.75
male,Caucasian,80 - 89,179,80,0,0,0,3.02,A/G,40
male,Caucasian,70 - 79,185,75,0,0,0,2.76,G/G,46
male,Caucasian,80 - 89,170,61,0,0,0,2.08,A/G,15.5
male,Caucasian,50 - 59,189,90,0,0,0,3.04,A/G,23.75
male,Caucasian,50 - 59,181,91,0,0,0,2.4,A/G,45
female,Caucasian,70 - 79,163,63,1,0,0,3.16,G/G,23
male,Caucasian,70 - 79,174,77,0,0,0,3,A/G,32.25
female,Caucasian,70 - 79,160,68,0,0,0,2.72,A/G,28.75
male,Caucasian,60 - 69,188,89,0,0,0,3.04,A/G,34
male,Caucasian,70 - 79,174,75,0,0,0,2.5,A/A,13.25
male,Caucasian,50 - 59,190,74,0,0,0,2.06,A/G,41.75
male,Caucasian,70 - 79,175,78,1,0,0,2.3,A/G,30
male,Caucasian,40 - 49,171,82,0,0,0,2.54,A/A,28.5
female,Caucasian,60 - 69,164,118,0,0,0,1.7,A/G,42.25
female,Caucasian,70 - 79,162,90,0,0,0,1.9,A/G,38
male,Caucasian,50 - 59,184,100,0,0,0,3.06,G/G,56
male,Caucasian,70 - 79,187,105,0,0,0,2.08,G/G,53.5
male,Caucasian,50 - 59,187,100,0,0,0,2.22,A/A,17.75
female,Caucasian,80 - 89,163,78,0,0,0,2.24,A/A,13.75
female,Caucasian,50 - 59,NA,NA,0,0,0,2.1,A/A,33
female,Caucasian,60 - 69,160,64,0,0,0,2.76,A/G,22.25
male,Caucasian,70 - 79,174,77,0,0,0,2.4,A/A,18.5
male,Caucasian,40 - 49,185,86,0,0,0,1.72,A/A,19.75
female,Caucasian,80 - 89,160,90,0,0,0,3.22,A/G,20
male,Caucasian,70 - 79,175,75,1,1,0,2.6,G/G,42
male,Caucasian,70 - 79,176,89,0,0,0,2.62,A/A,24
female,Caucasian,70 - 79,168,73,0,0,0,2.4,A/G,35
male,Caucasian,50 - 59,187,105,1,1,0,2.82,A/G,38.25
male,Caucasian,70 - 79,187,90,0,0,1,3.1,A/A,17
male,Caucasian,50 - 59,187,94,0,0,0,3.08,A/G,57
female,Caucasian,40 - 49,162,56,0,0,1,2.24,G/G,22.5
female,Caucasian,60 - 69,163,70,0,0,0,2.32,A/G,46.5
male,Caucasian,60 - 69,174,73,0,0,0,3.42,A/G,28
male,Caucasian,60 - 69,175,85,0,0,0,3.28,G/G,34.75
male,Caucasian,50 - 59,179,75,0,0,1,2.22,G/G,27.5
male,Caucasian,50 - 59,184,100,0,0,0,2.34,A/G,19
male,Caucasian,60 - 69,179,93,0,0,0,2.66,A/G,27
male,Caucasian,60 - 69,181,88,0,1,0,2.66,G/G,25
male,Caucasian,60 - 69,180,99,0,0,0,2.26,G/G,38.75
male,Caucasian,60 - 69,170,75,0,0,0,2.62,G/G,43.75
male,Caucasian,70 - 79,178,90,0,1,0,2.54,G/G,38.75
female,Caucasian,60 - 69,158,83,0,0,0,2.24,A/G,12.5
male,Caucasian,60 - 69,172,99,0,0,0,2.24,A/G,23.25
male,Caucasian,50 - 59,168,71,0,1,0,2.48,A/G,19.25
male,Caucasian,60 - 69,179,85,1,0,0,2.52,A/G,35.5
male,Caucasian,60 - 69,188,92,0,0,0,2.28,A/A,16.5
male,Caucasian,60 - 69,186,96,0,0,0,2.76,G/G,74.25
male,Caucasian,70 - 79,182,78,0,0,0,2.38,A/G,23.5
female,Caucasian,80 - 89,163,60,0,0,0,2.6,A/G,26.5
male,Caucasian,70 - 79,172,76,0,1,0,2.74,G/G,45
male,Caucasian,70 - 79,180,100,0,0,0,2.26,G/G,41.25
male,Caucasian,60 - 69,182,120,0,0,0,2.26,G/G,45
male,Caucasian,70 - 79,180,87,0,0,0,3.3,G/G,41.25
male,Caucasian,60 - 69,177,83,0,0,0,2.7,A/A,29.5
male,Caucasian,50 - 59,187,125,0,0,0,2.32,A/A,32.5
male,Caucasian,70 - 79,171,78,0,0,0,2.52,G/G,56.25
female,Caucasian,70 - 79,159,64,0,1,0,2.38,A/G,18.75
female,Caucasian,70 - 79,159,64,0,0,1,2.64,A/G,24
male,Caucasian,70 - 79,183,108,0,0,0,1.96,G/G,47.75
male,Caucasian,50 - 59,175,96,0,0,0,2.2,A/G,21.25
female,Caucasian,80 - 89,169,69,0,0,0,2.34,G/G,26.5
male,Caucasian,50 - 59,175,70,0,0,0,3.24,A/G,32.5
female,Caucasian,70 - 79,158,80,0,0,0,2.78,G/G,43.75
male,Caucasian,50 - 59,168,78,0,0,0,2.72,A/G,21.25
male,Caucasian,70 - 79,,60,0,0,0,3.38,A/G,36
male,Caucasian,70 - 79,176,87,0,1,0,2.84,A/G,56.25
female,Caucasian,50 - 59,176,67,0,0,0,2.72,G/G,35.75
male,Caucasian,30 - 39,186,79,0,0,0,3.1,A/G,53.75
female,Caucasian,80 - 89,163,65,0,0,0,2.76,NA,31.25
male,Caucasian,60 - 69,178,78,0,0,0,3.16,G/G,67.5
male,Caucasian,50 - 59,167,68,0,0,0,2.88,A/G,23.5
female,Caucasian,80 - 89,160,55,0,0,0,1.9,A/G,31.25
female,Caucasian,70 - 79,162,58,0,0,0,2.2,A/G,31
female,Caucasian,50 - 59,NA,NA,1,0,0,2.44,A/G,27.25
male,Caucasian,70 - 79,181,98,0,0,0,2.54,A/G,37.5
male,Caucasian,70 - 79,176,80,0,0,0,2.44,G/G,35.25
female,Caucasian,70 - 79,167,95,0,0,0,1.78,A/A,18.75
female,Caucasian,50 - 59,167,67,0,0,0,3.38,G/G,31.25
female,Caucasian,70 - 79,163,70,0,0,1,2.28,G/G,29.75
male,Caucasian,80 - 89,169,73,0,0,0,2.24,A/G,17.25
male,Caucasian,80 - 89,,NA,0,0,0,2.68,G/G,41.25
male,Caucasian,20 - 29,178,60,0,0,0,2.66,G/G,73.5
female,Caucasian,60 - 69,152,54,0,0,0,2.88,G/G,31.25
male,Caucasian,60 - 69,182,93,0,0,0,2.42,G/G,43.25
female,Caucasian,70 - 79,162,68,0,0,0,2.9,G/G,24.25
male,Caucasian,80 - 89,180,78,0,0,0,3.06,G/G,33.75
male,Caucasian,70 - 79,173,76,0,0,0,2.88,G/G,26.25
female,Caucasian,70 - 79,167,68,0,0,0,2.6,G/G,31.25
female,Caucasian,80 - 89,165,62,0,0,0,2.92,A/G,33.5
male,Caucasian,80 - 89,165,75,0,0,0,2.92,A/G,16.75
male,Caucasian,60 - 69,170,70,0,0,0,2.6,G/G,26.25
male,Caucasian,70 - 79,172,68,0,0,0,2.36,A/G,25
female,Caucasian,70 - 79,163,76,0,0,0,1.96,A/G,26.25
male,Caucasian,70 - 79,186,80,0,0,0,2.24,A/G,16.25
male,Caucasian,70 - 79,180,88,1,0,0,2.3,A/G,22.75
female,Caucasian,50 - 59,158,49,0,0,0,2.22,G/G,34
male,Caucasian,80 - 89,175,74,0,0,1,1.94,A/G,9
male,Caucasian,50 - 59,NA,NA,0,0,0,3.08,A/G,22
male,Caucasian,50 - 59,172,65,0,0,0,2.16,G/G,38
female,Caucasian,70 - 79,173,80,0,0,0,3.24,A/A,13
female,Caucasian,40 - 49,165,72,1,1,0,3.48,A/G,67
male,Caucasian,60 - 69,182,86,0,0,0,3.06,G/G,67.5
male,Caucasian,50 - 59,174,87,0,0,0,2.62,A/A,30
female,Caucasian,50 - 59,162,102,1,0,0,2.38,G/G,33.5
male,Caucasian,70 - 79,176,60,0,0,0,2.78,A/G,26
female,Caucasian,80 - 89,154,61,1,0,0,3.26,A/G,32
male,Caucasian,60 - 69,180,95,0,0,0,2.16,A/G,35
male,Caucasian,60 - 69,178,97,0,0,0,2.66,G/G,51.25
male,Caucasian,70 - 79,187,86,0,0,0,2.1,A/G,18.75
male,Caucasian,60 - 69,178,72,0,0,0,3.28,G/G,75
female,Caucasian,70 - 79,162,64,1,0,0,2.22,A/A,8.75
female,Caucasian,50 - 59,170,61,0,0,0,2.66,A/G,26.5
male,Caucasian,50 - 59,182,75,0,0,0,2.56,A/G,72.5
female,Caucasian,50 - 59,162,80,0,0,0,2.52,A/G,32.5
male,Caucasian,40 - 49,202,88,0,0,0,2.82,G/G,54.75
male,Caucasian,60 - 69,182,93,0,0,0,2.28,NA,15.5
male,Caucasian,60 - 69,183,102,0,0,0,1.86,G/G,51
female,Caucasian,80 - 89,170,43,0,0,0,2.38,A/G,26.5
female,Caucasian,70 - 79,168,70,0,0,0,2.44,G/G,29
male,Caucasian,50 - 59,177,93,0,0,1,2.64,G/G,76.5
male,Caucasian,60 - 69,178,95,0,1,0,2.04,G/G,43.25
male,Caucasian,70 - 79,180,90,0,0,0,2.48,A/G,25.5
male,Caucasian,70 - 79,182,103,0,0,0,3.08,A/G,28.5
male,Caucasian,20 - 29,173,55,0,0,0,2.88,A/A,18
female,Caucasian,50 - 59,165,67,0,0,0,2.04,A/G,38.5
male,Caucasian,70 - 79,180,82,0,0,0,2.94,A/A,29
male,Caucasian,50 - 59,183,93,0,0,0,1.94,A/A,20.25
male,Caucasian,70 - 79,190,84,0,0,0,2.54,G/G,49
female,Caucasian,60 - 69,170,80,0,0,0,2.66,A/G,13.75
male,Caucasian,40 - 49,195,97,1,0,0,2.22,A/G,42.5
female,Caucasian,60 - 69,163,100,0,0,0,2.32,G/G,51.25
male,Caucasian,70 - 79,172,84,0,0,0,2.3,A/G,31.25
female,Caucasian,60 - 69,157,110,0,0,0,3,A/G,22.5
male,Caucasian,70 - 79,185,107,0,0,0,2.56,G/G,31.25
female,Caucasian,70 - 79,162,71,0,1,0,2.94,A/G,16
female,Caucasian,60 - 69,168,72,0,0,0,2.5,G/G,29.75
female,Caucasian,50 - 59,168,78,0,0,0,2.64,A/A,17.5
male,Caucasian,60 - 69,176,83,1,0,0,2.66,A/A,16.25
male,Caucasian,50 - 59,178,75,0,0,0,2.42,A/G,36
female,Caucasian,70 - 79,153,67,0,0,0,2.92,A/G,26
female,Caucasian,50 - 59,180,114,0,0,0,2.56,G/G,46.5
male,Caucasian,60 - 69,174,71,0,0,0,3.24,A/G,35
female,Caucasian,80 - 89,163,67,0,0,0,2.62,A/G,27.75
female,Caucasian,60 - 69,160,36,0,0,0,2.88,G/G,4.5
male,Caucasian,60 - 69,174,73,0,0,0,2.42,G/G,54.75
male,Caucasian,70 - 79,173,72,0,1,0,2.4,A/G,20
male,Caucasian,60 - 69,185,86,0,0,0,2.5,A/G,29
female,Caucasian,70 - 79,162,69,0,1,0,2.8,A/G,25
female,Caucasian,70 - 79,162,57,0,0,0,2.94,A/G,33.75
male,Caucasian,70 - 79,175,70,0,1,0,2.94,A/G,18.25
male,Caucasian,50 - 59,180,80,0,1,0,2.74,G/G,58
male,Caucasian,70 - 79,174,74,0,0,0,2.25,A/G,24
male,Caucasian,70 - 79,176,68,0,0,0,3.24,A/G,15.5
male,Caucasian,60 - 69,186,95,0,0,0,2.7,A/G,37.5
male,Caucasian,60 - 69,190,85,0,0,0,2.62,G/G,26.75
male,Caucasian,70 - 79,175,87,1,0,0,2.08,NA,29.25
male,Caucasian,60 - 69,178,71,0,0,0,2.14,NA,57.5
female,Caucasian,50 - 59,164,51,0,1,0,2.64,G/G,63.5
male,Caucasian,70 - 79,182,78,0,0,0,2.78,A/A,18.75
male,Caucasian,60 - 69,172,84,0,0,0,2.02,A/G,35.25
female,Caucasian,70 - 79,167,62,0,1,0,2.38,A/G,31.5
male,Caucasian,50 - 59,187,94,0,0,0,2.54,G/G,41.25
male,Caucasian,60 - 69,181,75,0,0,0,2.96,A/G,25.5
female,Caucasian,80 - 89,,NA,0,0,0,3.24,A/A,13.75
male,Caucasian,40 - 49,180,81,0,0,0,2.42,A/G,42
male,Caucasian,80 - 89,174,80,0,0,0,2.68,A/G,26.25
male,Caucasian,60 - 69,184,117,0,0,0,2.58,G/G,77.25
male,Caucasian,80 - 89,172,85,0,0,0,3.1,G/G,40
male,Caucasian,80 - 89,170,70,0,0,0,2.42,A/A,17.25
male,Caucasian,70 - 79,170,82,0,0,0,2.52,G/G,51.5
male,Caucasian,80 - 89,171,70,0,0,0,2.32,A/G,20.75
female,Caucasian,60 - 69,174,76,0,0,0,2.66,G/G,60.75
male,Caucasian,50 - 59,178,87,0,1,0,2.2,A/A,19.25
female,Caucasian,70 - 79,167,58,0,0,0,2.76,A/A,15.25
male,Caucasian,70 - 79,184,98,0,0,0,2.08,A/G,32.5
male,Caucasian,50 - 59,174,68,0,0,1,2.14,G/G,29.75
male,Caucasian,60 - 69,179,93,0,1,0,2.7,A/G,35
male,Caucasian,60 - 69,180,85,0,0,0,2.64,G/G,61.75
female,Caucasian,70 - 79,159,60,1,0,0,2.8,A/G,34
male,Caucasian,70 - 79,183,87,0,0,0,2.34,G/G,30
female,White,70 - 79,NA,NA,NA,0,0,2.5,A/G,24.5
male,White,70 - 79,NA,NA,NA,0,0,2.5,NA,10.5
female,White,70 - 79,NA,NA,NA,0,0,2.5,A/A,10.5
female,White,70 - 79,NA,NA,NA,0,0,2.5,G/G,49
female,White,70 - 79,NA,NA,NA,0,0,2.5,A/G,38.5
female,White,70 - 79,NA,NA,NA,0,0,2.5,A/G,14
male,White,70 - 79,NA,NA,NA,0,0,2.5,NA,42
male,White,70 - 79,NA,NA,NA,0,0,2.5,A/G,14
male,White,70 - 79,NA,NA,NA,0,0,2.5,A/A,24.5
female,White,80 - 89,NA,NA,NA,0,0,2.5,G/G,17.5
female,White,70 - 79,NA,NA,NA,0,0,2.5,A/G,24.5
female,White,80 - 89,NA,NA,NA,0,0,2.5,A/G,21
male,White,40 - 49,NA,NA,NA,0,0,2.5,A/G,28
male,White,70 - 79,NA,NA,NA,0,0,2.5,A/G,31.5
female,White,40 - 49,NA,NA,NA,0,0,2.5,A/G,45.5
female,White,40 - 49,NA,NA,NA,0,0,2.5,A/G,70
female,White,70 - 79,NA,NA,NA,0,0,2.5,G/G,52.5
male,White,70 - 79,NA,NA,NA,0,0,2.5,G/G,28
female,White,90+,NA,NA,NA,0,0,2.5,G/G,24.5
female,White,30 - 39,NA,NA,NA,0,0,2.5,A/G,52.5
male,White,60 - 69,NA,NA,NA,0,0,2.5,G/G,21
male,White,80 - 89,NA,NA,NA,0,0,2.5,A/G,17.5
female,White,50 - 59,NA,NA,NA,0,0,2.5,G/G,35
male,White,60 - 69,NA,NA,NA,0,0,2.5,A/G,38.5
male,White,40 - 49,NA,NA,NA,0,0,2.5,A/G,24.5
male,White,70 - 79,NA,NA,NA,0,0,2.5,A/G,21
male,White,70 - 79,NA,NA,NA,0,0,2.5,A/G,19.3
female,White,70 - 79,NA,NA,NA,0,0,2.5,A/G,24.5
male,White,70 - 79,NA,NA,NA,0,0,2.5,G/G,56
male,White,50 - 59,NA,NA,NA,0,0,2.5,G/G,38.5
male,White,70 - 79,NA,NA,NA,0,0,2.5,G/G,45.5
female,White,70 - 79,NA,NA,NA,0,0,2.5,NA,10.5
male,White,70 - 79,NA,NA,NA,0,0,2.5,NA,38.5
male,White,80 - 89,NA,NA,NA,0,0,2.5,A/A,14
female,White,60 - 69,NA,NA,NA,0,0,2.5,G/G,38.5
female,White,70 - 79,NA,NA,NA,0,0,2.5,G/G,38.5
female,White,50 - 59,NA,NA,NA,0,0,2.5,A/G,59.5
female,White,70 - 79,NA,NA,NA,0,0,2.5,A/A,5.25
female,White,70 - 79,NA,NA,NA,0,0,2.5,A/A,7
female,White,80 - 89,NA,NA,NA,0,0,2.5,A/G,7
female,White,70 - 79,NA,NA,NA,0,0,2.5,A/A,10.5
female,White,70 - 79,NA,NA,NA,0,0,2.5,A/G,10.5
female,White,70 - 79,NA,NA,NA,0,0,2.5,G/G,10.5
female,White,70 - 79,NA,NA,NA,0,0,2.5,A/A,10.5
male,White,80 - 89,NA,NA,NA,0,0,2.5,A/G,7
male,White,70 - 79,NA,NA,NA,0,0,2.5,A/A,10.5
male,White,70 - 79,NA,NA,NA,0,0,2.5,G/G,10.5
male,White,70 - 79,NA,NA,NA,0,0,2.5,A/G,10.5
female,White,70 - 79,NA,NA,NA,0,0,2.5,G/G,3.5
male,White,70 - 79,NA,NA,NA,0,0,2.5,A/A,10.5
male,White,70 - 79,NA,NA,NA,0,0,2.5,A/G,10.5
female,White,70 - 79,NA,NA,NA,0,0,2.5,A/G,8.8
male,White,70 - 79,NA,NA,NA,0,0,2.5,NA,8.8
female,White,70 - 79,NA,NA,NA,0,0,2.5,A/G,7
male,White,60 - 69,NA,NA,NA,0,0,2.5,A/G,7
male,White,70 - 79,NA,NA,NA,0,0,2.5,A/G,10.5
male,White,70 - 79,NA,NA,NA,0,0,2.5,A/G,7
female,White,70 - 79,NA,NA,NA,0,0,2.5,A/A,10.5
female,White,80 - 89,NA,NA,NA,0,0,2.5,A/G,10.5
female,White,70 - 79,NA,NA,NA,0,0,2.5,A/G,10.5
male,White,70 - 79,NA,NA,NA,0,0,2.5,A/G,10.5
female,White,70 - 79,NA,NA,NA,0,0,2.5,A/G,10.5
female,White,60 - 69,NA,NA,NA,0,0,2.5,A/G,10.5
male,White,40 - 49,193.04,127.3,1,1,0,2.8,NA,47.5
male,White,50 - 59,182.88,79.5,0,0,0,2.2,A/A,32.5
female,White,70 - 79,170.18,67.7,0,0,0,2,G/G,21.25
female,White,80 - 89,154.94,49.1,0,0,0,2.5,A/G,11
female,Black or African American,60 - 69,162.56,90.5,1,0,0,2,G/G,62.5
male,White,20 - 29,190.5,96.4,0,0,0,2.85,A/G,35
female,Black or African American,70 - 79,157.48,74.1,0,0,0,2.8,G/G,32.5
female,White,50 - 59,154.94,89.1,1,0,0,2.6,A/G,30
female,White,70 - 79,154.94,93.6,1,0,0,2.2,G/G,47.5
female,Black or African American,40 - 49,160.02,57.7,0,0,0,2.24,G/G,29.17
male,Black or African American,40 - 49,165.1,67.3,0,0,0,2.2,G/G,32.5
male,White,70 - 79,175.26,90.9,1,0,0,2.84,A/A,16.5
female,White,70 - 79,170.18,43.2,0,0,0,2.1,A/G,30
male,White,50 - 59,165.1,97.3,1,1,0,2.39,A/G,36.25
male,Black or African American,50 - 59,172.72,75,0,0,0,2.4,G/G,17.5
female,Black or African American,40 - 49,182.88,152.3,0,0,0,2.17,G/G,52.5
female,Black or African American,50 - 59,157.48,73.6,1,0,0,2.8,G/G,10
female,Black or African American,50 - 59,167.64,90,1,0,0,3,G/G,40
female,Black or African American,30 - 39,175.26,207.7,1,0,0,2.8,G/G,115
male,White,50 - 59,193.04,109.1,1,0,0,2.2,G/G,42.5
female,Black or African American,50 - 59,162.56,106.8,0,0,0,2.5,G/G,25
male,Black or African American,60 - 69,190.5,136.4,0,0,0,2.16,G/G,55
male,White,50 - 59,177.8,88.6,0,0,1,2.4,A/G,20.42
female,White,50 - 59,170.18,65.5,0,0,0,2.4,A/A,8
male,White,70 - 79,177.8,76.8,1,0,0,2.76,A/A,23
male,Black or African American,50 - 59,170.18,132.7,1,1,0,2.7,G/G,78
male,Black or African American,80 - 89,172.72,73.6,0,0,0,2.04,A/G,22.5
female,White,40 - 49,157.48,77.3,0,1,0,2.44,A/G,25
female,White,70 - 79,154.94,63.2,0,0,0,2,G/G,22.5
male,Asian,70 - 79,157.48,61.4,1,0,0,2.1,A/G,27.5
male,Black or African American,60 - 69,175.26,90,0,0,0,2.53,A/G,31.25
female,Black or African American,20 - 29,160.02,79.1,0,0,0,2.8,G/G,55
female,White,70 - 79,160.02,74.1,0,0,0,2,A/G,26.25
male,White,50 - 59,180.34,86.4,1,0,0,2.8,G/G,82.5
male,Black or African American,60 - 69,175.26,71.8,0,1,0,2.29,G/G,26.25
male,White,70 - 79,167.64,90.9,0,0,0,2.4,A/G,18.75
male,White,60 - 69,177.8,79.5,0,1,0,2.3,A/G,20
male,Black or African American,30 - 39,180.34,69.1,0,0,0,2.3,A/G,17.5
male,White,70 - 79,170.18,89.5,0,0,0,2,A/A,13.75
male,White,60 - 69,185.42,81.8,0,0,0,2.3,G/G,42
male,White,60 - 69,172.72,103.6,1,0,0,2.04,A/G,41.25
female,Black or African American,30 - 39,167.64,55.5,0,0,0,2.7,G/G,67.5
male,Black or African American,60 - 69,182.88,84.1,0,0,0,2.35,G/G,27.5
male,Black or African American,60 - 69,187.96,95.9,1,0,0,2.5,G/G,47.5
male,White,50 - 59,185.42,106.8,1,1,1,2.69,A/G,45
female,White,20 - 29,167.64,67.3,0,0,0,2.7,A/G,35
female,Black or African American,50 - 59,160.02,72.7,0,0,0,2.5,G/G,22
male,Black or African American,50 - 59,182.88,134.6,1,0,0,2.98,A/G,82
male,Black or African American,50 - 59,180.34,95.5,0,0,0,2.42,G/G,42.5
male,White,70 - 79,177.8,73.6,0,0,0,2.6,A/A,21
male,Black or African American,70 - 79,177.8,97.3,0,0,0,2.35,NA,25
male,White,30 - 39,187.96,81.8,0,0,0,2.4,A/G,50
female,White,50 - 59,162.56,119.5,0,0,0,2.44,G/G,30
male,White,50 - 59,182.88,98.2,0,0,0,2.9,A/G,75
male,Black or African American,50 - 59,180.34,100,0,0,0,2.3,G/G,60
male,Black or African American,40 - 49,193.04,121.4,0,0,0,2.68,G/G,47.5
male,White,70 - 79,177.8,91.4,1,1,0,2.4,G/G,17
female,White,60 - 69,162.56,72.7,0,0,0,2.17,G/G,35
male,Black or African American,70 - 79,182.88,105,0,1,0,2.96,A/G,15.5
female,Black or African American,40 - 49,172.72,135,1,0,0,2.8,G/G,47.5
male,Black or African American,70 - 79,180.34,66.8,0,0,0,2.25,G/G,21
female,Asian,30 - 39,152.4,59.1,1,0,0,2.8,G/G,55
male,Black or African American,60 - 69,175.26,93.6,0,0,0,2.7,G/G,35
male,Black or African American,40 - 49,170.18,81.4,0,0,0,2.3,G/G,10
male,Black or African American,50 - 59,180.34,105.5,1,0,0,2.06,G/G,45
male,Black or African American,60 - 69,180.34,72.7,0,1,0,2.2,G/G,37.5
female,White,30 - 39,154.94,90.5,0,0,0,2.2,A/G,22.5
male,White,80 - 89,170.18,72.3,1,0,0,2.6,G/G,42.5
male,Black or African American,50 - 59,175.26,81.8,1,0,0,2.9,A/G,45
female,Black or African American,20 - 29,177.8,125,0,0,0,2.5,G/G,115
female,Black or African American,30 - 39,162.56,68.2,0,0,0,2,G/G,17.5
male,White,40 - 49,190.5,117.7,0,0,0,2.2,A/G,45
male,Black or African American,60 - 69,172.72,73.6,0,1,0,2.55,A/G,17.5
male,Black or African American,40 - 49,172.72,77.3,1,0,0,2.6,G/G,45
female,Black or African American,40 - 49,165.1,110.9,0,0,0,2.2,G/G,50
female,White,60 - 69,170.18,75.9,0,0,0,2,A/G,15
male,White,70 - 79,180.34,111.4,1,0,0,2.5,A/G,27.5
male,Black or African American,50 - 59,177.8,113.6,0,1,1,3,G/G,25
male,White,50 - 59,182.88,113.6,0,1,0,2.32,A/G,47.5
female,Black or African American,60 - 69,170.18,152.3,1,0,0,2.3,G/G,35
female,White,60 - 69,160.02,81.8,0,0,0,2.5,A/G,55
female,Black or African American,40 - 49,152.4,95,0,0,0,2.5,G/G,35
male,White,90+,170.18,65.9,0,0,0,2,A/G,8
male,White,60 - 69,190.5,95.5,1,0,0,2.4,A/G,27.5
male,White,80 - 89,182.88,78.6,0,1,0,2.1,G/G,36
female,Black or African American,70 - 79,180.34,86.4,1,0,0,2.2,G/G,30
male,White,80 - 89,182.88,86.8,0,0,0,2,G/G,17.5
male,Black or African American,70 - 79,170.18,50.9,0,1,0,2.96,A/G,30
male,Black or African American,40 - 49,175.26,81.8,0,0,0,2.3,G/G,52.5
male,White,60 - 69,180.34,104.5,0,0,0,2.41,G/G,90
female,Black or African American,70 - 79,157.48,78.2,1,0,0,2.4,A/G,26.25
male,Black or African American,70 - 79,175.26,98.6,1,0,0,2.21,G/G,50
female,White,70 - 79,160.02,59.5,0,0,0,2.3,A/G,17.5
male,White,40 - 49,175.26,79.5,0,0,0,2,A/G,35
male,White,60 - 69,180.34,83.2,0,0,0,2.7,A/G,42.5
male,White,50 - 59,172.72,93.6,0,0,0,2.9,G/G,43.75
male,White,60 - 69,172.72,81.8,0,0,0,2.6,A/G,20
male,White,50 - 59,175.26,106.8,0,1,0,2.05,G/G,65.5
male,Black or African American,60 - 69,185.42,110,1,0,0,2.7,G/G,22.5
male,White,50 - 59,180.34,93.2,0,0,0,2.01,A/G,52.5
male,White,50 - 59,193.04,115,0,0,0,2.9,G/G,72.5
female,White,30 - 39,175.26,61.4,1,0,0,2,A/G,22.5
male,White,60 - 69,180.34,74.5,1,1,0,2.91,G/G,35
female,Black or African American,30 - 39,157.48,98.2,0,0,0,2.8,G/G,55
male,Black or African American,60 - 69,177.8,102.3,0,0,0,2.78,G/G,50
female,White,80 - 89,160.02,68.2,0,0,0,2,G/G,22
male,White,80 - 89,170.18,70.5,1,0,0,2.2,G/G,25
female,White,80 - 89,170.18,69.1,0,0,0,2.7,G/G,42.5
female,Black or African American,60 - 69,170.18,121.4,0,0,0,2,G/G,35
male,White,60 - 69,175.26,84.1,0,0,0,2.69,NA,7
male,White,60 - 69,187.96,75,0,1,0,2.34,NA,61.25
male,Black or African American,70 - 79,187.96,113.6,1,0,0,2.2,NA,37.5
female,White,70 - 79,165.1,56.4,0,0,0,2.4,A/G,25.5
male,White,60 - 69,180.34,113.6,1,1,0,2.34,A/G,40
female,Black or African American,50 - 59,170.18,120.5,0,0,0,2.7,G/G,30
male,White,40 - 49,170.18,63.6,0,1,0,2.78,G/G,230
female,Black or African American,60 - 69,167.64,93.2,0,1,0,2.1,G/G,35
female,Black or African American,90+,160.02,68.2,1,0,0,2.3,G/G,40
male,White,70 - 79,182.88,86.4,1,0,1,2.4,G/G,15
male,White,70 - 79,170.18,68.2,1,0,0,2.2,G/G,35
female,Black or African American,90+,165.1,59.1,0,0,0,2.5,G/G,15
male,Other,30 - 39,177.8,81.8,0,0,0,2.1,G/G,48.75
female,White,50 - 59,160.02,73.6,1,1,0,2.56,A/G,43.75
male,White,70 - 79,167.64,69.5,0,0,1,2.03,G/G,51.25
female,Black or African American,50 - 59,162.56,83.2,0,0,0,2.45,G/G,72.5
male,Black or African American,40 - 49,187.96,102.3,0,0,0,2.5,A/G,32.5
male,Black or African American,40 - 49,177.8,95,1,1,0,2.07,G/G,43.75
male,White,60 - 69,180.34,106.4,0,1,1,2.22,A/G,41.25
male,Black or African American,60 - 69,177.8,109.1,0,0,0,2.3,G/G,35
male,White,70 - 79,175.26,75,0,0,1,2.1,A/G,17.5
male,White,70 - 79,185.42,90.9,0,0,0,2.2,G/G,45
male,Black or African American,70 - 79,165.1,86.4,0,0,0,2.46,G/G,17.5
female,White,60 - 69,170.18,81.8,0,0,0,2.4,A/G,70
male,Black or African American,60 - 69,180.34,75.5,0,0,0,2.5,A/G,35
male,White,40 - 49,177.8,68.2,0,0,0,2,A/G,35
male,Black or African American,70 - 79,187.96,85.5,1,0,0,2.1,G/G,30
male,Black or African American,50 - 59,182.88,86.4,0,0,0,2.26,G/G,42.5
male,Black or African American,30 - 39,182.88,102.7,0,0,1,2.4,G/G,45
male,White,70 - 79,187.96,72.7,0,0,0,3,A/A,20
female,Black or African American,80 - 89,175.26,70,0,0,0,2.4,A/G,30
male,White,70 - 79,180.34,93.2,0,0,0,2.5,A/G,40
male,White,80 - 89,182.88,71.8,0,0,0,2.3,A/G,27.5
male,White,50 - 59,182.88,90.9,0,0,0,2.36,A/G,30
male,White,50 - 59,180.34,154.6,0,0,0,2.17,A/G,61.25
male,White,40 - 49,175.26,82.3,0,1,0,2.18,A/G,25
male,Black or African American,50 - 59,182.88,73.6,1,1,0,2.37,G/G,52.5
female,Black or African American,80 - 89,160.02,67.3,1,0,1,2.5,G/G,22
male,White,50 - 59,182.88,78.6,0,0,0,2.6,G/G,38.5
female,White,70 - 79,165.1,94.5,0,0,0,2.5,A/G,57.5
male,White,80 - 89,177.8,96.4,0,1,0,2.38,A/A,13
male,White,30 - 39,190.5,129.6,0,0,0,3,A/G,37.5
male,Black or African American,40 - 49,175.26,106.8,0,0,0,2.76,A/G,62.5
male,White,60 - 69,177.8,80.9,0,0,0,2,A/G,15
male,Black or African American,50 - 59,187.96,137.3,0,0,0,2.3,G/G,80
female,Black or African American,40 - 49,167.64,50,0,0,0,2,G/G,22.5
male,Black or African American,60 - 69,170.18,89.1,0,1,0,2.19,G/G,35
male,White,70 - 79,172.72,84.1,0,0,0,2,G/G,57.5
male,White,50 - 59,180.34,109.1,1,1,0,2.12,G/G,41.25
male,Black or African American,60 - 69,175.26,72.3,0,1,0,2.4,G/G,75
female,Black or African American,40 - 49,167.64,70.5,1,0,0,2.5,G/G,45
female,White,60 - 69,170.18,84.1,0,0,0,2.8,A/A,20
male,White,80 - 89,172.72,95.5,1,0,0,2,NA,50
male,White,60 - 69,177.8,93.6,1,0,0,2.7,A/A,14
female,Black or African American,60 - 69,167.64,106.8,1,0,0,2,G/G,32.5
male,White,50 - 59,182.88,130.9,0,0,0,2.49,A/G,47.5
male,White,60 - 69,190.5,144.6,0,0,0,2.7,A/G,52.5
female,Black or African American,30 - 39,160.02,79.5,0,0,0,2.1,G/G,35
female,White,50 - 59,172.72,107.7,1,0,0,2.6,A/G,35
male,Black or African American,60 - 69,170.18,79.1,0,0,0,2.2,G/G,32.5
male,Black or African American,60 - 69,190.5,88.6,1,0,0,2.7,G/G,32.5
female,Black or African American,30 - 39,165.1,94.5,0,0,0,3,A/G,40.83
male,White,50 - 59,182.88,111.4,1,1,0,2.49,A/G,32.5
male,White,50 - 59,172.72,85,0,0,0,2,G/G,37.5
male,White,40 - 49,172.72,101.4,0,0,0,2.4,A/G,35
male,White,30 - 39,172.72,97.7,1,0,0,2.3,A/G,16
female,Black or African American,30 - 39,172.72,81.8,0,0,0,2.5,G/G,52.5
male,Black or African American,50 - 59,187.96,114.5,0,0,0,2.47,G/G,105
female,Black or African American,80 - 89,170.18,71.8,0,0,0,2.6,A/G,20
male,White,50 - 59,177.8,74.5,0,1,0,2.59,A/G,40
female,White,60 - 69,165.1,52.7,0,0,0,2.6,A/G,20
male,Black or African American,20 - 29,165.1,64.5,0,0,0,2.1,A/G,60
male,White,50 - 59,187.96,86.4,0,0,0,2.6,A/G,45.5
male,Black or African American,70 - 79,170.18,68.6,1,1,1,2.18,G/G,38.75
male,White,60 - 69,185.42,86.4,0,0,0,2.3,G/G,52.5
female,Black or African American,70 - 79,170.18,77.3,1,0,0,3,G/G,44
male,White,60 - 69,167.64,122.7,1,0,0,2.92,A/G,40
male,White,70 - 79,177.8,70.9,0,1,0,2.5,G/G,27.5
male,Black or African American,30 - 39,195.58,190.9,1,0,0,2.1,G/G,30
male,White,60 - 69,187.96,102.3,0,0,0,2,A/A,26
male,Black or African American,50 - 59,165.1,74.1,1,0,0,2,G/G,30
female,Black or African American,20 - 29,157.48,49.1,0,0,0,2,A/G,35
male,White,60 - 69,182.88,99.5,0,0,1,2,A/G,32.5
female,Black or African American,80 - 89,167.64,79.5,0,0,0,2.7,G/G,50
male,NA,80 - 89,193.04,104.5,0,0,0,2.37,G/G,48.12
male,Black or African American,70 - 79,172.72,89.1,0,1,0,2.17,A/G,10.5
male,White,50 - 59,172.72,129.6,0,0,1,2.3,G/G,56.25
female,White,70 - 79,167.64,60,0,1,0,2.2,G/G,45
male,Black or African American,70 - 79,180.34,61.4,1,0,1,2.15,G/G,36.25
female,White,80 - 89,170.18,95.5,0,0,0,2,A/G,32.5
female,White,70 - 79,160.02,66.4,0,0,0,2.4,A/G,32.5
male,Black or African American,50 - 59,187.96,106.8,1,0,0,2.39,G/G,60
female,White,50 - 59,167.64,95.5,0,0,0,2.6,A/G,27.5
male,Black or African American,40 - 49,177.8,85.9,0,0,0,2.15,G/G,42.5
female,Black or African American,50 - 59,162.56,75.5,0,0,0,2.4,G/G,25
female,White,20 - 29,162.56,56.8,0,0,0,2.5,G/G,105
female,Black or African American,50 - 59,162.56,64.5,0,0,0,3,G/G,55
male,White,70 - 79,182.88,77.3,0,0,0,2.6,A/G,30
male,White,50 - 59,170.18,118.2,1,0,0,2,A/G,41.25
female,White,70 - 79,175.26,76.8,0,0,0,2,G/G,55
male,Black or African American,60 - 69,180.34,84.1,0,0,1,2.1,G/G,35
female,Black or African American,60 - 69,157.48,78.2,1,1,0,2.59,G/G,35
female,Black or African American,40 - 49,167.64,53.2,0,0,0,2.1,A/G,52.5
female,White,70 - 79,172.72,100.9,0,0,0,2.3,G/G,40
male,Black or African American,40 - 49,167.64,95.5,1,1,0,2.37,A/G,26.25
female,Black or African American,60 - 69,157.48,87.3,0,0,0,3,G/G,34.5
male,Black or African American,80 - 89,167.64,63.6,0,0,0,2.2,NA,52.5
male,White,60 - 69,180.34,76.8,1,0,1,2.1,G/G,42.5
male,White,50 - 59,190.5,81.8,0,0,0,2,G/G,57.5
male,White,70 - 79,180.34,95.5,1,1,0,2.6,G/G,47.5
female,Black or African American,30 - 39,162.56,72.7,0,0,0,2.4,G/G,110
male,Black or African American,50 - 59,185.42,131.4,1,1,0,2.76,G/G,65
male,Black or African American,70 - 79,177.8,104.5,1,0,0,2.5,NA,80
male,White,60 - 69,172.72,84.1,0,1,0,2.7,G/G,40
male,White,80 - 89,152.4,95.5,1,1,0,2.51,A/G,15
male,White,60 - 69,172.72,77.7,0,1,0,2.9,A/G,46.67
male,White,60 - 69,182.88,135.4,0,0,0,2.4,A/G,60
male,White,40 - 49,180.34,96.8,0,0,0,2.88,A/G,55
male,Black or African American,50 - 59,190.5,100,1,1,0,2.05,G/G,55
male,Black or African American,70 - 79,172.72,58.2,0,0,0,2.7,G/G,35
female,White,60 - 69,167.64,81.8,0,1,0,2.9,G/G,25
male,White,50 - 59,190.5,97.7,0,0,0,2.7,G/G,70
female,Black or African American,50 - 59,162.56,175,1,0,0,2.6,G/G,64.17
male,Black or African American,60 - 69,182.88,93.2,0,0,0,2.7,G/G,30
male,White,50 - 59,172.72,75,0,1,0,2.91,G/G,43.75
female,White,20 - 29,167.64,61.4,0,0,0,2.5,G/G,17.5
male,Black or African American,70 - 79,170.18,74.1,0,0,0,2.9,G/G,27.5
male,White,60 - 69,172.72,103.2,0,0,0,2.5,A/G,47.5
female,White,70 - 79,175.26,120.5,1,1,0,2.2,G/G,17.5
female,Black or African American,80 - 89,162.56,86.4,0,0,0,3,G/G,45
male,Black or African American,70 - 79,175.26,79.5,0,0,0,2.94,G/G,40
female,Black or African American,70 - 79,165.1,100,0,0,0,2.3,G/G,42.5
male,White,50 - 59,177.8,95.5,1,1,0,2.94,A/G,60
male,Other,60 - 69,167.64,72.7,0,1,0,2.8,A/G,24
male,White,40 - 49,180.34,94.1,0,0,0,2.4,A/G,37.5
male,White,80 - 89,177.8,81.8,0,0,0,2.2,G/G,63
male,White,70 - 79,193.04,113.6,0,0,0,2.2,A/G,35
male,Black or African American,40 - 49,190.5,168.6,0,0,0,2.86,G/G,80
male,White,60 - 69,170.18,83.6,0,0,1,2.6,A/G,17.5
female,Black or African American,30 - 39,162.56,108.6,0,0,0,2.8,A/G,62.5
male,Black or African American,50 - 59,170.18,85.5,0,0,0,2.6,G/G,35
male,White,60 - 69,177.8,59.1,0,0,0,2.22,A/G,27.5
male,White,40 - 49,NA,NA,0,0,0,2.82,A/G,47.5
female,White,50 - 59,162.56,57.7,0,0,0,2.91,A/G,26.25
male,White,50 - 59,180.34,76.4,0,0,0,2.5,NA,45
male,White,80 - 89,165.1,70,0,1,0,2.6,G/G,25
female,Black or African American,50 - 59,165.1,51.4,0,0,0,2.6,NA,30
male,Black or African American,70 - 79,172.72,100.9,1,0,1,2.7,G/G,22
male,Black or African American,40 - 49,182.88,125,0,0,0,2.5,G/G,52.5
female,White,50 - 59,NA,NA,0,0,0,2.05,A/G,45.5
female,Black or African American,70 - 79,170.18,77.7,0,0,0,2,A/G,22.5
male,White,80 - 89,167.64,82.7,0,0,0,2.17,A/G,16.5
male,White,50 - 59,170.18,110.5,1,0,0,2.51,G/G,45
male,White,60 - 69,175.26,75,0,0,0,2.49,A/G,32.5
male,Black or African American,50 - 59,182.88,75.9,0,0,0,2,G/G,50
male,White,50 - 59,175.26,81.8,0,1,1,2.6,G/G,26
male,White,60 - 69,185.42,77.3,0,0,0,2.4,A/A,15
female,White,70 - 79,170.18,63.6,0,0,0,2,A/G,21.25
male,White,60 - 69,177.8,77.3,1,1,1,2.32,A/A,7
male,White,60 - 69,180.34,99.1,0,0,0,2.11,A/G,27.5
male,White,70 - 79,177.8,98.6,0,1,0,2.6,G/G,40
female,White,60 - 69,154.94,66.4,1,0,0,2.2,A/G,35
male,Black or African American,60 - 69,182.88,71.8,1,1,0,2.23,A/G,60
female,Black or African American,30 - 39,172.72,179.1,0,0,0,2.6,G/G,50
female,White,50 - 59,165.1,47.3,0,0,0,2.4,G/G,63.75
female,White,50 - 59,160.02,68.2,0,1,0,2.2,A/G,52.5
male,White,50 - 59,182.88,94.5,0,0,0,2.79,A/G,12.25
female,White,70 - 79,165.1,76.4,0,0,0,2.3,G/G,42.5
male,Black or African American,60 - 69,170.18,90,1,1,0,2.25,G/G,28.75
female,White,70 - 79,162.56,70.9,0,1,0,2.6,G/G,35
male,Black or African American,30 - 39,190.5,193.2,0,1,0,2.57,A/G,57.5
male,White,50 - 59,170.18,76.8,1,1,0,2.46,G/G,37.5
female,White,70 - 79,162.56,80.5,0,0,0,2.7,G/G,26
male,White,60 - 69,175.26,NA,0,0,0,2.98,A/G,25
male,White,50 - 59,187.96,113.6,0,0,0,2.3,G/G,80
male,White,70 - 79,170.18,78.2,0,0,0,2.6,A/G,28.75
male,White,60 - 69,170.18,65,0,1,1,2.03,G/G,25
female,White,80 - 89,162.56,81.8,0,0,0,2.3,NA,9
male,Black or African American,40 - 49,162.56,55.5,0,0,0,3,G/G,35
male,White,50 - 59,180.34,80.5,1,1,0,2.06,A/G,35
male,White,70 - 79,170.18,68.2,0,0,0,2.41,G/G,42.5
male,White,50 - 59,170.18,86.4,0,1,0,2.36,A/G,30
male,White,40 - 49,172.72,106.8,0,0,0,2.27,A/G,35
male,White,40 - 49,180.34,80.9,0,0,1,2.6,A/G,35
male,Black or African American,50 - 59,172.72,113.6,1,1,0,2.65,A/G,35
male,White,70 - 79,170.18,70.5,0,0,0,2.4,G/G,42.5
female,White,30 - 39,170.18,57.7,0,0,0,2.3,A/G,43.75
male,White,60 - 69,190.5,80,0,0,0,2.6,A/G,62.5
male,White,60 - 69,175.26,79.1,0,1,0,2.14,A/G,25
male,White,50 - 59,195.58,97.7,0,0,0,2.4,G/G,95
male,White,40 - 49,182.88,70.5,0,0,0,2.03,G/G,55
female,Caucasian,30 - 39,159.99,60,0,0,0,2.69,A/A,42
female,Caucasian,50 - 59,162.99,70,0,0,0,2.6,G/G,38.5
female,Caucasian,70 - 79,NA,68.5,0,0,0,2.19,G/G,35
male,Caucasian,30 - 39,180.09,100,0,0,0,2.64,A/G,28
female,Caucasian,40 - 49,175.01,120,0,0,0,2.54,A/G,43.75
male,Caucasian,60 - 69,NA,129,1,NA,NA,2.41,A/G,49
female,Caucasian,80 - 89,NA,80,0,0,0,2.66,G/G,38.5
female,Caucasian,90+,NA,52,1,NA,NA,2.47,A/G,28
female,Caucasian,60 - 69,NA,67.5,0,0,0,2.43,G/G,17.5
male,Caucasian,80 - 89,170,90,0,0,0,2.43,A/G,49
female,Caucasian,20 - 29,173,60,0,0,0,2.67,G/G,45.5
female,Caucasian,90+,NA,74,1,0,0,2.35,A/G,35
male,Caucasian,80 - 89,170,63,0,0,0,2.7,A/G,17.5
male,Caucasian,60 - 69,159.99,65,0,0,0,2.47,A/G,35
male,Caucasian,60 - 69,184.99,82,0,NA,NA,2.25,A/A,21
female,Caucasian,70 - 79,149.99,55,0,0,0,2.28,NA,27.25
male,Caucasian,43739,181.99,75,0,0,0,2.52,A/G,26.25
male,Caucasian,50 - 59,189.99,65,0,0,0,2.32,A/G,52.5
female,Caucasian,80 - 89,NA,67,0,0,0,2.81,G/G,26.25
female,Caucasian,70 - 79,149.99,69,1,0,0,2.4,A/A,21
female,Caucasian,80 - 89,NA,62,0,0,0,2.5,A/G,5.25
male,Caucasian,60 - 69,178.99,85,0,0,1,2.23,A/A,24.5
female,Caucasian,60 - 69,181.99,83,1,0,0,2.58,A/A,35
female,Caucasian,20 - 29,170,88,0,0,0,2.66,G/G,70
male,Caucasian,60 - 69,170,94,1,0,0,2.03,A/G,35
male,Caucasian,70 - 79,NA,89,0,0,0,2.8,A/G,33.25
female,Caucasian,30 - 39,171.98,52,0,0,0,2.28,G/G,70
female,Caucasian,60 - 69,149,82,0,0,0,2.15,A/G,43.75
male,Caucasian,60 - 69,159.99,85,1,0,1,2.58,A/G,52.5
female,Caucasian,70 - 79,154.99,81.8,0,0,0,2.55,G/G,24.5
female,Caucasian,80 - 89,154.99,51,0,0,1,2.5,G/G,29.75
female,Caucasian,60 - 69,157.99,86,0,0,0,2.27,G/G,52.5
female,Caucasian,60 - 69,154,70,0,1,0,2.42,A/G,35
female,Caucasian,60 - 69,162,84,0,0,0,2.38,G/G,48.25
female,Caucasian,50 - 59,168,75,0,0,0,2.3,A/A,35
male,Caucasian,40 - 49,159.99,50.5,0,0,0,2.54,G/G,43.75
female,Caucasian,20 - 29,173,85,0,0,0,2.67,G/G,66.5
male,Caucasian,80 - 89,179.98,75,1,0,0,2.85,A/G,38.5
female,Caucasian,40 - 49,173,76,0,0,0,2.86,NA,24.5
female,Caucasian,60 - 69,149.99,98,0,0,0,2.31,A/A,21
male,Caucasian,60 - 69,179.98,82,1,0,1,3.02,A/G,19.25
male,Caucasian,70 - 79,186,95,1,1,1,2.55,A/A,38.5
female,Caucasian,80 - 89,NA,55,1,0,0,2.53,A/A,21
male,Caucasian,70 - 79,176.99,84,0,1,0,2.2,G/G,49
male,Caucasian,80 - 89,NA,NA,0,0,1,2.77,G/G,19.25
male,Caucasian,70 - 79,162.99,73,0,0,0,2.29,G/G,45.5
male,Caucasian,80 - 89,168,87,0,0,0,2.49,G/G,26.25
male,Caucasian,60 - 69,179.98,100,0,0,0,2.16,A/G,26.25
female,Caucasian,80 - 89,145.01,90,0,0,1,2.2,A/G,21.25
female,Caucasian,60 - 69,154,58,0,0,0,2.51,A/A,31.5
female,Caucasian,50 - 59,170,127,0,0,0,2.13,A/A,35
female,Caucasian,80 - 89,159.99,75,0,0,0,2.6,A/A,21
male,Caucasian,80 - 89,176.99,95,0,0,0,2.65,G/G,35
female,Caucasian,50 - 59,152.98,53,0,0,0,2.32,A/A,17.5
female,Caucasian,80 - 89,149.99,80,0,0,0,2.2,G/G,17.5
male,Caucasian,20 - 29,179.98,70,0,0,0,2.82,G/G,56
female,Caucasian,70 - 79,168.99,78,0,0,0,2.1,A/G,21
male,Caucasian,70 - 79,181.99,110.7,0,0,1,2.3,G/G,26.25
male,Caucasian,60 - 69,176,100,1,1,0,2.51,A/G,38.5
female,Caucasian,70 - 79,149.99,66,0,0,0,2.2,A/G,31.25
male,Caucasian,50 - 59,171.98,95,1,1,1,2.34,G/G,52.5
male,Caucasian,70 - 79,NA,62,0,0,1,2.35,A/G,15.75
male,Caucasian,80 - 89,159.99,57,0,0,0,2.65,G/G,61.25
female,Caucasian,60 - 69,157.99,62,0,0,1,2.5,A/G,19.25
female,Caucasian,80 - 89,170,65,0,0,0,2.23,A/G,28
female,Caucasian,50 - 59,154,65,0,0,0,2.58,A/A,24.5
male,Caucasian,40 - 49,184,120,0,0,0,2.22,A/A,35
male,Caucasian,80 - 89,186,92,0,NA,NA,2.68,A/G,35
male,Caucasian,30 - 39,183.01,80,0,0,0,2.62,A/G,49
male,Caucasian,70 - 79,162,60,0,0,0,2.54,G/G,28.75
male,Caucasian,80 - 89,168.99,72,0,0,1,2.8,G/G,40
male,Caucasian,20 - 29,179.98,65,0,0,0,2.48,A/G,45.5
male,Caucasian,40 - 49,192,108,0,0,0,2.46,A/G,40
female,Caucasian,20 - 29,170,83,0,0,0,2.87,A/G,87.5
female,Caucasian,70 - 79,149.99,66,0,0,0,2.61,NA,28
male,Caucasian,80 - 89,173,69,0,0,0,2.29,G/G,157.5
female,Caucasian,40 - 49,159.99,70,0,0,1,2.34,A/G,40
female,Caucasian,60 - 69,154.99,80,0,NA,NA,2.7,A/G,35
male,Caucasian,40 - 49,167,114,0,0,0,2.13,NA,48.75
female,Caucasian,40 - 49,170.99,77,0,NA,NA,2.59,A/A,31.5
female,Caucasian,70 - 79,165,70,1,0,0,2.57,G/G,87.5
female,Caucasian,70 - 79,165,103.5,0,0,0,2.37,G/G,87.5
female,Caucasian,30 - 39,170,80,0,0,0,2.33,A/A,24.5
female,Caucasian,20 - 29,159.99,72,0,0,0,2.71,A/A,49
female,Caucasian,40 - 49,167,66,0,0,0,2.55,G/G,38.5
male,Caucasian,60 - 69,187.99,100,0,0,0,2.39,A/G,31.5
female,Caucasian,40 - 49,170,100,1,0,0,2.26,A/G,31.25
female,Caucasian,80 - 89,149.99,60,0,0,0,2.4,G/G,52.5
female,Caucasian,50 - 59,165,75,0,0,0,2.49,A/A,17.5
female,Caucasian,50 - 59,170,70,0,0,0,2.3,A/G,28
female,Caucasian,30 - 39,165.99,92.5,0,0,0,2.5,A/G,63
female,Caucasian,60 - 69,170,102,1,1,0,2.43,A/G,40
female,Caucasian,30 - 39,159.99,87,0,0,1,2.86,A/A,14
female,Caucasian,80 - 89,149.99,64,1,1,0,2.43,G/G,38.5
male,Caucasian,60 - 69,164.01,75,0,0,0,2.44,A/G,21
female,Caucasian,70 - 79,162,70,0,1,0,2.79,A/G,24.5
male,Caucasian,50 - 59,186.99,95,0,NA,NA,2.47,A/G,21
male,Caucasian,80 - 89,165,52,0,0,0,2.25,G/G,17.5
female,Caucasian,70 - 79,165,90,1,0,0,2.2,A/G,10.5
female,Caucasian,50 - 59,159.99,80,1,0,1,2.43,NA,70
female,Caucasian,40 - 49,170.99,103,0,0,0,2.42,A/G,35
male,Caucasian,70 - 79,168,74,0,NA,NA,2.3,A/G,17.5
female,Caucasian,20 - 29,168,110,0,0,0,2.3,A/G,77
female,Caucasian,70 - 79,152.98,60,0,1,1,2.33,A/G,24.5
female,Caucasian,40 - 49,175.01,100,1,0,0,2.61,NA,80.5
female,Caucasian,60 - 69,170,83.5,0,0,0,2.4,G/G,35
female,Caucasian,70 - 79,156.01,70,0,0,0,2.7,A/G,17.5
female,Caucasian,70 - 79,170,90,0,1,1,2.29,A/G,38.5
female,Caucasian,30 - 39,170.99,115,0,0,0,2.42,G/G,73.5
male,Caucasian,30 - 39,176.99,86,0,0,0,2.68,G/G,21
male,Caucasian,70 - 79,175.01,82,0,0,0,2.62,A/G,38.5
male,Caucasian,20 - 29,175.01,85,0,0,0,2.49,G/G,42
male,Caucasian,20 - 29,176,112,0,NA,NA,2.54,G/G,42
male,Caucasian,70 - 79,159.99,94,0,1,1,2.87,A/G,31.5
male,Caucasian,60 - 69,176.99,86,0,1,0,2.37,A/G,22.5
male,Caucasian,30 - 39,179.98,108,0,NA,NA,2.64,A/A,31.5
female,Caucasian,70 - 79,159,112,0,0,0,2.09,A/G,31.5
female,Caucasian,60 - 69,157,74.5,0,0,0,2.27,A/A,17.5
female,Caucasian,70 - 79,159.99,76,0,0,1,2.5,A/A,13.75
male,Caucasian,40 - 49,184.99,70,0,0,0,2.47,A/G,35
female,Caucasian,30 - 39,154.99,55,0,0,0,2.65,A/A,43.75
female,Caucasian,30 - 39,165.99,89,0,0,0,2.43,A/A,48.75
female,Caucasian,40 - 49,162.99,60.5,0,NA,NA,2.7,A/A,31.5
male,Caucasian,60 - 69,175.01,64,0,0,0,2.48,A/G,24.5
male,Caucasian,50 - 59,171.98,87,0,0,0,2.5,G/G,49
female,Caucasian,60 - 69,159.99,72,0,1,0,2.78,G/G,27.25
male,Caucasian,20 - 29,184.99,70,0,0,0,2.63,A/A,35
male,Caucasian,60 - 69,170,64.5,0,0,0,2.39,A/G,38.5
male,Caucasian,70 - 79,175.01,101,0,1,1,2.55,A/A,17.5
male,Caucasian,80 - 89,179.98,80,0,1,0,2.35,A/G,28
male,Caucasian,60 - 69,175.01,136.5,0,0,0,2.13,A/G,61.25
male,Caucasian,60 - 69,178,72,0,NA,NA,2.51,A/A,21
female,Caucasian,40 - 49,175.01,76,0,0,0,2.33,G/G,56
male,Caucasian,70 - 79,157.99,67,1,0,1,2.04,A/G,31.25
female,Caucasian,80 - 89,162,61,1,1,0,2.25,A/A,42
male,Caucasian,50 - 59,176,87,1,0,0,2.4,A/G,45.5
male,Caucasian,30 - 39,186,91,0,0,0,2.39,G/G,59.5
male,Caucasian,20 - 29,165,73,0,0,0,2.45,A/G,52.5
male,Caucasian,60 - 69,175.01,77,0,0,0,2.15,A/G,35
female,Caucasian,20 - 29,151,59,0,0,0,2.45,G/G,35
female,Caucasian,43739,170.99,68.5,0,0,0,2.5,A/A,28
male,Caucasian,20 - 29,181,100,0,0,0,2.4,A/A,49
male,Caucasian,50 - 59,179.98,90,0,1,1,2.37,A/A,28
male,Caucasian,90+,178.99,70,0,0,0,2.21,A/G,14
female,Caucasian,20 - 29,167,83,0,0,0,2.41,A/G,42
female,Caucasian,40 - 49,179.98,91,0,0,0,2.17,A/G,35
male,Caucasian,60 - 69,165,71,1,1,0,2.63,A/G,28
female,Caucasian,30 - 39,165,65.7,0,0,0,2.74,A/G,28
female,Caucasian,20 - 29,168,53.5,0,0,0,2.23,A/G,31.25
male,Caucasian,40 - 49,156.01,70.7,0,0,0,2.63,A/A,26.25
male,Caucasian,70 - 79,176.99,84,0,0,0,2.25,G/G,52.5
female,Caucasian,70 - 79,168,80,0,0,0,2.78,A/G,24.5
male,Caucasian,50 - 59,179.98,104,0,0,0,2.16,G/G,77
male,Caucasian,20 - 29,184,57,0,0,0,2.48,A/G,24.5
female,Caucasian,40 - 49,162.99,87,0,1,0,2.8,A/A,35
female,Caucasian,50 - 59,165,80,0,0,0,2.4,A/G,49
male,Caucasian,50 - 59,189.99,93,0,0,0,2.44,A/G,77
male,Caucasian,20 - 29,181,90,0,0,0,2.46,A/G,38.5
male,Caucasian,70 - 79,178,92,0,1,0,2.32,A/A,21
female,Caucasian,40 - 49,148.01,71,0,0,0,2.16,A/G,315
male,Caucasian,40 - 49,183.01,113,1,0,0,2.42,G/G,122.5
female,Caucasian,80 - 89,168,53.5,0,NA,NA,2.6,A/G,31.5
male,Caucasian,40 - 49,175.01,102,0,0,0,2.56,G/G,63
male,Caucasian,40 - 49,170,80,0,0,0,2.3,G/G,70
female,Caucasian,30 - 39,170,80,0,0,0,2.85,G/G,70
female,Caucasian,60 - 69,165,90,0,0,0,2.6,A/A,26.25
female,Caucasian,80 - 89,159.99,100,0,1,0,2.48,G/G,28
female,Caucasian,60 - 69,165,87,0,0,0,2.88,G/G,42
male,Caucasian,20 - 29,184.99,93,0,0,0,2.6,A/G,56
male,Caucasian,50 - 59,176,97,0,0,0,2.65,A/G,94.5
female,Caucasian,30 - 39,165,59,0,0,0,2.7,G/G,56
male,Caucasian,80 - 89,159.99,61,0,1,0,2.61,G/G,21
female,Caucasian,40 - 49,159.99,75,0,0,0,2.84,A/G,28
female,Caucasian,60 - 69,159.99,72,0,1,0,2.51,A/G,28
male,Caucasian,43739,170,56,0,0,0,2.32,G/G,24.5
female,Caucasian,70 - 79,149.99,52,0,0,0,2.25,G/G,122.5
male,Caucasian,50 - 59,178,106,0,0,0,2.57,A/G,31.5
female,Caucasian,80 - 89,157.99,70,1,0,0,2.22,A/G,49
female,Caucasian,40 - 49,159.99,59,0,0,0,2.18,G/G,49
female,Caucasian,70 - 79,159.99,110,0,0,0,2.35,G/G,35
female,Caucasian,80 - 89,159.99,60,0,0,0,2.18,A/G,49
male,Caucasian,60 - 69,171.98,92.5,0,1,0,2.59,A/G,49
male,Caucasian,20 - 29,175.01,150,0,0,0,2.61,A/A,38.5
female,Caucasian,20 - 29,168,55,0,0,0,2.5,G/G,35
female,Caucasian,80 - 89,164.01,63,0,NA,NA,2.26,G/G,28
male,Caucasian,40 - 49,176.99,68,0,0,0,2.36,A/G,49
male,Caucasian,50 - 59,178,114,1,0,0,2.48,G/G,98
female,Caucasian,40 - 49,159,100,0,0,0,2.29,G/G,63
female,Caucasian,70 - 79,162,118,1,0,0,2.41,A/A,31.5
female,Caucasian,60 - 69,165,105,1,0,0,2.38,A/G,35
male,Caucasian,70 - 79,178,130,1,0,0,2.52,A/G,42
female,Caucasian,30 - 39,173,65,0,0,0,2.54,A/A,43.75
male,Caucasian,30 - 39,181,80,0,0,0,2.54,A/A,17.5
female,Caucasian,20 - 29,151.99,NA,0,NA,NA,2.48,G/G,63
male,Caucasian,60 - 69,176.99,86,0,1,0,2.64,G/G,35
male,Caucasian,30 - 39,181.99,90,0,0,0,2.85,G/G,56
female,Caucasian,30 - 39,170,100,0,0,0,2.32,A/G,52.5
female,Caucasian,70 - 79,176.99,89,0,0,0,2.2,A/A,12.25
male,Caucasian,60 - 69,170,70,NA,NA,NA,2.52,G/G,35
female,Caucasian,30 - 39,164.01,62,0,0,0,2.56,NA,8.75
male,Caucasian,60 - 69,181.99,87,1,1,0,2.27,A/A,17.5
male,Caucasian,20 - 29,179.98,71,0,0,0,2.7,A/A,49
female,Caucasian,20 - 29,170,80,0,0,0,2.84,A/G,70
female,Caucasian,70 - 79,157.99,55,0,1,0,2.44,A/A,10.5
female,Caucasian,20 - 29,162,62,0,0,0,2.2,G/G,66.5
female,Caucasian,20 - 29,164.01,65,0,0,0,2.53,G/G,42
female,Caucasian,20 - 29,159.99,90,0,0,0,2.2,A/A,31.5
male,Caucasian,40 - 49,178.99,106,0,0,0,2.2,G/G,28
male,Caucasian,70 - 79,178.99,102,1,1,0,2.39,A/A,24.5
male,Caucasian,60 - 69,175.01,93,0,1,0,2.59,A/A,24.5
female,Caucasian,30 - 39,165,56,0,0,0,2.56,A/G,56
female,Caucasian,60 - 69,165,80,0,0,0,2.55,A/G,63
female,Caucasian,50 - 59,164.01,70,0,1,0,2.71,G/G,45.5
female,Caucasian,30 - 39,175.01,59,0,0,0,2.2,G/G,31.5
female,Caucasian,40 - 49,157.99,65.5,0,0,0,2.65,A/A,22.75
male,Caucasian,50 - 59,183.01,87.8,0,0,0,2.88,NA,63
female,Caucasian,70 - 79,150.11,55,0,1,0,2.56,NA,26.25
male,Caucasian,50 - 59,178.05,100,0,1,0,2.78,NA,73.5
female,Caucasian,60 - 69,150.11,58,0,1,0,2.1,NA,24.5
female,Caucasian,60 - 69,163.07,92,1,1,1,2.4,NA,70
female,Caucasian,30 - 39,153.92,60,0,1,0,2.57,NA,28
female,Caucasian,30 - 39,160.02,83,0,0,0,2.6,NA,77
female,Caucasian,50 - 59,NA,109,NA,0,0,1.8,NA,35
male,Caucasian,30 - 39,NA,112,NA,0,0,3.06,NA,22.5
male,Caucasian,50 - 59,NA,105,NA,0,0,1.81,NA,57.5
female,Caucasian,40 - 49,NA,62,NA,0,0,2.54,NA,67.5
female,Caucasian,70 - 79,NA,58,NA,0,0,3.5,NA,20
male,Caucasian,40 - 49,NA,75,NA,0,0,2.56,NA,35
male,Caucasian,70 - 79,NA,119,NA,0,1,2.19,NA,22.5
male,Caucasian,70 - 79,NA,92,NA,0,0,3.2,NA,11.25
male,Caucasian,80 - 89,NA,84,NA,0,0,2.33,NA,33.75
female,Caucasian,70 - 79,NA,60,NA,0,0,2.5,NA,17.5
male,Caucasian,80 - 89,NA,66.5,NA,0,0,3.46,NA,10.5
male,Caucasian,40 - 49,NA,82,NA,0,0,2.9,NA,43.75
male,Caucasian,70 - 79,NA,82,NA,0,0,2.38,NA,43.75
female,Caucasian,70 - 79,NA,60,NA,1,1,2.7,NA,8.75
male,Caucasian,80 - 89,NA,65,NA,0,0,2.59,NA,2.5
female,Caucasian,80 - 89,NA,65,NA,0,0,2.68,NA,43.75
male,Caucasian,70 - 79,NA,74,NA,0,0,2.84,NA,17.5
female,Caucasian,70 - 79,NA,75,NA,0,0,2.67,NA,31.5
male,Caucasian,70 - 79,NA,77,NA,1,0,2.2,NA,24.5
male,Caucasian,60 - 69,NA,73.4,NA,NA,NA,1.96,NA,46.25
female,Caucasian,70 - 79,NA,74,NA,0,0,2.97,NA,28.75
male,Caucasian,70 - 79,NA,78,NA,0,1,3.27,NA,21
female,Caucasian,30 - 39,NA,83,NA,0,0,2.64,NA,35
female,Caucasian,80 - 89,NA,84,NA,1,0,2.52,NA,26.25
female,Caucasian,60 - 69,NA,86,NA,0,1,2.52,NA,26.25
male,Caucasian,50 - 59,NA,54,NA,0,0,3.33,NA,17.5
male,Caucasian,40 - 49,NA,83,NA,0,0,2.05,NA,57.5
female,Caucasian,50 - 59,NA,67,NA,0,0,2.85,NA,35
male,Caucasian,50 - 59,NA,82,NA,0,1,2.43,NA,38.5
female,Caucasian,60 - 69,NA,87,NA,0,1,1.79,NA,35
female,Caucasian,70 - 79,NA,72,NA,0,0,3.31,NA,38.5
male,Caucasian,80 - 89,NA,84,NA,0,1,2.93,NA,43.75
male,Caucasian,60 - 69,NA,73,NA,0,0,2.51,NA,17.5
female,Caucasian,50 - 59,NA,87,NA,0,0,3.35,NA,33.75
male,Caucasian,60 - 69,NA,70,NA,NA,NA,2.08,NA,67.5
female,Caucasian,50 - 59,NA,44,NA,1,1,2.31,NA,26.25
female,Caucasian,50 - 59,NA,70,NA,0,1,2.89,NA,28.75
male,Caucasian,60 - 69,NA,66.3,NA,0,0,2.93,NA,8.75
female,Caucasian,70 - 79,NA,63.8,NA,1,0,2.57,NA,35
male,Caucasian,60 - 69,NA,82,NA,0,0,3.67,NA,16.25
male,Caucasian,70 - 79,NA,70,NA,1,0,2.39,NA,17.5
male,Caucasian,60 - 69,NA,83,NA,0,0,2.04,NA,33.25
male,Caucasian,80 - 89,NA,65,NA,0,1,3.13,NA,13.75
female,Caucasian,70 - 79,NA,114,NA,0,1,3.06,NA,15
female,Caucasian,70 - 79,NA,57,NA,0,0,1.81,NA,26.25
female,Caucasian,70 - 79,NA,56,NA,0,0,2.83,NA,17.5
male,Caucasian,50 - 59,NA,57,NA,0,0,2.47,NA,57.5
male,Caucasian,80 - 89,NA,70,NA,0,0,1.97,NA,8.75
male,Caucasian,70 - 79,NA,50,NA,0,0,2.73,NA,35
female,Caucasian,80 - 89,NA,60,NA,0,0,2.95,NA,17.5
female,Caucasian,70 - 79,NA,57,NA,0,0,2.58,NA,46.25
female,Caucasian,80 - 89,NA,50,NA,0,0,2.34,NA,35
male,Caucasian,40 - 49,NA,78,NA,0,0,1.89,NA,77
female,Caucasian,80 - 89,NA,61,NA,0,0,2.64,NA,17.5
female,Caucasian,50 - 59,NA,89.5,NA,0,0,2.35,NA,26.25
female,Caucasian,60 - 69,NA,92.5,NA,0,0,2.2,NA,8.75
male,Caucasian,60 - 69,NA,76,NA,0,0,1.84,NA,42
female,Caucasian,60 - 69,NA,67,NA,1,1,2.02,NA,43.75
female,Caucasian,70 - 79,NA,65,NA,0,0,2.56,NA,35
male,Caucasian,60 - 69,NA,74,NA,0,0,3.41,NA,22.5
female,Caucasian,40 - 49,NA,68.5,NA,0,0,2.35,NA,43.75
female,Caucasian,30 - 39,NA,83,NA,0,0,2.7,NA,27.5
male,Caucasian,80 - 89,NA,82,NA,0,0,2.94,NA,20
female,Caucasian,40 - 49,NA,60,NA,0,0,2.54,NA,35
male,Caucasian,50 - 59,NA,95,NA,1,0,2,NA,52.5
male,Caucasian,70 - 79,NA,81,NA,NA,NA,3.4,NA,26.25
male,Caucasian,60 - 69,NA,63,NA,0,0,2.34,NA,35
male,Caucasian,60 - 69,NA,71,NA,NA,NA,2.08,NA,67.5
female,Caucasian,50 - 59,NA,79,NA,NA,NA,2.24,NA,17.5
male,Caucasian,50 - 59,NA,84,NA,NA,NA,2.73,NA,31.25
male,Caucasian,60 - 69,NA,90,NA,NA,NA,2.3,NA,35
female,Caucasian,70 - 79,NA,97,NA,NA,NA,1.95,NA,49
male,Caucasian,40 - 49,NA,63,NA,NA,NA,2.44,NA,17.5
female,Caucasian,70 - 79,NA,63,NA,NA,NA,3.12,NA,26.25
female,Caucasian,50 - 59,NA,85,NA,NA,NA,2.5,NA,52.5
male,Caucasian,40 - 49,NA,83,NA,NA,NA,2.5,NA,17.5
female,Caucasian,70 - 79,NA,73.5,NA,NA,NA,2.97,NA,37.5
male,Caucasian,20 - 29,NA,82,NA,0,0,2,NA,70
male,Caucasian,70 - 79,NA,77,NA,NA,NA,2.63,NA,70
male,Caucasian,70 - 79,NA,71,NA,NA,NA,2.57,NA,65
female,Caucasian,70 - 79,NA,81,NA,NA,NA,2.45,NA,70
female,Caucasian,70 - 79,NA,64,NA,0,0,3.04,NA,42.5
female,Caucasian,80 - 89,NA,65,NA,0,0,2.74,NA,17.5
female,Caucasian,40 - 49,NA,55,NA,0,0,3.51,NA,15
female,Caucasian,40 - 49,NA,72,NA,NA,NA,3.3,NA,70
male,Caucasian,70 - 79,NA,82,NA,NA,NA,2.49,NA,73.5
male,Caucasian,70 - 79,NA,71,NA,1,0,1.92,NA,35
female,Caucasian,50 - 59,NA,66,NA,0,0,3,NA,3.5
male,Caucasian,60 - 69,NA,66,NA,0,1,2.25,NA,35
female,Caucasian,40 - 49,NA,74,NA,0,0,1.96,NA,32.5
male,Caucasian,60 - 69,NA,75,NA,0,0,3.13,NA,8.75
female,Caucasian,70 - 79,NA,67,NA,NA,NA,2.18,NA,26.25
male,Caucasian,70 - 79,NA,69,NA,0,0,2.66,NA,35
female,Black,90+,149.86,41.9,NA,0,1,2.5,A/A,14
female,Asian,60 - 69,152.4,79.3,NA,0,NA,2.2,A/A,21
male,Asian,60 - 69,167.64,78.8,NA,0,NA,2.2,A/A,14
male,Other,20 - 29,172.72,90.6,NA,0,NA,2.2,A/A,17.5
male,Hispanic,50 - 59,162.56,77.3,NA,0,NA,3.6,A/A,21
female,Asian,50 - 59,165.1,56.9,NA,0,NA,1.9,A/A,21
female,White,50 - 59,187.96,99.8,NA,0,NA,1.9,A/G,35
female,Asian,80 - 89,167.64,70.6,NA,0,NA,2,A/G,28
female,Asian,50 - 59,157.48,75.1,NA,0,NA,2.5,A/G,35
male,White,40 - 49,184.15,77.7,NA,0,NA,1.8,A/G,35
female,Black,40 - 49,152.4,62.9,NA,0,NA,1.8,G/G,35
female,Black,60 - 69,161.29,64.1,NA,0,NA,1.8,G/G,35
male,Black,20 - 29,165.1,56.2,NA,0,NA,1.8,G/G,35
male,Black,60 - 69,180.34,92.5,NA,0,NA,2.5,G/G,16.1
female,Hispanic,50 - 59,147.32,70.5,NA,0,NA,2.5,G/G,35
male,White,60 - 69,187.96,78.3,NA,1,1,2.5,G/G,19.5
male,Black,60 - 69,182.88,67,NA,0,NA,1.8,G/G,35
female,Hispanic,70 - 79,149.86,82.1,NA,0,NA,2.5,G/G,42
female,Black,60 - 69,160.02,127,NA,0,1,2.6,G/G,35
male,Black,50 - 59,167.64,66.9,NA,0,NA,1.9,G/G,28
female,Black,50 - 59,157.48,54.9,NA,0,NA,1.9,G/G,42
female,Black,70 - 79,157.48,77.9,1,1,NA,2.2,G/G,28
male,Black,40 - 49,180.34,99.7,1,1,NA,1.9,G/G,52.5
male,Other,50 - 59,182.88,177,NA,0,1,2.2,G/G,105
female,Black,40 - 49,179.07,61.6,NA,0,NA,2.2,G/G,35
female,Black,40 - 49,162.56,74.5,NA,1,NA,2.5,G/G,21
male,Black,60 - 69,167.64,68.6,NA,1,NA,0.8,A/G,52.5
male,White,40 - 49,170.18,83.8,NA,0,NA,2.2,A/G,28
male,Hispanic,50 - 59,162.56,76,NA,1,NA,2.2,A/G,32.2
male,Black,50 - 59,187.96,96,NA,0,NA,1.8,G/G,35
male,White,50 - 59,187.96,91.1,NA,0,NA,1.9,A/G,52.5
female,Black,50 - 59,171.45,82.9,1,0,NA,1.8,G/G,28
male,Hispanic,40 - 49,170.18,76.8,NA,0,NA,1.9,A/G,28
female,Hispanic,70 - 79,144.78,85.6,1,0,NA,2.2,G/G,28
male,Asian,70 - 79,160.02,61,NA,0,NA,2.8,A/A,21
male,Hispanic,50 - 59,187.96,111,NA,0,NA,2.2,A/A,17.5
male,Asian,60 - 69,170.18,48.4,NA,0,NA,2,A/A,21
male,White,30 - 39,182.88,76.3,NA,0,NA,2,G/G,52.5
male,White,30 - 39,180.34,83.5,NA,0,NA,2.5,G/G,70
female,White,60 - 69,167.64,99,1,0,NA,2.4,A/A,21
male,Black,40 - 49,175.26,49.5,NA,0,NA,2,G/G,52.5
male,White,40 - 49,175.26,59.8,NA,0,NA,1.8,A/G,42
male,Black,60 - 69,193.04,123,1,0,NA,2.2,G/G,24.5
female,Asian,70 - 79,157.48,61.1,NA,0,NA,2.5,A/A,17.5
male,White,50 - 59,182.88,105,NA,1,NA,1.8,G/G,35
male,Black,60 - 69,182.88,103,NA,0,NA,1.8,A/A,52.5
female,Asian,60 - 69,154.94,39,NA,0,NA,1.7,A/A,7
female,Asian,70 - 79,165.1,72.5,1,0,NA,2.5,A/G,17.5
male,White,20 - 29,182.88,65.7,NA,0,NA,1.8,G/G,52.5
male,Black,40 - 49,172.72,81,NA,1,NA,2.5,G/G,42
male,White,50 - 59,170.18,95.7,NA,1,1,1.8,G/G,28
male,White,50 - 59,185.42,158,1,0,NA,1.9,A/G,28
male,Black,40 - 49,185.42,100,1,0,NA,2.2,A/G,28
male,Black,50 - 59,172.72,81.4,NA,0,NA,2.5,G/G,35
male,White,50 - 59,170.18,80.1,NA,0,1,2.2,G/G,52.5
male,White,60 - 69,180.34,184,1,0,NA,2.2,A/G,56
male,White,60 - 69,170.18,73,NA,1,NA,2.2,G/G,35
male,White,40 - 49,180.34,61.6,NA,0,NA,1.8,A/A,35
male,Black,50 - 59,193.04,102,1,1,1,1.8,G/G,35
male,Asian,70 - 79,170.18,80,1,1,NA,2.2,A/A,21
male,White,70 - 79,177.8,60.8,NA,0,NA,2.2,A/G,21
male,Asian,20 - 29,157.48,59,NA,0,NA,1.8,A/A,17.5
female,Black,40 - 49,170.18,110,NA,0,NA,1.9,G/G,70
male,White,60 - 69,177.8,122,1,0,NA,2.2,A/A,14
male,White,50 - 59,175.26,109,NA,0,NA,2,A/G,35
male,Asian,60 - 69,160.02,56.4,NA,0,NA,2,A/G,28
female,White,20 - 29,177.8,63.1,NA,0,NA,2.5,A/G,21
male,White,70 - 79,167.64,66.8,NA,0,NA,2.2,A/G,10.5
male,White,50 - 59,180.34,85.5,NA,0,NA,2,A/G,48
male,White,50 - 59,180.34,87.1,NA,0,NA,2.5,A/G,70
male,White,60 - 69,180.34,102,NA,0,NA,2.2,G/G,44
female,Asian,80 - 89,157.48,59,NA,0,NA,2.2,A/A,14
male,Hispanic,60 - 69,165.1,75,NA,0,NA,2.7,A/A,14
male,Asian,70 - 79,160.02,54,NA,0,NA,2.6,A/A,10.5
female,Black,50 - 59,175.26,91.5,NA,0,NA,2.5,G/G,35
male,Black,60 - 69,182.88,99.7,NA,0,NA,2.5,G/G,35
male,White,60 - 69,177.8,91,NA,0,NA,1.9,G/G,35
male,White,30 - 39,180.34,79.2,NA,0,NA,1.8,A/G,42
male,White,60 - 69,182.88,68.4,NA,0,NA,2.5,A/A,28
male,Black,40 - 49,175.26,72.7,NA,0,NA,2.5,G/G,35
male,Hispanic,60 - 69,162.56,56.2,NA,0,NA,2.5,A/G,35
male,Hispanic,50 - 59,167.64,74,NA,1,NA,2.2,A/G,35
male,Black,50 - 59,182.88,87.7,1,1,NA,2.5,G/G,21
female,White,50 - 59,130.81,108,1,1,NA,2.5,G/G,33
female,White,50 - 59,167.64,109,NA,0,1,2.5,A/G,18.2
female,White,70 - 79,165.1,101,1,1,NA,2.5,A/A,7
male,Black,70 - 79,175.26,113,NA,0,NA,2.5,G/G,46.9
male,Hispanic,40 - 49,182.88,76.2,NA,0,NA,2.5,A/A,17.5
male,Black,50 - 59,175.26,82.4,NA,0,NA,2.5,G/G,35
female,Black,60 - 69,170.18,105,NA,1,NA,2.5,A/G,52.5
male,White,40 - 49,182.88,75.6,NA,1,NA,2.5,G/G,52.5
male,White,60 - 69,172.72,68,NA,0,NA,2.5,A/G,42
male,White,50 - 59,169.93,79,0,0,0,2.8,A/G,32.5
male,White,60 - 69,166.88,62,0,0,1,2.2,A/G,15
female,Black,50 - 59,160.02,67,0,0,0,2.6,G/G,50
male,White,70 - 79,169.93,85.5,0,0,0,2.2,A/G,25
female,White,50 - 59,145.03,56,1,0,0,3.1,A/A,17.5
female,Intermediate,80 - 89,151.89,52,0,1,0,2.3,G/G,27.5
male,Intermediate,40 - 49,166.88,69,0,0,0,2.2,A/A,15
male,Intermediate,40 - 49,169.93,60,0,0,0,3.1,A/G,25
male,Intermediate,30 - 39,165.1,58,0,0,0,2.9,G/G,22.5
female,White,50 - 59,151.89,62,0,0,0,2.5,A/G,20
female,White,60 - 69,164.08,62.5,0,0,0,2.1,G/G,45
female,Intermediate,40 - 49,175.01,91,0,0,0,2.6,A/G,52.5
female,White,50 - 59,169.93,95,0,0,0,2.3,A/G,30
male,Black,50 - 59,160.02,73,1,0,0,2.5,G/G,37.5
male,Intermediate,50 - 59,171.96,80,0,0,0,2.2,A/G,20
female,Black,50 - 59,157.99,68,0,0,0,2.6,A/G,27.5
male,Intermediate,20 - 29,180.09,83,0,0,0,2.6,A/G,60
female,White,50 - 59,163.07,90,0,1,1,2.2,A/G,10
female,White,70 - 79,167.89,65,0,0,0,2.4,G/G,15
female,Black,60 - 69,147.07,50,0,0,0,3,A/G,22.5
female,Black,50 - 59,166.88,80,0,0,0,2.5,G/G,32.5
female,Black,50 - 59,166.12,90,0,0,0,2.8,G/G,40
female,White,40 - 49,160.02,64,0,0,0,2.5,G/G,47.5
male,White,40 - 49,175.01,80,0,0,0,2.6,A/G,32.5
female,White,50 - 59,157.99,68,0,1,0,2.8,G/G,70
female,Black,20 - 29,169.93,80,0,0,1,2.9,G/G,37.5
female,White,30 - 39,150.11,52,0,0,0,3.1,A/G,15
male,Black,40 - 49,165.1,79.9,0,0,0,2.7,G/G,45
female,Black,50 - 59,166.88,48,0,0,0,2.4,A/G,35
male,Intermediate,40 - 49,165.1,83,0,0,0,2.7,A/G,32.5
female,Intermediate,50 - 59,150.11,52,0,0,0,2,A/G,12.5
female,White,70 - 79,150.11,48,0,0,0,2.4,G/G,30
female,Black,50 - 59,154.94,55,0,0,0,2.5,A/G,32.5
male,White,70 - 79,160.02,78,0,0,0,2.1,A/G,32.5
male,White,70 - 79,182.12,82,0,0,0,2.2,G/G,45
male,Intermediate,50 - 59,169.93,66.8,0,0,0,2.5,G/G,45
female,Black,70 - 79,165.1,70,0,0,0,2.7,G/G,30
male,Intermediate,60 - 69,169.93,84,0,0,0,2.5,A/G,30
male,White,70 - 79,160.02,60,0,0,0,2.6,A/G,15
female,Intermediate,30 - 39,165.1,72.6,0,0,0,3,A/G,37.5
male,White,40 - 49,180.09,92,0,1,0,2.2,A/A,20
female,Intermediate,60 - 69,160.02,65,0,0,0,2.1,A/G,25
female,Intermediate,60 - 69,150.11,48.7,0,0,0,2.6,A/G,32.5
male,White,40 - 49,184.91,74,0,0,0,2.7,G/G,72.5
male,White,50 - 59,165.1,88,0,0,0,3,A/A,22.5
female,White,60 - 69,154.94,65,0,0,0,2.5,A/G,15
male,White,30 - 39,180.09,93,0,0,1,2.3,A/G,15
male,Black,30 - 39,154.94,65,0,0,0,2.9,A/G,35
female,White,40 - 49,160.02,82,0,0,0,2.5,G/G,50
female,White,50 - 59,154.94,68,0,0,0,2.6,G/G,30
female,White,40 - 49,165.1,72,1,0,0,2.2,G/G,25
female,White,40 - 49,150.11,53,0,0,0,2.5,A/G,20
female,Intermediate,20 - 29,145.03,57,0,0,0,3,G/G,40
female,White,20 - 29,160.02,45,0,0,0,2.5,G/G,40
female,White,40 - 49,151.89,60,0,0,0,2.6,G/G,42.5
female,Black,20 - 29,154.94,54,0,0,0,2.5,G/G,50
female,Intermediate,50 - 59,165.1,96,0,0,0,2.4,A/G,32.5
male,White,80 - 89,165.1,70,0,0,0,2.4,A/A,9
male,Intermediate,50 - 59,175.01,102,0,0,1,2.4,G/G,35
male,White,80 - 89,154.94,67.5,1,0,0,2.5,G/G,27.5
female,Intermediate,50 - 59,150.11,54,0,0,0,2.2,G/G,37.5
male,Intermediate,50 - 59,169.93,80,1,0,0,2.4,A/G,47.5
male,White,70 - 79,165.1,70,0,0,1,2.5,A/A,12.5
male,White,70 - 79,154.94,58,0,0,0,2.8,A/G,25
female,Intermediate,60 - 69,164.08,68,0,0,0,2.8,G/G,35
male,Intermediate,60 - 69,154.94,57,0,0,0,3,A/G,30
female,Intermediate,40 - 49,160.02,64,0,0,0,2.9,A/A,25
female,Intermediate,60 - 69,144.02,60,0,0,0,2.5,A/G,22.5
female,Black,30 - 39,168.91,75,0,0,0,2.5,A/G,30
male,Intermediate,40 - 49,160.02,60,0,0,0,2.6,G/G,35
male,Intermediate,40 - 49,179.07,67,0,0,0,2.8,G/G,45
female,Black,30 - 39,180.09,65,0,0,0,3.1,G/G,65
female,White,70 - 79,157.99,48,0,0,1,2.4,A/G,12.5
male,Black,50 - 59,165.1,76,0,0,0,2.5,A/G,45
female,Black,50 - 59,154.94,81,0,0,0,2.5,A/A,12.5
female,White,80 - 89,160.02,65.5,1,0,0,2.5,G/G,45
female,Intermediate,50 - 59,169.93,72,0,0,0,2.4,A/G,15
male,White,50 - 59,160.02,60,0,0,0,2.6,A/G,35
male,Intermediate,30 - 39,180.09,95,0,0,0,2.8,G/G,35
male,Intermediate,50 - 59,170.94,69,0,0,0,2.8,G/G,37.5
male,Intermediate,50 - 59,163.07,115,0,1,0,2.7,G/G,32.5
male,White,70 - 79,167.89,68,0,0,0,2.5,G/G,60
female,White,50 - 59,163.07,54,0,0,0,2.8,A/G,25
female,White,50 - 59,150.11,61,0,0,0,2.1,A/G,20
female,Black,40 - 49,166.12,45,1,0,0,2.7,G/G,30
female,White,60 - 69,159,68,1,1,0,2.2,G/G,42.5
female,White,80 - 89,162.05,52,0,0,0,2.4,A/G,20
male,White,50 - 59,166.12,60,0,0,0,2.7,G/G,32.5
male,White,60 - 69,182.12,78,1,0,0,2.6,G/G,42.5
male,White,40 - 49,167.89,77,0,0,0,2.6,A/G,32.5
male,Black,60 - 69,179.07,82,0,0,0,2.3,G/G,35
male,White,30 - 39,177.04,76,0,0,0,2.7,G/G,75
male,White,60 - 69,180.09,75,0,0,0,3,A/G,20
female,Intermediate,60 - 69,159,72,0,0,0,3,A/G,40
male,White,40 - 49,181.1,83,0,0,0,2.8,G/G,47.5
female,White,50 - 59,161.04,65,0,0,0,2.7,A/G,42.5
male,Black,40 - 49,177.04,79.8,0,0,0,2.2,A/G,32.5
male,White,60 - 69,165.1,72,0,0,0,2.6,G/G,40
female,Black,40 - 49,155.96,77,0,1,0,2.2,A/G,25
female,Black,40 - 49,172.97,59,0,0,0,2.7,G/G,47.5
female,Black,40 - 49,147.07,65,0,0,0,3.2,G/G,35
male,White,50 - 59,169.93,46,0,0,0,2.2,G/G,35
male,White,40 - 49,161.04,61,0,0,0,2.5,G/G,37.5
male,White,70 - 79,173.99,70,0,0,0,2.8,A/G,35
male,White,30 - 39,175.01,62,0,0,0,2.6,G/G,47.5
female,Black,60 - 69,147.07,57,0,0,0,3.2,A/G,32.5
female,White,80 - 89,157.99,58,0,0,1,2.2,A/A,10
female,White,50 - 59,150.11,70,0,0,0,2.3,A/A,22.5
female,Black,60 - 69,168.91,63,0,0,0,2.8,A/G,22.5
male,White,50 - 59,165.1,93,0,0,0,2.6,A/A,15
male,Black,40 - 49,182.12,72,0,0,0,3.2,A/G,30
male,Intermediate,60 - 69,169.93,85,0,0,1,2.3,A/G,30
male,White,50 - 59,178.05,91.6,1,1,1,2.6,A/G,27.5
male,White,80 - 89,154.94,70,0,1,0,2.5,G/G,20
female,Black,40 - 49,180.09,83,0,0,0,2.5,A/A,15
female,White,70 - 79,169.93,68,0,0,0,2.5,G/G,35
female,White,50 - 59,159,65,0,0,0,3.2,G/G,32.5
female,White,60 - 69,159,70,0,1,0,2.9,G/G,35
female,Intermediate,50 - 59,149.1,60,0,0,0,2.6,A/G,32.5
male,Black,20 - 29,168.91,85,0,0,0,3.2,G/G,60
male,Intermediate,60 - 69,180.09,93,0,0,0,2.5,A/G,27.5
female,Intermediate,40 - 49,161.04,92,0,0,0,2.8,A/G,52.5
female,White,30 - 39,168.91,78,0,0,0,2.6,A/G,32.5
female,White,70 - 79,165.1,77,0,0,0,2.3,A/G,35
female,Black,50 - 59,169.93,68,0,0,0,2.4,G/G,30
female,White,50 - 59,157.99,64,0,0,0,3.1,G/G,12.5
female,Intermediate,40 - 49,150.11,50,0,0,1,2.4,A/G,15
male,Intermediate,30 - 39,172.97,86,0,0,0,2.3,A/G,22.5
male,White,50 - 59,161.04,75,0,0,0,2.5,A/A,27.5
female,White,40 - 49,160.02,60,0,0,0,2.8,G/G,30
female,White,60 - 69,165.1,76,0,0,1,2.6,A/G,25
male,White,50 - 59,160.02,67,0,0,0,2.5,A/G,27.5
female,White,50 - 59,171.96,71.1,0,0,0,2.7,G/G,45
female,Black,50 - 59,165.1,50,1,0,0,2.6,A/G,27.5
female,Intermediate,60 - 69,150.11,57,0,0,1,3.2,A/G,15
male,White,60 - 69,178.05,64,0,0,1,2.3,A/A,22.5
male,White,40 - 49,175.01,71,0,0,0,2.6,A/G,35
female,Intermediate,50 - 59,159,75,0,0,0,2.9,A/G,40
female,Black,50 - 59,160.02,56,0,0,0,2.7,G/G,35
male,Intermediate,30 - 39,169.93,80,0,0,1,3.3,G/G,35
female,Intermediate,30 - 39,155.96,34,0,0,1,2.1,G/G,32.5
female,White,50 - 59,149.1,68,0,0,1,2.5,G/G,17.5
female,Intermediate,50 - 59,157.99,61,0,0,0,2.7,G/G,20
male,White,60 - 69,156.97,58,0,0,0,2.1,A/G,12.5
female,Intermediate,50 - 59,169.93,80,0,0,1,2.8,A/G,45
male,Intermediate,40 - 49,175.01,76,0,0,0,2.3,G/G,55
male,Black,70 - 79,173.99,70,0,0,0,2.2,A/G,27.5
female,Black,30 - 39,150.11,58,0,0,0,2.7,G/G,32.5
male,White,70 - 79,169.93,90,0,0,0,2.6,A/A,11.25
female,Intermediate,50 - 59,160.02,65.8,0,0,0,2.6,A/G,32.5
male,White,60 - 69,160.02,68,0,0,0,2.8,A/G,27.5
female,White,50 - 59,161.04,86,0,0,1,2.5,A/G,20
female,Intermediate,40 - 49,156.97,61.1,0,0,1,2.6,A/G,22.5
male,Intermediate,20 - 29,173.99,90,0,0,0,2.6,A/A,30
female,Intermediate,50 - 59,159,79,0,0,0,3.3,A/A,15
male,White,40 - 49,175.01,70,0,0,0,3.1,G/G,60
female,Intermediate,43739,160.02,64,0,0,0,2.8,A/G,45
male,Intermediate,20 - 29,186.94,70,0,0,0,3.3,G/G,52.5
female,White,20 - 29,164.08,77,0,0,0,2.1,G/G,37.5
female,Intermediate,70 - 79,160.02,70,1,0,0,3,A/G,35
male,White,30 - 39,156.97,59,0,0,0,2.6,A/A,27.5
male,White,43739,170.94,54,0,0,0,3,A/G,45
male,White,50 - 59,166.88,84,0,1,0,2.5,G/G,25
male,White,30 - 39,173.99,62,0,0,0,2.8,A/G,25
male,Intermediate,40 - 49,182.12,64,0,0,0,2.5,G/G,27.5
female,White,40 - 49,165.1,70,0,0,0,2.7,G/G,62.5
female,White,60 - 69,150.11,76,1,0,0,2.2,G/G,27.5
female,Intermediate,60 - 69,167.89,69,0,0,0,2.5,A/A,17.5
female,White,50 - 59,160.02,84,0,0,0,2.2,A/G,20
female,White,50 - 59,154.94,65,0,0,0,2.5,A/G,35
female,White,30 - 39,163.07,92,0,0,0,2.1,A/G,47.5
female,White,50 - 59,160.02,72,0,1,1,2.5,G/G,22.5
female,White,60 - 69,160.02,70,0,0,0,2.6,G/G,22.5
female,White,40 - 49,160.02,58,0,0,0,3.1,G/G,45
male,White,20 - 29,167.89,78,0,0,0,2.7,G/G,50
male,Intermediate,40 - 49,172.97,71,0,0,0,2.7,G/G,37.5
male,White,20 - 29,169.93,70,0,0,0,2.6,A/G,35
female,White,60 - 69,149.1,40,0,0,0,2.6,G/G,35
male,Intermediate,60 - 69,175.01,66,0,0,0,3,G/G,35
female,Intermediate,50 - 59,148.08,42,0,0,0,2.8,A/G,32.5
female,White,70 - 79,163.07,59,0,0,0,2.6,A/G,17.5
female,White,60 - 69,150.11,50,0,0,0,2.5,G/G,45
female,White,50 - 59,165.1,68,0,0,0,3,A/G,30
female,White,40 - 49,163.07,66,0,0,0,2.6,G/G,32.5
female,White,40 - 49,165.1,65,0,0,0,2.3,G/G,22.5
male,White,20 - 29,184.91,90,0,0,0,2.8,A/G,27.5
male,White,40 - 49,169.93,84,0,0,0,2.8,G/G,52.5
female,Intermediate,50 - 59,155.96,60,0,0,0,2.6,A/G,20
male,White,80 - 89,160.02,60,0,0,0,2.5,A/G,20
male,White,50 - 59,163.07,65,0,0,0,2.6,A/G,35
male,White,40 - 49,169.93,52,0,0,0,2.9,G/G,30
female,Intermediate,50 - 59,155.96,63,0,0,0,2.8,A/G,27.5
male,Intermediate,60 - 69,160.02,70,0,0,1,2.1,A/G,15
male,White,60 - 69,170.94,90,0,0,0,2.6,G/G,42.5
male,White,60 - 69,184.91,75,0,0,0,2.2,A/A,13.75
male,White,40 - 49,170.94,81,0,1,0,2.5,A/A,16.25
female,Intermediate,20 - 29,154.94,45,0,0,0,2.7,G/G,45
female,Intermediate,50 - 59,155.96,62,0,0,0,2.5,A/G,32.5
female,Intermediate,50 - 59,154.94,58,0,0,0,2.9,A/G,20
female,Intermediate,50 - 59,160.02,70,0,0,1,3.2,G/G,22.5
female,White,60 - 69,154.94,59,0,1,1,2.5,A/G,11.25
male,White,60 - 69,161.04,71,0,1,0,2.6,G/G,37.5
male,White,40 - 49,160.02,50,0,0,0,2.6,G/G,35
female,White,30 - 39,167.89,60,0,0,0,2.6,A/G,35
male,Black,50 - 59,180.09,110,0,0,1,2.2,G/G,35
female,Intermediate,50 - 59,165.1,73,0,0,0,2.9,G/G,50
female,White,50 - 59,167.89,94,0,0,0,2.5,A/G,27.5
male,Black,40 - 49,172.97,70,0,0,0,2.4,G/G,37.5
female,Black,60 - 69,165.1,56,0,0,0,2.6,A/G,45
female,White,70 - 79,154.94,62,0,0,0,2.9,A/A,8.75
female,White,60 - 69,160.02,47.8,0,0,0,2.5,G/G,27.5
female,Intermediate,50 - 59,160.02,63,0,0,0,3.1,A/G,25
female,White,50 - 59,150.11,65,0,0,0,2.7,A/G,17.5
female,White,40 - 49,160.02,90,0,0,0,2.2,G/G,47.5
male,White,50 - 59,164.08,59,0,0,0,2.5,A/A,22.5
male,White,30 - 39,175.01,64,0,0,1,3,A/G,35
female,White,30 - 39,157.99,54,0,0,0,2.6,A/A,10
male,Malay,50 - 59,NA,70,NA,NA,NA,2.18,NA,21
female,Other,60 - 69,NA,53.3,NA,NA,NA,2.35,NA,28
male,Chinese,70 - 79,NA,88.4,NA,NA,NA,2.77,NA,38.5
male,Chinese,60 - 69,NA,70,NA,NA,NA,1.97,NA,10.5
female,Other,80 - 89,NA,50,NA,NA,NA,2.45,NA,25.97
female,Malay,20 - 29,NA,55,NA,NA,NA,2.58,NA,31.5
female,Malay,50 - 59,NA,50.5,NA,NA,NA,2.6,NA,28
female,Chinese,50 - 59,NA,55,NA,NA,NA,2.51,NA,30.52
male,Chinese,60 - 69,NA,76,NA,NA,NA,2.48,NA,14
male,Chinese,70 - 79,NA,75,NA,NA,NA,2.63,NA,24.5
male,Chinese,70 - 79,NA,75,NA,NA,NA,2.36,NA,21
male,Chinese,60 - 69,NA,90,NA,NA,NA,2.84,NA,30.31
female,Chinese,60 - 69,NA,43,NA,NA,NA,2.45,NA,17.5
male,Malay,40 - 49,NA,70,NA,NA,NA,2.43,NA,29.75
female,Chinese,30 - 39,NA,56,NA,NA,NA,2.52,NA,24.5
female,Chinese,40 - 49,NA,62,NA,NA,NA,2.26,NA,14.91
male,Chinese,70 - 79,NA,81,NA,NA,NA,2.16,NA,9.03
female,Malay,50 - 59,NA,70,NA,NA,NA,2.41,NA,19.53
female,Chinese,60 - 69,NA,74,NA,NA,NA,2.45,NA,28
female,Chinese,30 - 39,NA,51,NA,NA,NA,2.77,NA,35
female,Malay,40 - 49,NA,55,NA,NA,NA,2.48,NA,42
male,Chinese,70 - 79,NA,43,NA,NA,NA,2.66,NA,9.03
male,Chinese,50 - 59,NA,79,NA,NA,NA,2.62,NA,21
male,Chinese,60 - 69,NA,49,NA,NA,NA,2.52,NA,17.5
male,Chinese,60 - 69,NA,70,NA,NA,NA,2.6,NA,14
male,Indian,70 - 79,NA,66,NA,NA,NA,2.43,NA,35
female,Malay,80 - 89,NA,45,NA,NA,NA,2.69,NA,11.97
male,Chinese,30 - 39,NA,70,NA,NA,NA,2.68,NA,17.5
female,Chinese,50 - 59,NA,60,NA,NA,NA,2.55,NA,24.5
male,Indian,50 - 59,NA,70,NA,NA,NA,2.47,NA,45.5
male,Chinese,40 - 49,NA,65,NA,NA,NA,2.57,NA,36.75
female,Malay,50 - 59,NA,72,NA,NA,NA,2.58,NA,35
female,Malay,60 - 69,NA,72,NA,NA,NA,2.12,NA,21
male,Malay,50 - 59,NA,81,NA,NA,NA,2.2,NA,28
female,Chinese,50 - 59,NA,51,NA,NA,NA,2.59,NA,21
male,Chinese,40 - 49,NA,78,NA,NA,NA,2.71,NA,28
female,Chinese,50 - 59,NA,49,NA,NA,NA,2.19,NA,35
female,Chinese,40 - 49,NA,55,NA,NA,NA,2.71,NA,21
male,Chinese,70 - 79,NA,70,NA,NA,NA,2.81,NA,21
female,Chinese,50 - 59,NA,55,NA,NA,NA,2.71,NA,21.77
female,Malay,60 - 69,NA,48,NA,NA,NA,2.48,NA,38.5
female,Chinese,50 - 59,NA,60,NA,NA,NA,2.28,NA,29.75
male,Malay,60 - 69,NA,42,NA,NA,NA,2.34,NA,17.5
female,Chinese,70 - 79,NA,47,NA,NA,NA,2.33,NA,20.51
female,Chinese,50 - 59,NA,53,NA,NA,NA,2.21,NA,24.5
male,Chinese,60 - 69,NA,70,NA,NA,NA,2.64,NA,21
male,Chinese,50 - 59,NA,61,NA,NA,NA,2.84,NA,14
female,Chinese,40 - 49,NA,46,NA,NA,NA,2.58,NA,28
male,Malay,40 - 49,NA,62,NA,NA,NA,3.09,NA,24.5
female,Chinese,40 - 49,NA,62,NA,NA,NA,3.06,NA,37.66
female,Malay,40 - 49,NA,52,NA,NA,NA,2.24,NA,35
male,Chinese,50 - 59,NA,83,NA,NA,NA,2.36,NA,21
female,Malay,50 - 59,NA,72,NA,NA,NA,2.64,NA,16.8
male,Malay,60 - 69,NA,63,NA,NA,NA,2.65,NA,21
male,Chinese,40 - 49,NA,124,NA,NA,NA,2.73,NA,37.03
male,Malay,70 - 79,NA,45,NA,NA,NA,2.47,NA,22.45
female,Chinese,30 - 39,NA,45,NA,NA,NA,2.96,NA,49
male,Chinese,60 - 69,NA,59,NA,NA,NA,2.63,NA,8.47
female,Chinese,60 - 69,NA,54,NA,NA,NA,2.34,NA,10.5
male,Chinese,50 - 59,NA,60,NA,NA,NA,2.81,NA,21
male,Malay,60 - 69,NA,56,NA,NA,NA,2.2,NA,28
male,Malay,NA,NA,72,NA,NA,NA,NA,NA,NA
male,Chinese,70 - 79,NA,64,NA,NA,NA,2.32,NA,21
female,Malay,60 - 69,NA,40,NA,NA,NA,2.56,NA,19.53
female,Chinese,40 - 49,NA,45,NA,NA,NA,2.68,NA,14.98
female,Chinese,60 - 69,NA,50,NA,NA,NA,2.52,NA,24.5
female,Chinese,40 - 49,NA,94,NA,NA,NA,2.04,NA,28
female,Chinese,50 - 59,NA,60,NA,NA,NA,3.01,NA,26.53
male,Chinese,50 - 59,NA,62,NA,NA,NA,2.48,NA,24.5
male,Malay,50 - 59,NA,63,NA,NA,NA,2.11,NA,17.5
female,Chinese,40 - 49,NA,42,NA,NA,NA,2.79,NA,19.53
female,Malay,60 - 69,NA,62,NA,NA,NA,2.29,NA,45.5
male,Chinese,70 - 79,NA,52,NA,NA,NA,2.31,NA,10.78
male,Chinese,50 - 59,NA,50,NA,NA,NA,2.7,NA,14
male,Chinese,50 - 59,NA,62,NA,NA,NA,2.73,NA,21
male,Indian,60 - 69,NA,57,NA,NA,NA,2.06,NA,31.5
male,Chinese,70 - 79,NA,60,NA,NA,NA,2.48,NA,14.28
male,Malay,40 - 49,NA,68,NA,NA,NA,2.29,NA,31.5
male,Chinese,60 - 69,NA,70,NA,NA,NA,2.83,NA,42
female,Chinese,40 - 49,NA,55,NA,NA,NA,2.56,NA,17.5
male,Chinese,40 - 49,NA,99.5,NA,NA,NA,2.46,NA,28
female,Chinese,20 - 29,NA,50,NA,NA,NA,2.16,NA,23.03
female,Chinese,60 - 69,NA,55,NA,NA,NA,2.8,NA,19.53
male,Chinese,60 - 69,NA,63,NA,NA,NA,2.19,NA,19.53
male,Chinese,30 - 39,NA,70,NA,NA,NA,2.59,NA,28
male,Malay,60 - 69,NA,62,NA,NA,NA,2.27,NA,14
male,Chinese,40 - 49,NA,50,NA,NA,NA,2.04,NA,24.5
male,Malay,40 - 49,NA,68,NA,NA,NA,2.51,NA,31.5
female,Malay,40 - 49,NA,83,NA,NA,NA,2.66,NA,31.5
female,Malay,50 - 59,NA,45,NA,NA,NA,2.48,NA,29.47
male,Chinese,70 - 79,NA,63,NA,NA,NA,2.6,NA,19.25
male,Chinese,40 - 49,NA,56,NA,NA,NA,2.8,NA,27.5
male,Chinese,50 - 59,NA,62,NA,NA,NA,2.53,NA,23.03
male,Chinese,60 - 69,NA,92.5,NA,NA,NA,2.5,NA,21
male,Chinese,40 - 49,NA,81.5,NA,NA,NA,2.65,NA,23.03
female,Chinese,40 - 49,NA,48,NA,NA,NA,2.47,NA,20.3
female,Indian,40 - 49,NA,52,NA,NA,NA,2.29,NA,42.77
female,Malay,60 - 69,NA,50,NA,NA,NA,2.43,NA,24.5
male,Chinese,50 - 59,NA,82,NA,NA,NA,2.43,NA,24.5
male,Chinese,60 - 69,NA,57,NA,NA,NA,2.39,NA,31.5
male,Chinese,50 - 59,NA,78,NA,NA,NA,2.74,NA,40.53
male,Malay,40 - 49,NA,51,NA,NA,NA,3.07,NA,13.51
female,Chinese,40 - 49,NA,72,NA,NA,NA,2.63,NA,32.97
female,Chinese,60 - 69,NA,51,NA,NA,NA,2.47,NA,31.5
male,Chinese,40 - 49,NA,64,NA,NA,NA,2.25,NA,28
male,Chinese,40 - 49,NA,60,NA,NA,NA,2.67,NA,26.53
male,Chinese,40 - 49,NA,66,NA,NA,NA,2.61,NA,21
male,Chinese,50 - 59,NA,70,NA,NA,NA,2.22,NA,21
male,Malay,20 - 29,NA,77,NA,NA,NA,2.07,NA,49
female,Malay,40 - 49,NA,59,NA,NA,NA,2.46,NA,17.5
male,Indian,40 - 49,NA,82,NA,NA,NA,2.78,NA,84
male,Malay,40 - 49,NA,82,NA,NA,NA,2.19,NA,31.5
female,Other,40 - 49,NA,90,NA,NA,NA,2.29,NA,42
male,Malay,40 - 49,NA,76,NA,NA,NA,2.42,NA,30.03
male,Indian,70 - 79,NA,71,NA,NA,NA,2.34,NA,35
female,Chinese,60 - 69,NA,NA,NA,NA,NA,NA,NA,NA
male,Chinese,60 - 69,NA,NA,NA,NA,NA,NA,NA,NA
male,Other,30 - 39,NA,131,NA,NA,NA,2.21,NA,42
female,Indian,50 - 59,NA,80.6,NA,NA,NA,2.23,NA,54.25
male,Chinese,50 - 59,NA,56.5,NA,NA,NA,2.64,NA,28
female,Chinese,60 - 69,NA,40.8,NA,NA,NA,2.44,NA,19.53
female,Indian,50 - 59,NA,73.2,NA,NA,NA,2.27,NA,35
male,Chinese,30 - 39,NA,83.1,NA,NA,NA,2.84,NA,27.02
male,Indian,40 - 49,NA,68.1,NA,NA,NA,2.32,NA,77
male,Indian,40 - 49,NA,98,NA,NA,NA,2.17,NA,77
male,Chinese,50 - 59,NA,80.6,NA,NA,NA,2.63,NA,31.5
female,Malay,50 - 59,NA,50,NA,NA,NA,2.25,NA,32.48
male,Chinese,70 - 79,NA,50.2,NA,NA,NA,2.66,NA,17.5
male,Chinese,50 - 59,NA,60.4,NA,NA,NA,2.56,NA,42
female,Chinese,60 - 69,NA,52.2,NA,NA,NA,2.63,NA,38.01
male,Chinese,20 - 29,NA,76.1,NA,NA,NA,2.21,NA,56
male,Chinese,60 - 69,NA,52,NA,NA,NA,2.95,NA,22.75
female,Chinese,70 - 79,NA,53.2,NA,NA,NA,2.42,NA,28
male,Malay,80 - 89,NA,72.9,NA,NA,NA,2.86,NA,17.5
male,Chinese,30 - 39,NA,66.7,NA,NA,NA,2.92,NA,45.5
male,Chinese,60 - 69,NA,57.6,NA,NA,NA,2.59,NA,69.48
male,Chinese,70 - 79,NA,45.6,NA,NA,NA,2.09,NA,10.5
female,Chinese,70 - 79,NA,54.3,NA,NA,NA,2.1,NA,16.03
male,Chinese,70 - 79,NA,50.2,NA,NA,NA,2.3,NA,15.47
male,Other,70 - 79,NA,58.6,NA,NA,NA,2.67,NA,28
male,Malay,40 - 49,NA,62.4,NA,NA,NA,2.13,NA,31.5
female,Chinese,30 - 39,NA,58.2,NA,NA,NA,2.62,NA,48.51
male,Indian,60 - 69,NA,57.5,NA,NA,NA,2.62,NA,36.47
female,Chinese,70 - 79,NA,72.5,NA,NA,NA,2.56,NA,21
female,Chinese,60 - 69,NA,47.7,NA,NA,NA,2.24,NA,14
male,Chinese,40 - 49,NA,62,NA,NA,NA,2.44,NA,25.97
female,Malay,40 - 49,NA,80,NA,NA,NA,2.74,NA,28
male,Chinese,60 - 69,NA,66.1,NA,NA,NA,2.5,NA,24.5
female,Chinese,70 - 79,NA,55.3,NA,NA,NA,2.61,NA,28
female,Malay,60 - 69,NA,62.7,NA,NA,NA,2.68,NA,26.25
female,Chinese,50 - 59,NA,41.1,NA,NA,NA,2.62,NA,9.03
female,Malay,50 - 59,NA,50.8,NA,NA,NA,2.35,NA,14
female,Malay,40 - 49,NA,83.6,NA,NA,NA,2.42,NA,28
male,Chinese,50 - 59,NA,53.8,NA,NA,NA,2.14,NA,40.53
male,Chinese,50 - 59,NA,73,NA,NA,NA,2.08,NA,21
female,Malay,40 - 49,NA,53,NA,NA,NA,2.11,NA,21
male,Malay,60 - 69,NA,78,NA,NA,NA,2.27,NA,24.5
male,Chinese,50 - 59,NA,54.8,NA,NA,NA,2.72,NA,10.5
male,Chinese,40 - 49,NA,80.6,NA,NA,NA,2.61,NA,56
male,Chinese,50 - 59,NA,65,NA,NA,NA,2.81,NA,24.5
male,Chinese,50 - 59,NA,69.8,NA,NA,NA,2.65,NA,19.25
male,Chinese,60 - 69,NA,77.5,NA,NA,NA,2.93,NA,56
male,Chinese,70 - 79,NA,NA,NA,NA,NA,NA,NA,22.47
male,Malay,50 - 59,NA,70.2,NA,NA,NA,2.88,NA,33.53
male,Chinese,60 - 69,NA,52.7,NA,NA,NA,2.26,NA,31.5
male,Indian,70 - 79,NA,41.9,NA,NA,NA,2.46,NA,21
male,Chinese,70 - 79,NA,53.2,NA,NA,NA,2.63,NA,7
male,Chinese,60 - 69,NA,84.5,NA,NA,NA,2.61,NA,24.5
female,Chinese,50 - 59,NA,50.3,NA,NA,NA,2.8,NA,17.5
male,Chinese,30 - 39,NA,64.4,NA,NA,NA,2.5,NA,21
male,Malay,50 - 59,NA,69.8,NA,NA,NA,2.51,NA,19.53
female,Chinese,30 - 39,NA,68.3,NA,NA,NA,2.69,NA,38.5
female,Chinese,60 - 69,NA,50,NA,NA,NA,2.85,NA,44.03
male,Chinese,70 - 79,NA,51.3,NA,NA,NA,2.56,NA,18.27
female,Chinese,50 - 59,NA,43.7,NA,NA,NA,2.62,NA,24.5
female,Malay,40 - 49,NA,59.8,NA,NA,NA,2.69,NA,24.5
female,Chinese,20 - 29,NA,58.4,NA,NA,NA,2.68,NA,17.5
male,Chinese,60 - 69,NA,89.4,NA,NA,NA,2.02,NA,17.5
female,Chinese,60 - 69,NA,67,NA,NA,NA,2.12,NA,21
female,Chinese,50 - 59,NA,58.5,NA,NA,NA,2.9,NA,35
female,Chinese,40 - 49,NA,51.7,NA,NA,NA,2.27,NA,31.5
female,Chinese,70 - 79,NA,48.7,NA,NA,NA,2.35,NA,21
male,Chinese,30 - 39,NA,56.7,NA,NA,NA,NA,NA,42
female,Chinese,60 - 69,NA,48.3,NA,NA,NA,2.28,NA,8.75
female,Chinese,40 - 49,NA,50,NA,NA,NA,2.62,NA,35
male,Chinese,80 - 89,NA,76.2,NA,NA,NA,2.02,NA,14
male,Chinese,50 - 59,NA,67.3,NA,NA,NA,2.5,NA,38.5
male,Chinese,40 - 49,NA,66.1,NA,NA,NA,2.22,NA,21
male,Chinese,70 - 79,NA,76.3,NA,NA,NA,2.37,NA,28
male,Chinese,70 - 79,NA,60.2,NA,NA,NA,2.26,NA,14
male,Chinese,60 - 69,NA,63,NA,NA,NA,2.51,NA,17.5
male,Indian,70 - 79,NA,46.8,NA,NA,NA,2.26,NA,17.5
female,Chinese,60 - 69,NA,53.5,NA,NA,NA,2.38,NA,37.03
male,Malay,60 - 69,NA,45,NA,NA,NA,2.33,NA,14
female,Other,30 - 39,NA,54.9,NA,NA,NA,2.68,NA,63
female,Indian,20 - 29,NA,64.5,NA,NA,NA,1.93,NA,22.75
female,Indian,70 - 79,NA,57,NA,NA,NA,2.27,NA,33.25
male,Indian,30 - 39,NA,65.2,NA,NA,NA,2.71,NA,61.53
female,Indian,30 - 39,NA,42.5,NA,NA,NA,2.47,NA,35
female,Indian,60 - 69,NA,55.8,NA,NA,NA,2.28,NA,8.75
male,Chinese,40 - 49,NA,70.6,NA,NA,NA,2.88,NA,31.5
female,Indian,70 - 79,NA,41.3,NA,NA,NA,2.39,NA,10.5
male,Indian,60 - 69,NA,79,NA,NA,NA,2.05,NA,42
male,Indian,50 - 59,NA,56.2,NA,NA,NA,2.28,NA,35
male,Indian,50 - 59,NA,89.6,NA,NA,NA,2.09,NA,52.5
male,Malay,60 - 69,NA,76,NA,NA,NA,1.98,NA,27.16
female,Malay,40 - 49,NA,49.8,NA,NA,NA,2.08,NA,31.5
male,Indian,60 - 69,NA,69.5,NA,NA,NA,2.1,NA,35
male,Indian,60 - 69,NA,62.5,NA,NA,NA,NA,NA,NA
female,Malay,40 - 49,NA,47.5,NA,NA,NA,2.41,NA,14
female,Malay,60 - 69,NA,70,NA,NA,NA,2.25,NA,21
male,Malay,60 - 69,NA,80.8,NA,NA,NA,2.63,NA,17.5
male,Malay,70 - 79,NA,81.2,NA,NA,NA,2.34,NA,10.5
female,Indian,50 - 59,NA,58.9,NA,NA,NA,2.63,NA,45.5
male,Malay,40 - 49,NA,65.9,NA,NA,NA,2.79,NA,14
female,Malay,60 - 69,NA,80.1,NA,NA,NA,2.7,NA,35
female,Indian,40 - 49,NA,52.4,NA,NA,NA,1.95,NA,15.75
male,Malay,70 - 79,NA,52.3,NA,NA,NA,2.15,NA,10.5
male,Malay,30 - 39,NA,80,NA,NA,NA,NA,NA,NA
female,Malay,40 - 49,NA,51.7,NA,NA,NA,2.55,NA,21
female,Indian,60 - 69,NA,59.5,NA,NA,NA,2.91,NA,21
male,Indian,60 - 69,NA,58.8,NA,NA,NA,2.6,NA,51.8
male,Malay,40 - 49,NA,90,NA,NA,NA,2.71,NA,10.5
male,Malay,60 - 69,NA,79.1,NA,NA,NA,2.45,NA,31.5
female,Malay,30 - 39,NA,69.5,NA,NA,NA,2.46,NA,35
female,Indian,40 - 49,NA,66.1,NA,NA,NA,2.27,NA,38.5
male,Malay,50 - 59,NA,62.6,NA,NA,NA,2.74,NA,42
female,Malay,30 - 39,NA,48.8,NA,NA,NA,NA,NA,NA
male,Indian,30 - 39,NA,59.4,NA,NA,NA,NA,NA,NA
male,Indian,50 - 59,NA,80.1,NA,NA,NA,NA,NA,NA
male,Chinese,50 - 59,NA,80.8,NA,NA,NA,2.11,NA,24.5
male,Indian,40 - 49,NA,97.9,NA,NA,NA,2.28,NA,35
male,Indian,50 - 59,NA,55.2,NA,NA,NA,NA,NA,NA
female,Indian,50 - 59,NA,77.9,NA,NA,NA,2.16,NA,53.97
female,Malay,40 - 49,NA,91.3,NA,NA,NA,2.54,NA,21
female,Chinese,60 - 69,NA,41.6,NA,NA,NA,NA,NA,NA
male,Malay,60 - 69,NA,64,NA,NA,NA,2.59,NA,14
female,Malay,60 - 69,NA,49,NA,NA,NA,2.55,NA,46.97
female,Chinese,60 - 69,NA,45.2,NA,NA,NA,2.72,NA,17.5
female,Malay,30 - 39,NA,78,NA,NA,NA,2.08,NA,42
male,Malay,40 - 49,NA,45,NA,NA,NA,2.89,NA,14
female,Malay,60 - 69,NA,72,NA,NA,NA,2.35,NA,31.5
female,Malay,60 - 69,NA,42,NA,NA,NA,2.98,NA,14
male,Indian,50 - 59,NA,72.2,NA,NA,NA,NA,NA,NA
female,Malay,60 - 69,NA,55.1,NA,NA,NA,2.84,NA,24.5
male,Indian,30 - 39,NA,78.6,NA,NA,NA,2.88,NA,52.5
male,Malay,80 - 89,NA,46.2,NA,NA,NA,2.58,NA,5.53
female,Chinese,50 - 59,NA,40.7,NA,NA,NA,2.52,NA,17.5
male,Indian,40 - 49,NA,55,NA,NA,NA,2.74,NA,63
female,Malay,70 - 79,NA,75,NA,NA,NA,2.76,NA,14
male,Indian,30 - 39,NA,93.1,NA,NA,NA,2.29,NA,101.5
male,Malay,60 - 69,NA,66.2,NA,NA,NA,2.37,NA,28.98
male,Malay,20 - 29,NA,92,NA,NA,NA,2.03,NA,28
male,Chinese,70 - 79,NA,61.2,NA,NA,NA,2.43,NA,21.98
female,Malay,50 - 59,NA,71.3,NA,NA,NA,2.37,NA,42
female,Indian,60 - 69,NA,51.7,NA,NA,NA,NA,NA,NA
female,Malay,50 - 59,NA,51.9,NA,NA,NA,2.99,NA,21
female,Chinese,40 - 49,NA,41.3,NA,NA,NA,2.84,NA,15.75
female,Indian,60 - 69,NA,58.1,NA,NA,NA,2.38,NA,45.5
female,Chinese,20 - 29,NA,62,NA,NA,NA,NA,NA,NA
male,Chinese,60 - 69,NA,73.4,NA,NA,NA,2.46,NA,21
female,Malay,30 - 39,NA,56.4,NA,NA,NA,2.64,NA,34.02
male,Malay,40 - 49,NA,83.7,NA,NA,NA,2.48,NA,42
female,Malay,40 - 49,NA,57.7,NA,NA,NA,2.72,NA,38.5
male,Chinese,70 - 79,NA,72.1,NA,NA,NA,2.77,NA,21
female,Chinese,70 - 79,NA,35,NA,NA,NA,2.65,NA,14
male,Malay,40 - 49,NA,78,NA,NA,NA,2.91,NA,35
female,Indian,60 - 69,NA,73.8,NA,NA,NA,2.03,NA,28
male,Malay,50 - 59,NA,47.5,NA,NA,NA,NA,NA,26.25
male,Chinese,60 - 69,NA,81.1,NA,NA,NA,2.5,NA,17.5
male,Chinese,60 - 69,NA,56.2,NA,NA,NA,2.41,NA,38.5
female,Indian,70 - 79,NA,62.2,NA,NA,NA,2.26,NA,21
male,Malay,50 - 59,NA,50.2,NA,NA,NA,2.6,NA,15.75
female,Chinese,60 - 69,NA,63.9,NA,NA,NA,2.46,NA,11.97
female,Chinese,60 - 69,NA,66.3,NA,NA,NA,NA,NA,NA
male,Indian,50 - 59,NA,74,NA,NA,NA,NA,NA,NA
female,Chinese,40 - 49,NA,55.8,NA,NA,NA,NA,NA,45.5
male,Malay,80 - 89,NA,54.5,NA,NA,NA,2.46,NA,17.5
male,Chinese,70 - 79,NA,75.5,NA,NA,NA,2.62,NA,21
female,Malay,50 - 59,NA,69,NA,NA,NA,2.48,NA,28
male,Malay,60 - 69,NA,65,NA,NA,NA,2.32,NA,28
male,White,40 - 49,170,96,0,0,0,2.5,A/G,42
male,White,70 - 79,180.01,108,0,0,0,NA,A/G,NA
female,White,70 - 79,178,100,0,0,0,2,G/G,35
male,White,90+,162.99,51,0,0,0,2.2,G/G,21
female,White,60 - 69,162.99,93,0,1,0,2.3,A/G,28
female,White,40 - 49,168,80,0,0,0,2,A/A,5.25
male,White,30 - 39,183.01,116,0,1,0,2.2,A/G,35
female,White,70 - 79,157.99,95,0,0,0,2.6,A/G,35
female,White,50 - 59,170.99,105,0,0,0,2.2,A/G,28
male,White,60 - 69,162,65,1,0,0,NA,A/A,NA
female,White,50 - 59,162.99,79,0,0,0,2,G/G,70
male,White,30 - 39,188.01,102,0,0,0,2,G/G,45.5
male,White,70 - 79,170.99,72,0,0,0,2.3,G/G,24.5
female,White,70 - 79,154,66,0,0,0,NA,G/G,NA
female,White,70 - 79,161.01,84,0,0,0,2.9,G/G,28
female,White,60 - 69,154,85,0,0,0,2.4,A/G,28
male,White,50 - 59,173.99,105,0,0,0,NA,A/G,NA
female,White,80 - 89,146.99,48,0,0,0,2.3,G/G,14
male,White,50 - 59,168,172,0,0,0,2.1,G/G,73.5
female,White,50 - 59,156.01,133,0,0,0,2.3,G/G,52.5
female,White,70 - 79,151.99,44,0,0,0,2.3,A/G,17.5
male,White,80 - 89,NA,NA,0,1,0,NA,A/G,NA
male,White,60 - 69,178,92,0,0,1,2.5,A/G,10.5
male,White,70 - 79,173,81,0,0,0,NA,A/G,NA
male,White,20 - 29,184,73,0,0,0,NA,G/G,NA
female,White,90+,149,59,0,0,0,2.3,G/G,28
male,White,60 - 69,170,85,0,1,0,NA,A/G,NA
female,White,80 - 89,157.99,51,0,0,0,2.3,A/G,17.5
female,White,60 - 69,157.99,84,1,1,0,NA,G/G,NA
male,White,60 - 69,176.99,80,0,0,0,NA,A/G,NA
male,White,30 - 39,178,92,0,0,0,2.7,NA,21
male,White,60 - 69,170,74,0,0,0,2.1,A/G,21
female,White,40 - 49,146.99,62,0,0,0,3,A/G,31.5
male,White,40 - 49,183.01,100,0,1,0,2.4,G/G,28
female,White,20 - 29,157,50,0,0,0,NA,NA,NA
male,White,60 - 69,178.99,94,0,1,0,2.8,G/G,56
male,White,60 - 69,184.99,102,0,0,0,2.6,G/G,35
female,White,80 - 89,157.99,56,0,0,0,2.8,G/G,35
female,White,50 - 59,165,96,0,0,0,3,G/G,52.5
male,White,50 - 59,170,82,0,0,0,NA,A/G,NA
male,White,70 - 79,173,78,0,0,0,2.1,G/G,35
male,White,70 - 79,NA,NA,0,0,0,2.2,A/G,7
male,White,60 - 69,184.99,101,0,0,0,2.4,A/A,17.5
male,White,60 - 69,154.99,90,0,0,0,NA,A/G,NA
male,White,50 - 59,165,115,0,0,0,2.1,A/G,35
female,White,43739,168,101,0,0,0,2.1,A/G,28
male,White,60 - 69,156.01,88,0,0,0,2.9,A/G,31.5
male,White,90+,168,83,0,0,0,NA,A/G,NA
male,White,60 - 69,184.99,95,0,0,0,2.5,G/G,42
female,White,50 - 59,157,62,0,0,0,2.5,G/G,42
male,White,50 - 59,175.01,94,0,0,0,NA,A/A,NA
male,White,60 - 69,157.99,83,1,1,0,2.5,G/G,28
male,White,80 - 89,157,52,0,1,0,2.4,A/A,14
female,White,50 - 59,173,68,1,1,0,2.9,G/G,35
male,White,50 - 59,188.01,105,0,0,0,2.2,A/G,38.5
male,White,30 - 39,NA,NA,0,0,0,2.2,G/G,35
male,White,60 - 69,178,80,0,0,0,2.9,G/G,35
male,White,60 - 69,173,85,0,0,0,2.2,A/G,24.5
male,White,60 - 69,175.01,102,0,0,0,2,G/G,28
male,White,80 - 89,175.01,NA,1,0,0,NA,A/G,NA
female,White,80 - 89,173,70,0,0,0,2.4,A/G,14
male,White,80 - 89,180.01,77,0,0,0,2.3,A/G,14
female,White,70 - 79,162,58,0,1,0,2.2,G/G,7
female,White,80 - 89,124.99,72,0,0,0,NA,G/G,NA
male,White,70 - 79,178,88,0,1,0,2.4,G/G,28
male,White,60 - 69,175.01,56,0,0,0,2,A/G,21
male,White,60 - 69,173.99,96,0,1,0,NA,A/G,NA
male,White,80 - 89,173,80,0,1,0,3,A/G,17.5
male,White,70 - 79,180.01,80,0,1,0,2,G/G,17.5
female,White,NA,165,67,1,0,0,NA,A/G,NA
male,White,70 - 79,173,86,0,0,0,NA,A/G,NA
female,White,30 - 39,168,NA,0,0,0,2,G/G,63
male,White,70 - 79,176.99,72,0,0,0,NA,A/G,NA
female,White,70 - 79,168,77,0,0,0,NA,A/G,NA
male,White,70 - 79,168,85,0,0,0,2.6,A/G,17.5
male,White,70 - 79,176.99,68,0,1,0,2.3,A/G,17.5
female,White,50 - 59,172.01,127,1,0,0,2.3,A/G,21
female,White,70 - 79,159.99,58,0,0,0,2.5,A/G,17.5
female,White,20 - 29,157.99,73,0,0,0,2,G/G,42
male,White,40 - 49,183.01,88,0,0,0,2.1,A/G,28
male,White,70 - 79,183.01,92,0,0,0,2.1,A/G,35
female,White,70 - 79,157,68,0,0,0,2.6,A/G,14
male,White,40 - 49,180.01,64,0,0,0,2.5,G/G,42
male,White,60 - 69,180.01,104,0,0,0,2,G/G,42
male,White,60 - 69,178,79,0,0,0,2,A/G,28
female,White,60 - 69,162,53,0,0,0,NA,A/G,NA
female,White,70 - 79,151.99,104,1,0,1,2.4,A/G,35
male,White,50 - 59,180.01,81,0,0,0,NA,G/G,NA
female,White,60 - 69,162.99,102,0,0,0,2,G/G,28
female,White,50 - 59,183.01,72,0,0,1,2.1,A/G,49
female,White,70 - 79,151.99,64,0,0,0,2.3,G/G,21
female,White,70 - 79,157,73,0,0,0,2.4,A/G,14
male,White,80 - 89,168,75,0,0,0,2.3,A/G,21
male,White,40 - 49,180.01,91,0,0,0,2.2,G/G,87.5
female,White,80 - 89,146.99,75,0,0,0,2.3,A/A,81.69
male,White,50 - 59,173,114,1,0,0,2.3,A/G,31.5
male,White,60 - 69,168,86,1,1,0,2.6,A/G,42
male,White,60 - 69,172.01,82,0,0,0,2.5,G/G,45.5
male,White,70 - 79,173,85,0,0,0,2.5,A/G,28
male,White,70 - 79,168,84,0,0,0,2.1,A/G,28
male,White,60 - 69,180.01,101,0,1,0,2.4,A/G,21
male,White,70 - 79,173,76,0,0,0,2.4,A/G,35
female,White,60 - 69,162.99,67,0,1,0,3,A/G,28
male,White,70 - 79,170.99,76,1,0,0,2.2,A/G,24.5
male,White,80 - 89,170,80,0,0,0,2.6,G/G,66.5
female,White,30 - 39,168,111,0,0,0,NA,A/G,NA
male,White,40 - 49,178,79,0,0,0,2.8,A/A,7
male,White,30 - 39,178,79,0,0,0,NA,A/G,NA
female,White,30 - 39,162.99,70,0,0,0,NA,G/G,NA
female,White,80 - 89,149,50,0,0,1,NA,A/G,NA
female,White,30 - 39,165,57,0,0,0,NA,A/G,NA
male,White,60 - 69,178,96,1,0,0,2.9,G/G,49
male,White,80 - 89,175.01,69,0,0,0,2,A/G,24.5
female,White,60 - 69,151.99,86,0,0,0,NA,A/G,NA
female,White,80 - 89,162,76,0,0,0,2.9,A/G,14
female,White,80 - 89,157.99,85,0,0,0,2,A/G,14
male,White,60 - 69,178,82,0,0,0,NA,G/G,NA
female,White,50 - 59,162.99,76,0,0,0,NA,G/G,NA
male,White,60 - 69,168,63,0,1,0,NA,G/G,NA
female,White,80 - 89,157,83,0,0,0,NA,NA,NA
female,White,70 - 79,154.99,83,0,0,0,3,G/G,31.5
female,White,70 - 79,151.99,70,0,0,0,NA,G/G,NA
male,White,60 - 69,173,83,0,0,0,2.1,A/G,21
male,Black Caribbean,70 - 79,188.01,98,1,1,0,NA,A/G,NA
male,White,70 - 79,173,79,1,0,0,2.4,A/G,24.5
female,White,50 - 59,173,81,0,0,0,2.7,G/G,52.5
male,White,60 - 69,165,54,0,0,1,NA,A/A,NA
male,White,60 - 69,178,95,1,0,0,2.1,A/A,14
male,White,40 - 49,175.01,116,0,0,1,2.1,A/G,35
male,White,40 - 49,191.01,93,0,0,0,2.3,A/G,14
male,White,50 - 59,162.99,78,0,1,0,2,G/G,28
male,White,50 - 59,180.01,84,0,0,1,2.6,G/G,28
male,White,80 - 89,180.01,89,0,0,0,NA,G/G,NA
male,White,70 - 79,162.99,61,0,1,0,2.8,G/G,7
male,White,70 - 79,173,102,1,0,0,2.9,A/A,7
male,White,50 - 59,178,67,0,1,0,NA,A/G,NA
male,White,70 - 79,173,54,0,0,0,2,G/G,28
male,White,70 - 79,180.01,98,0,0,0,2.4,A/G,28
female,White,70 - 79,162.99,76,1,0,0,2.2,A/G,24.5
male,White,60 - 69,188.01,95,0,0,0,NA,A/G,NA
male,White,60 - 69,183.01,94,0,0,0,2,G/G,42
female,White,80 - 89,162.99,58,0,1,0,2.5,G/G,28
female,White,50 - 59,162.99,70,0,0,0,2.2,A/G,21
male,White,60 - 69,168,64,0,0,0,NA,G/G,NA
male,Other (Hungarian),70 - 79,178,84,0,0,0,NA,A/G,NA
male,White,70 - 79,173,67,0,0,0,NA,A/A,NA
male,White,70 - 79,173,92,1,1,0,NA,G/G,NA
female,White,70 - 79,149.99,55,0,0,0,2.5,A/G,24.5
male,White,60 - 69,175.01,128,1,0,0,2.6,G/G,49
male,White,60 - 69,173,86,0,0,0,2.6,A/G,17.5
male,White,60 - 69,175.01,54,0,1,0,NA,G/G,NA
female,White,70 - 79,154.99,58,1,1,0,NA,G/G,NA
female,White,70 - 79,159.99,58,0,0,0,2.3,A/G,17.5
female,White,20 - 29,157,50,0,0,0,NA,A/G,NA
female,White,50 - 59,151.99,91,1,0,0,2.6,A/G,31.5
female,White,50 - 59,168,91,0,0,0,NA,G/G,NA
female,White,60 - 69,151.99,61,0,0,0,2.6,A/G,31.5
male,White,70 - 79,173,78,1,0,0,2.8,A/A,28
male,White,50 - 59,188.01,81,0,1,0,2.4,G/G,45.5
male,White,60 - 69,170,108,0,0,0,NA,G/G,NA
male,White,50 - 59,167,87,0,0,0,2.5,G/G,21
female,White,30 - 39,175.01,71,0,0,0,2.7,A/G,38.5
male,White,60 - 69,184.99,103,0,1,0,2,G/G,35
male,White,70 - 79,162.99,63,0,0,0,NA,G/G,NA
male,White,60 - 69,175.01,71,0,0,0,2.1,A/G,42
female,White,90+,146.99,67,0,0,0,2.5,A/G,28
male,Other (Black British),50 - 59,170,84,0,0,0,2,A/G,42
female,White,80 - 89,157,113,0,0,0,2.1,A/G,38.5
female,White,70 - 79,157,83,0,0,0,2.7,A/G,28
male,White,70 - 79,178,84,1,1,0,NA,A/A,NA
male,White,70 - 79,192.99,89,0,0,0,3,G/G,17.5
female,White,70 - 79,157,36,0,0,0,2.7,A/G,14
male,White,80 - 89,173,61,0,0,0,NA,G/G,NA
male,White,60 - 69,170,88,1,1,1,2.8,A/G,14
female,White,60 - 69,162.99,82,0,0,0,NA,G/G,NA
male,White,60 - 69,178,133,1,0,0,2.2,A/G,35
male,White,70 - 79,176.99,73,0,0,0,2.9,A/A,7
male,White,70 - 79,180.01,95,0,0,0,2,A/G,45.5
female,White,60 - 69,154.99,86,0,1,0,2.7,G/G,45.5
female,White,60 - 69,153.01,70,0,1,1,NA,G/G,NA
female,White,80 - 89,162.99,53,1,0,0,NA,A/G,NA
female,White,70 - 79,157,86,0,0,0,2.7,A/A,21
male,White,70 - 79,170,75,0,0,0,NA,G/G,NA
female,White,50 - 59,165.99,70,0,0,0,NA,G/G,NA
male,White,80 - 89,173,76,0,1,0,2.4,A/G,17.5
male,White,70 - 79,173,78,0,0,0,NA,A/A,NA
female,White,70 - 79,154.99,94,0,0,0,2,G/G,42
female,White,60 - 69,149.99,70,1,0,0,2.4,A/A,14
male,White,60 - 69,184.99,112,0,0,1,2.5,A/A,21
female,White,20 - 29,157,84,0,0,0,NA,A/G,NA
female,White,60 - 69,151.99,58,0,1,0,NA,A/A,NA
male,White,40 - 49,173,77,0,0,1,2.2,A/G,21
female,White,50 - 59,159.99,95,1,0,0,NA,G/G,NA
female,White,60 - 69,151.99,62,0,0,0,NA,G/G,NA
male,Black African,70 - 79,180.01,62,0,0,0,2.2,A/A,14
male,White,70 - 79,176.99,105,1,0,0,NA,A/G,NA
male,White,60 - 69,176.99,79,0,0,0,2.4,G/G,49
male,White,50 - 59,180.01,160,0,0,0,NA,A/A,NA
male,White,60 - 69,162.99,81,0,0,0,2.7,A/G,35
female,White,80 - 89,153.01,69,0,0,0,2.4,A/G,10.5
male,White,60 - 69,184.99,104,0,0,0,2.4,G/G,42
male,White,40 - 49,189,98,0,0,0,NA,G/G,NA
female,White,40 - 49,167,86,0,0,0,NA,G/G,NA
male,White,60 - 69,173,75,0,1,0,2.5,G/G,42
male,White,60 - 69,175.01,82,0,0,0,2.6,A/G,17.5
male,White,30 - 39,180.01,78,0,0,0,NA,A/G,NA
male,White,70 - 79,176,86,0,0,1,2,A/G,24.5
female,White,60 - 69,157,73,0,0,0,NA,G/G,NA
male,White,50 - 59,180.01,105,0,0,0,2.9,A/G,21
male,White,40 - 49,180.01,93,0,1,0,NA,A/G,NA
female,White,70 - 79,169.01,65,0,1,0,2.5,A/A,14
male,White,70 - 79,175.01,80,0,0,0,2.4,A/G,28
female,White,80 - 89,165,58,0,1,0,NA,G/G,NA
male,White,50 - 59,176.99,71,0,0,0,2.3,A/G,28
male,White,70 - 79,184.99,84,0,0,0,NA,A/A,NA
female,White,70 - 79,154.99,85,0,0,0,NA,A/G,NA
male,White,50 - 59,176.99,85,0,0,0,NA,G/G,NA
female,White,80 - 89,151.99,63,1,0,1,NA,A/G,NA
female,White,70 - 79,159.99,52,0,0,0,2.5,A/G,21
male,White,80 - 89,184.99,97,0,0,0,2.4,G/G,24.5
male,White,50 - 59,172.01,98,0,0,0,2.3,A/G,24.5
male,White,50 - 59,176.99,76,0,1,0,2.3,A/G,21
female,White,70 - 79,162,80,0,1,0,2.3,A/G,28
male,White,60 - 69,170,74,0,0,0,2.9,G/G,45.5
male,White,80 - 89,172.01,76,0,0,0,2.4,G/G,28
male,White,60 - 69,175.01,74,0,0,0,2.1,A/G,35
female,White,80 - 89,157,75,0,0,0,2.3,G/G,14
male,White,70 - 79,167,75,0,0,0,2.3,G/G,35
female,White,70 - 79,157,67,0,0,0,2.7,A/G,31.5
male,Black other,40 - 49,195,108,0,0,0,NA,G/G,NA
male,White,70 - 79,180.01,71,0,0,0,NA,A/G,NA
male,White,70 - 79,170,92,0,0,0,NA,A/A,NA
male,White,60 - 69,172.01,79,0,0,0,NA,A/G,NA
male,Black other,30 - 39,181.99,146,0,0,0,NA,G/G,NA
male,White,50 - 59,167,68,0,0,0,2.4,A/G,31.5
male,White,60 - 69,167,82,0,0,0,2.3,A/G,12.25
female,White,50 - 59,162,95,1,0,0,2.1,A/G,35
female,White,60 - 69,154,53,0,0,0,NA,G/G,NA
male,White,60 - 69,176.99,90,0,1,0,2.3,G/G,56
female,White,60 - 69,165,95,0,0,0,NA,A/G,NA
female,White,70 - 79,151.99,64,0,0,0,3,A/A,14
male,White,50 - 59,184.99,146,1,0,0,2.2,A/G,35
male,White,50 - 59,175.01,84,0,1,0,2.2,A/G,38.5
male,White,70 - 79,176.99,91,0,0,0,2.1,A/G,35
male,White,50 - 59,176.99,70,0,0,0,2.3,G/G,63
male,White,40 - 49,180.01,75,0,0,0,NA,G/G,NA
female,White,70 - 79,176.99,82,0,0,0,2.8,G/G,28
male,White,80 - 89,183.01,95,1,1,0,2.8,G/G,31.5
female,White,70 - 79,149,63,0,0,0,NA,A/A,NA
female,White,70 - 79,151.99,83,0,1,0,2.8,A/G,28
female,White,70 - 79,153.01,48,0,1,0,2.3,A/G,10.5
female,White,70 - 79,165,78,0,0,0,2.3,A/A,28
male,White,60 - 69,170,79,0,0,0,2.1,A/G,21
female,White,50 - 59,157,81,0,0,0,NA,G/G,NA
male,White,50 - 59,178,96,0,0,1,2.6,A/A,16.31
male,White,70 - 79,183.01,98,0,0,0,2.1,A/A,21
female,White,70 - 79,159.99,48,0,0,0,NA,G/G,NA
male,White,70 - 79,181,82,0,1,0,2.4,G/G,31.5
male,White,80 - 89,175.01,57,0,0,0,NA,A/G,NA
female,White,70 - 79,167,55,0,0,0,NA,A/G,NA
female,White,90+,149,81,0,1,0,NA,A/G,NA
female,White,20 - 29,157,74,0,0,0,NA,G/G,NA
male,White,70 - 79,188.01,95,0,0,0,3.6,A/A,25.97
female,White,40 - 49,176.99,58,0,0,0,2.2,A/G,21
female,White,80 - 89,157,73,0,0,0,NA,G/G,NA
male,White,70 - 79,162,89,0,0,0,NA,G/G,NA
female,White,70 - 79,170,58,0,0,0,2.5,A/G,25.97
female,White,30 - 39,165,100,0,0,0,2,A/A,35
male,White,40 - 49,165,70,0,0,0,2.8,A/G,35
female,White,70 - 79,154.99,55,0,0,0,2.2,G/G,21
female,White,70 - 79,142.01,65,0,0,1,2.5,G/G,14
male,White,70 - 79,170,93,1,0,0,NA,A/G,NA
female,White,70 - 79,146.99,57,0,0,0,2.5,G/G,31.5
male,White,60 - 69,165,79,1,0,0,3,G/G,63
male,White,50 - 59,176,72,0,0,0,2.4,G/G,59.5
female,White,70 - 79,157,89,0,0,0,2.7,NA,23.03
female,White,80 - 89,153.01,54,0,0,0,2.3,G/G,21
female,White,70 - 79,154,57,0,0,0,2.1,A/G,35
female,White,50 - 59,157,89,0,0,0,2.1,G/G,35
female,White,80 - 89,154.99,55,0,1,0,NA,A/G,NA
female,White,30 - 39,159.99,52,0,0,0,NA,A/G,NA
female,White,70 - 79,151.99,77,0,1,0,2.6,A/G,24.5
female,White,50 - 59,162,96,0,0,0,2.7,G/G,49
male,White,50 - 59,181.99,84,0,0,0,2.5,A/G,28
male,White,50 - 59,188.01,100,0,1,0,2.5,A/G,35
female,White,70 - 79,154,84,0,1,0,NA,G/G,NA
male,White,70 - 79,167,103,1,1,0,2.5,G/G,46.97
male,White,NA,183.01,105,0,0,0,NA,A/G,NA
male,White,30 - 39,170,79,0,0,0,NA,A/G,NA
male,White,70 - 79,181.99,82,0,0,0,NA,A/G,NA
male,White,60 - 69,170,73,0,1,0,NA,G/G,NA
male,White,70 - 79,178,70,0,0,0,NA,A/G,NA
male,White,70 - 79,172.01,76,0,0,0,2.3,A/G,28
female,White,70 - 79,162.99,91,0,0,1,2.4,A/G,18.97
male,White,40 - 49,188.01,114,1,0,0,2.4,A/A,28
female,White,80 - 89,157,62,0,1,0,2.6,A/G,31.5
male,White,80 - 89,180.01,57,0,0,0,2,A/G,23.03
male,White,70 - 79,167,72,0,0,1,NA,A/G,NA
female,White,80 - 89,156.01,54,0,0,0,NA,G/G,NA
male,White,70 - 79,165,70,0,0,1,2.4,G/G,18.97
male,Black other,80 - 89,170,66,0,0,0,NA,G/G,NA
male,White,80 - 89,162,58,1,0,0,2.5,G/G,28
male,White,60 - 69,167,63,0,0,0,NA,A/A,NA
male,White,80 - 89,167,70,0,0,1,NA,G/G,NA
female,White,70 - 79,162,104,0,1,0,3,G/G,17.5
male,White,80 - 89,176,97,0,0,0,2.1,G/G,42
female,White,80 - 89,159.99,58,0,0,0,NA,A/G,NA
female,White,70 - 79,159.99,63,0,1,0,NA,A/G,NA
male,White,70 - 79,176,88,0,0,0,2.4,A/G,35
male,White,70 - 79,165.99,70,0,1,0,NA,G/G,NA
female,White,80 - 89,164.01,63,0,0,0,2.3,A/G,21
male,Black,40 - 49,187.96,145,NA,0,0,2.56,NA,44.63
male,White,50 - 59,182.88,78.2,NA,0,0,2.82,A/A,16.67
female,Black,40 - 49,157.48,80.9,NA,0,0,2.86,NA,96.39
male,Black,80 - 89,167.64,64.2,NA,0,0,2.88,NA,24.17
male,White,50 - 59,175.26,93.6,NA,0,0,2.38,NA,69.76
male,White,50 - 59,177.8,97,NA,0,0,2.35,NA,37.83
male,White,80 - 89,187.96,88,NA,0,0,2.92,NA,31.3
male,White,50 - 59,177.8,68.3,NA,0,0,3.3,NA,51.51
male,White,50 - 59,172.72,76,NA,0,0,2.62,G/G,71.18
female,Black,60 - 69,163.83,85.1,NA,0,0,2.59,NA,24.22
male,White,70 - 79,175.26,93,NA,0,0,2.46,NA,17.46
male,White,80 - 89,182.88,88.4,NA,0,0,2.61,NA,30.89
female,White,70 - 79,162.56,90.6,NA,0,0,2.54,G/G,55.65
male,White,40 - 49,167.64,65,NA,0,0,2.88,NA,18.16
female,White,40 - 49,176.53,125.3,NA,0,0,2.27,NA,66.65
male,White,40 - 49,182.88,63,NA,0,0,2.36,NA,24.13
male,White,20 - 29,170.18,61.2,NA,0,0,2.04,NA,43.83
male,Black,60 - 69,182.88,106.6,NA,0,0,2.51,NA,37.86
male,White,50 - 59,165.1,73.8,NA,0,0,3.03,NA,37.3
female,White,80 - 89,162.56,75.7,NA,0,0,2.23,NA,23.6
female,White,40 - 49,165.1,102.7,NA,0,0,2.67,G/G,52.61
male,White,60 - 69,165.1,97,NA,0,0,2.43,NA,25.68
male,White,50 - 59,187.96,118,NA,1,0,2,NA,25.09
female,Black,50 - 59,172.72,135,NA,1,0,2.01,A/G,121.9
male,White,40 - 49,177.8,81.9,NA,0,0,2.15,NA,40.28
male,White,50 - 59,177.8,101,NA,0,0,2.65,NA,43.33
female,Black,60 - 69,175.26,103,NA,0,0,2.06,NA,31.94
female,White,30 - 39,172.72,75.4,NA,0,0,3.03,NA,49.86
female,White,40 - 49,162.56,66,NA,0,0,2.94,A/A,31.11
female,White,80 - 89,162.56,68.1,NA,0,0,2.65,A/G,13.84
male,Black,50 - 59,175.26,93,NA,1,0,2.78,NA,48.65
male,White,80 - 89,168.91,70.9,NA,0,0,2.37,A/G,32.35
female,White,50 - 59,160.02,87,NA,1,0,3.29,NA,56.58
male,White,70 - 79,187.96,111.1,NA,1,0,2.68,NA,26
female,White,80 - 89,162.56,77.3,NA,0,0,2.38,NA,34.78
male,Black,40 - 49,177.8,115.3,NA,0,0,2.34,NA,9.33
male,Black,70 - 79,160.02,134,NA,0,0,3.17,NA,55.39
male,Black,60 - 69,149.86,80.9,NA,0,0,2.91,NA,39.56
female,White,40 - 49,165.1,56.7,NA,0,0,2.49,NA,68.86
male,White,50 - 59,180.34,105.8,NA,0,0,1.8,NA,37.73
male,White,60 - 69,177.8,97,NA,1,1,2.71,A/G,16.53
male,White,70 - 79,177.8,92.3,NA,1,1,2.5,NA,23.62
male,White,70 - 79,175.26,82,NA,0,0,3.32,NA,23.04
female,White,40 - 49,175.26,131.2,NA,0,0,3.31,A/A,32.06
female,White,30 - 39,165.1,89.5,NA,0,0,2.14,NA,49.42
female,White,40 - 49,170.18,74.9,NA,0,0,2.8,NA,27.06
male,White,40 - 49,175.26,110.7,NA,0,0,2.38,NA,35.79
female,White,80 - 89,157.48,71,NA,0,0,3.24,NA,47.68
female,White,60 - 69,165.1,106.3,NA,0,0,2.48,NA,59.24
female,White,50 - 59,165.1,63.3,NA,0,0,2.76,NA,63.17
male,White,50 - 59,190.5,75,NA,0,0,1.76,G/G,70
male,Black,80 - 89,154.94,97,NA,0,0,1.58,NA,43.68
female,White,20 - 29,157.48,64.5,NA,0,0,1.84,NA,60
male,White,60 - 69,180.34,113,NA,0,0,3.21,A/G,15.72
male,White,40 - 49,187.96,125.5,NA,0,0,2.11,NA,56.11
male,White,70 - 79,177.8,80.8,NA,1,0,2.55,A/A,16.56
male,White,60 - 69,175.26,93.3,NA,1,0,2.52,NA,40
male,White,30 - 39,180.34,63.7,NA,0,0,1.7,G/G,41.75
male,White,80 - 89,185.42,104.5,NA,0,0,2.19,NA,35
female,Black,50 - 59,160.02,147.2,NA,0,0,2.16,NA,60.02
male,White,70 - 79,173.99,82.5,NA,0,0,1.8,NA,30
male,White,50 - 59,177.8,97.7,NA,0,0,2.35,NA,17
male,Black,70 - 79,175.26,83,NA,0,0,2.5,NA,70.88
male,White,60 - 69,172.72,90.9,NA,0,0,2.8,NA,35
male,White,50 - 59,175.26,75,NA,0,1,4.41,NA,32.42
male,White,70 - 79,177.8,75,NA,0,0,3.04,NA,64.75
female,White,30 - 39,160.02,52.7,NA,0,0,3.29,G/G,13.46
male,White,60 - 69,185.42,120.8,NA,0,0,2.71,A/A,30.75
female,White,80 - 89,157.48,77,NA,0,0,2.45,NA,22.92
male,White,60 - 69,180.34,95,NA,0,0,2.28,NA,32.5
male,White,60 - 69,180.34,97,NA,1,0,2.3,NA,17.5
female,White,60 - 69,170.18,71.7,NA,0,0,2.57,NA,44.64
female,White,70 - 79,154.94,49.1,NA,0,0,2.99,NA,17.56
female,White,70 - 79,157.48,53.4,NA,0,0,2.86,NA,41.25
male,White,70 - 79,175.26,82,NA,0,0,2.93,NA,26.33
male,White,80 - 89,165.1,75.5,NA,0,0,2.03,NA,27.17
female,Black,50 - 59,170.18,76,NA,1,1,2.23,NA,45.67
male,White,70 - 79,170.18,80.8,NA,1,1,2.8,A/G,20.1
male,White,60 - 69,170.18,91.9,NA,0,0,2.07,G/G,70
male,White,60 - 69,172.72,83.4,NA,0,0,2.85,NA,41.92
female,White,80 - 89,153.67,57.2,NA,0,0,2.64,NA,35
male,White,40 - 49,180.34,86,NA,0,0,2.56,NA,55.94
male,White,70 - 79,177.8,78.5,NA,0,0,2.83,NA,59.44
female,Black,40 - 49,167.64,76.8,NA,0,0,2.49,NA,45.38
male,White,50 - 59,200.66,100.2,NA,1,0,2.49,NA,45.63
male,White,80 - 89,185.42,80,NA,0,0,2.62,NA,29.44
female,White,50 - 59,152.4,53.2,NA,0,0,3.15,NA,52.05
male,White,90+,172.72,83.3,NA,0,0,2.83,NA,41.04
male,White,70 - 79,180.34,73.8,NA,1,0,2.74,NA,34.58
male,White,50 - 59,171.45,83.9,NA,0,0,2.65,NA,54.79
male,White,70 - 79,195.58,98.9,NA,0,0,2.76,NA,20.56
male,White,80 - 89,180.34,93.5,NA,0,0,2.55,NA,25.66
male,Black,50 - 59,167.64,63.5,NA,1,1,2.12,NA,18.73
male,White,80 - 89,180.34,87.2,NA,1,0,2.88,NA,29.5
female,White,80 - 89,152.4,65.5,NA,0,0,2.52,NA,25.67
male,White,60 - 69,167.64,69.8,NA,0,0,2.58,NA,45.31
male,White,40 - 49,182.88,107.5,NA,0,0,2.28,NA,65.96
male,White,50 - 59,187.96,71.8,NA,0,0,2.66,NA,37.27
male,White,60 - 69,173.99,73.1,NA,0,0,2.57,NA,24.04
female,White,70 - 79,175.26,72.5,NA,0,0,2.23,NA,24.38
female,White,70 - 79,165.1,59.1,NA,0,1,2.73,NA,34.04
male,White,40 - 49,175.26,89.3,NA,0,0,3.29,NA,34.64
male,White,60 - 69,182.88,117.1,NA,0,0,2.17,NA,30
male,White,50 - 59,180.34,93.8,NA,0,0,1.83,A/G,40
male,Black,40 - 49,177.8,114.4,NA,0,0,2.39,NA,50
male,White,70 - 79,177.8,97.9,NA,0,0,2.37,NA,75.49
male,White,80 - 89,172.72,75.1,NA,0,1,2.56,NA,19.22
female,White,60 - 69,162.56,72.1,NA,0,0,2.88,A/A,17
male,White,60 - 69,180.34,80.5,NA,0,0,2.18,NA,17.5
female,White,70 - 79,167.64,67,NA,0,0,2.23,NA,30.33
male,Black or African American,60 - 69,185.42,107.3,0,1,0,2.8,NA,37.52
male,Black or African American,60 - 69,165.1,72.7,0,0,0,2.4,NA,39.97
female,White,60 - 69,162.56,76.8,0,0,0,2.8,NA,32.48
female,White,70 - 79,157.48,59.1,0,0,0,2,NA,35
male,White,60 - 69,185.42,96.4,0,0,0,3,NA,24.99
female,White,70 - 79,165.1,72.7,0,0,0,2.3,NA,14.49
male,White,40 - 49,162.56,79.6,0,0,0,2.1,NA,49.98
male,White,60 - 69,198.12,136.4,0,0,0,2.1,NA,70
female,White,60 - 69,162.56,71.8,0,0,0,2,NA,49.98
female,Black or African American,60 - 69,160.02,81.4,0,0,0,2.6,NA,27.51
female,White,70 - 79,160.02,67.3,0,0,0,2,NA,22.47
male,White,70 - 79,177.8,83.6,0,0,0,2,NA,27.51
female,White,60 - 69,167.64,74.6,1,0,1,2,NA,55.02
female,Black or African American,80 - 89,157.48,64.1,0,0,0,2.6,NA,30.03
male,Black or African American,50 - 59,172.72,131.4,0,0,0,2.5,NA,27.51
male,White,60 - 69,182.88,105,1,0,0,2,NA,55.02
female,Black or African American,70 - 79,162.56,72.3,0,0,1,2.2,NA,27.02
female,Black or African American,50 - 59,157.48,109.1,1,0,1,2.1,NA,25.97
female,White,80 - 89,152.4,59.1,1,1,0,2.4,NA,22.47
female,White,80 - 89,165.1,82.3,1,1,0,2.1,NA,42
male,White,50 - 59,177.8,134.6,1,0,1,2,NA,35
female,Black or African American,50 - 59,170.18,66.4,0,0,0,2.3,NA,35
female,White,20 - 29,160.02,65,0,0,0,2.3,NA,45.01
male,White,60 - 69,190.5,93.6,0,0,0,2.9,NA,82.53
female,White,70 - 79,160.02,60.9,0,0,0,2.2,NA,14
female,Black or African American,80 - 89,154.94,105,0,0,0,2.3,NA,27.51
male,White,80 - 89,187.96,90.9,0,0,0,2.6,NA,17.99
female,Black or African American,60 - 69,167.64,82.3,1,0,0,2.4,NA,27.51
male,Black or African American,60 - 69,190.5,97.3,1,0,0,2.5,NA,21.98
male,Black or African American,40 - 49,175.26,140.5,1,0,0,2.8,NA,100.03
female,White,70 - 79,167.64,78.2,0,0,0,2.6,NA,20.02
male,Black or African American,50 - 59,170.18,153.6,0,0,0,2.3,NA,67.48
male,Black or African American,60 - 69,172.72,90.5,1,0,1,2.1,NA,32.48
male,White,70 - 79,185.42,70.9,1,0,0,3,NA,28
female,White,40 - 49,170.18,79.6,0,0,0,2.2,NA,90.02
female,White,50 - 59,167.64,69.1,0,0,0,2.4,NA,42
male,White,80 - 89,167.64,90.9,1,0,0,2.3,NA,13.79
male,White,50 - 59,172.72,116.4,1,0,0,2.6,NA,37.03
male,White,40 - 49,172.72,81.8,0,0,0,2,NA,35
male,White,70 - 79,170.18,72.7,0,0,0,2.2,NA,24.99
male,Black or African American,70 - 79,185.42,81.8,1,0,0,2.8,NA,42
male,Black or African American,40 - 49,187.96,67.3,0,0,0,2.5,NA,39.97
female,White,90+,147.32,52.3,0,0,0,2.1,NA,17.99
male,White,60 - 69,187.96,103.6,0,0,0,2.9,NA,22.47
female,White,80 - 89,154.94,61.4,1,1,0,2.1,NA,30.03
male,White,40 - 49,185.42,86.4,0,0,0,3,NA,70
female,White,70 - 79,162.56,90.9,0,0,0,2.1,NA,34.02
female,White,70 - 79,165.1,63.6,0,0,1,3,NA,17.99
female,White,60 - 69,177.8,110.9,0,0,0,2,NA,49.98
male,White,80 - 89,172.72,72.7,0,0,0,2.3,NA,17.99
male,White,50 - 59,177.8,106.8,0,0,0,2.1,NA,52.5
female,White,60 - 69,172.72,58.2,0,0,0,2.8,NA,28
female,White,60 - 69,182.88,83.2,0,0,0,2.2,NA,39.97
female,White,20 - 29,175.26,72.7,0,0,0,2.2,NA,72.03
female,Black or African American,70 - 79,172.72,83.2,0,0,0,2.4,NA,39.97
male,Black or African American,50 - 59,172.72,78.2,0,1,0,2.4,NA,35
male,White,70 - 79,182.88,83.2,1,1,1,2.9,NA,17.5
female,White,50 - 59,165.1,103.6,1,0,0,2.2,NA,49.98
male,White,60 - 69,177.8,77.3,0,0,0,2.4,NA,32.48
female,White,60 - 69,165.1,68.6,0,0,1,2.1,NA,18.69
male,Black or African American,30 - 39,187.96,107.3,0,0,1,2.3,NA,42
female,Black or African American,70 - 79,177.8,82.3,0,0,0,3,NA,32.48
male,White,50 - 59,182.88,79.6,0,0,0,2.8,NA,23.73
female,Black or African American,40 - 49,170.18,90,0,0,0,2.2,NA,57.47
female,Black or African American,30 - 39,162.56,81.8,0,0,0,2.4,NA,21
female,Black or African American,70 - 79,165.1,87.3,0,0,0,2.3,NA,30.03
female,White,80 - 89,170.18,60.5,1,0,0,2,NA,42.49
female,Black or African American,60 - 69,144.78,54.6,0,0,0,2.5,NA,25.97
female,White,50 - 59,162.56,115,1,1,0,2.3,NA,52.5
female,Black or African American,80 - 89,165.1,63.6,1,0,0,2,NA,24.99
male,White,80 - 89,187.96,93.2,0,0,0,2.5,NA,39.97
male,White,60 - 69,182.88,106.4,0,1,0,2.8,NA,45.01
female,Black or African American,70 - 79,170.18,92.3,1,0,0,2.3,NA,49.98
male,White,60 - 69,180.34,155.5,1,0,0,2,NA,35
male,White,70 - 79,187.96,96.4,0,0,0,2.2,NA,39.97
male,White,70 - 79,180.34,90,1,0,0,2.3,NA,49.98
male,Black or African American,40 - 49,180.34,77.3,0,0,0,2.5,NA,47.53
male,White,40 - 49,180.34,77.3,0,0,0,2.5,NA,70
male,White,50 - 59,185.42,140,1,0,0,2.8,NA,44.03
male,Black or African American,40 - 49,177.8,100,0,0,0,2.8,NA,70
male,Black or African American,60 - 69,175.26,75,0,0,0,2.5,NA,35
female,Black or African American,60 - 69,154.94,65.9,0,0,0,2,NA,32.48
male,Black or African American,30 - 39,180.34,100,0,0,0,2.2,NA,59.99
female,Black or African American,80 - 89,165.1,56.8,0,0,0,2.1,NA,24.01
female,White,80 - 89,160.02,71.8,1,0,0,2.6,NA,24.99
male,White,70 - 79,185.42,118.2,0,0,0,2.9,NA,70
female,Black or African American,40 - 49,162.56,59.6,0,0,0,2.7,NA,24.99
male,Black or African American,60 - 69,182.88,88.6,1,0,0,2.7,NA,24.99
female,Black or African American,70 - 79,170.18,68.2,0,0,0,2.9,NA,27.51
male,Black or African American,60 - 69,175.26,86.8,1,0,0,3,NA,27.51
female,Black or African American,50 - 59,162.56,90,0,0,0,2.5,NA,30.03
female,White,40 - 49,170.18,138.2,0,0,0,2.9,NA,12.53
female,White,60 - 69,165.1,82.7,1,0,0,2.4,NA,17.86
female,White,70 - 79,170.18,51.8,0,0,1,2.5,NA,23.03
female,White,70 - 79,157.48,50.9,0,0,0,2.8,NA,20.02
male,Black or African American,50 - 59,180.34,102.3,1,0,0,2.5,NA,45.01
male,White,70 - 79,182.88,85.9,1,0,1,3,NA,28
female,Black or African American,60 - 69,160.02,68.6,1,1,0,2.2,NA,27.51
male,White,80 - 89,167.64,72.7,0,0,0,2.6,NA,32.48
male,Black or African American,60 - 69,185.42,76.8,1,0,0,2.6,NA,22.47
female,Black or African American,40 - 49,172.72,85.9,0,0,0,2.9,NA,45.01
male,Black or African American,70 - 79,190.5,84.1,0,0,0,2.2,NA,37.52
female,Black or African American,50 - 59,157.48,90.9,1,0,0,2.8,NA,24.99
female,Black or African American,70 - 79,175.26,59.1,0,0,0,2,NA,39.97
male,Black or African American,60 - 69,175.26,95.5,0,1,0,2.2,NA,42.49
female,White,60 - 69,165.1,60,0,1,0,2.6,NA,27.51
male,Black or African American,50 - 59,182.88,80,0,0,1,2.4,NA,52.5
male,White,80 - 89,177.8,89.1,0,1,0,2.5,NA,37.52
female,White,80 - 89,162.56,52.7,0,0,0,2.3,NA,16.03
female,White,40 - 49,162.56,92.7,0,0,0,2.5,NA,27.51
female,Black or African American,50 - 59,157.48,102.7,0,0,0,2,NA,70
female,White,40 - 49,152.4,49.6,0,0,0,2.8,NA,21
male,White,50 - 59,180.34,90.9,0,0,0,2.5,NA,55.02
female,Black or African American,80 - 89,180.34,109.1,1,0,0,3,NA,63.77
female,Black or African American,60 - 69,175.26,77.3,0,0,0,2.3,NA,44.03
female,Black or African American,70 - 79,160.02,85,0,0,0,2.4,NA,24.99
male,Black or African American,70 - 79,175.26,84.1,0,1,0,2.4,NA,24.99
female,Black or African American,50 - 59,157.48,90.9,1,1,0,2.4,NA,12.5
male,Black or African American,70 - 79,180.34,80.5,0,0,0,2.2,NA,45.01
male,Black or African American,80 - 89,185.42,72.3,0,0,0,2.4,NA,27.51
male,Black or African American,60 - 69,177.8,131.8,1,0,0,2.1,NA,47.53
female,White,80 - 89,154.94,49.1,0,0,0,2.8,NA,17.5
male,Black or African American,50 - 59,182.88,131.4,0,0,0,2.6,NA,70
male,White,70 - 79,180.34,68.2,0,1,0,2.9,NA,35
female,Black or African American,70 - 79,162.56,81.8,0,0,0,2.4,NA,21
male,White,70 - 79,187.96,116.4,0,0,0,2.1,NA,57.47
female,White,60 - 69,162.56,65,0,0,0,2.9,NA,48.79
female,Black or African American,30 - 39,165.1,85,0,0,0,2,NA,57.47
male,White,60 - 69,177.8,97.7,1,0,0,2.2,NA,45.01
male,Black or African American,60 - 69,185.42,106.8,1,0,0,3,NA,49.98
female,White,70 - 79,160.02,75,0,0,0,2,NA,32.48
male,White,60 - 69,172.72,115.9,0,0,0,2.8,NA,35
female,White,40 - 49,154.94,137.3,1,0,0,2.7,NA,37.52
male,White,70 - 79,180.34,81.8,0,0,0,2,NA,20.02
female,Black or African American,60 - 69,180.34,109.1,1,0,0,2.8,NA,26.74
male,White,60 - 69,160.02,98.2,0,0,0,2.7,NA,39.97
male,Black or African American,50 - 59,175.26,81.8,1,0,0,2.2,NA,35
male,White,40 - 49,177.8,70.5,1,0,0,2.1,NA,35
female,White,80 - 89,160.02,60.5,1,0,0,2.2,NA,59.99
male,White,70 - 79,177.8,90.9,0,0,0,2.5,NA,39.97
male,White,60 - 69,172.72,59.1,0,0,0,2.4,NA,20.02
female,Black or African American,40 - 49,157.48,77.3,1,0,0,2.8,NA,17.99
female,Black or African American,40 - 49,165.1,95.5,0,1,0,2.2,NA,45.01
male,White,60 - 69,177.8,87.3,0,1,1,2.9,NA,30.03
male,White,70 - 79,180.34,106.4,0,0,1,2.2,NA,45.01
male,White,60 - 69,170.18,73.6,1,0,0,2.1,NA,35
male,White,60 - 69,185.42,77.3,0,0,0,2.5,NA,35
male,White,60 - 69,187.96,104.1,1,0,0,2,NA,22.47
female,White,70 - 79,170.18,120.5,1,0,0,2.4,NA,20.02
female,White,70 - 79,160.02,79.1,1,0,0,2.6,NA,37.52
male,White,60 - 69,187.96,117.3,1,0,1,2,NA,35
male,Black or African American,70 - 79,182.88,90.9,0,0,0,2.8,NA,35
female,White,80 - 89,177.8,72.7,0,0,0,2.4,NA,42.49
male,White,50 - 59,187.96,90.9,0,0,0,2,NA,55.02
female,Black or African American,70 - 79,160.02,72.7,0,0,0,2.2,NA,37.52
female,White,70 - 79,152.4,56.8,0,0,0,2.2,NA,24.01
male,White,70 - 79,182.88,118.2,0,1,0,2.4,NA,55.02
female,Black or African American,40 - 49,167.64,70,0,0,0,2.1,NA,35
male,White,80 - 89,172.72,77.3,0,0,0,2.6,NA,30.03
female,Black or African American,70 - 79,165.1,90.9,0,0,0,2.7,NA,35
male,White,70 - 79,175.26,81.8,1,0,0,3,NA,39.97
female,White,60 - 69,172.72,78.6,0,0,0,2.1,NA,24.99
female,White,20 - 29,175.26,50,0,0,0,2.1,NA,27.51
male,Black or African American,20 - 29,177.8,84.1,0,0,0,2.7,NA,82.53
male,Black or African American,50 - 59,185.42,82.7,0,0,0,2.4,NA,37.52
female,White,30 - 39,170.18,80.9,0,0,0,2.1,NA,35
female,White,60 - 69,162.56,125,1,0,0,2.2,NA,38.01
male,Black or African American,40 - 49,195.58,178.6,1,0,0,2.7,NA,63.84
female,Black or African American,80 - 89,162.56,69.6,1,0,0,2.3,NA,45.01
male,White,60 - 69,177.8,95.5,0,1,0,2.5,NA,30.03
female,Black or African American,20 - 29,162.56,68.2,1,0,0,2.8,NA,24.99
male,Black or African American,60 - 69,185.42,85.9,0,0,0,2,NA,26.32
male,Black or African American,60 - 69,185.42,87.7,0,0,0,2.6,NA,32.48
female,White,70 - 79,160.02,47.7,0,0,0,2.2,NA,14.98
female,White,20 - 29,165.1,140.5,0,0,0,2.8,NA,35
female,White,70 - 79,162.56,67.7,1,0,0,2.9,NA,39.97
female,White,50 - 59,160.02,84.6,1,0,0,2.9,NA,28.7
male,White,80 - 89,175.26,90,0,0,1,2.2,NA,35
female,White,50 - 59,162.56,85.9,1,1,1,2.1,NA,45.01
female,White,70 - 79,162.56,76.8,0,0,0,2.9,NA,27.51
female,White,40 - 49,165.1,65.5,0,0,0,3,NA,27.51
male,White,80 - 89,182.88,90,0,0,0,2.5,NA,35
female,White,70 - 79,165.1,63.6,0,1,0,2.4,NA,8.47
male,Black or African American,50 - 59,182.88,117.3,0,0,0,2,NA,52.5
female,White,30 - 39,170.18,104.1,1,0,0,2.5,NA,21.98
female,White,50 - 59,165.1,126.4,1,0,0,2,NA,49.98
female,Black or African American,80 - 89,167.64,90.9,1,0,0,2,NA,35
female,White,50 - 59,172.72,84.1,0,0,0,2.6,NA,59.99
male,Black or African American,60 - 69,167.64,90.9,0,0,0,2.1,NA,27.51
male,Black or African American,50 - 59,187.96,155.9,0,0,0,2,NA,57.47
female,Black or African American,70 - 79,165.1,76.4,0,0,0,2,NA,24.99
female,White,60 - 69,167.64,85.9,0,1,1,2.2,NA,20.02
male,White,70 - 79,182.88,111.8,1,0,0,2,NA,49.98
female,Black or African American,30 - 39,165.1,68.6,0,0,0,2,NA,30.03
male,White,60 - 69,182.88,127.3,0,0,0,2,NA,28
male,White,80 - 89,165.1,72.7,0,0,0,2.5,NA,12.53
male,White,50 - 59,180.34,75,0,1,0,2.3,NA,27.51
male,White,80 - 89,180.34,85,0,0,0,2.6,NA,24.99
female,White,80 - 89,160.02,63.6,0,0,0,2.7,NA,20.02
male,White,60 - 69,187.96,104.6,0,0,0,2.5,NA,39.97
female,Black or African American,60 - 69,170.18,128.6,0,0,0,2.1,NA,67.48
female,White,50 - 59,160.02,63.6,0,0,0,2.5,NA,30.03
male,White,50 - 59,177.8,75,0,0,0,2.1,NA,22.47
male,White,70 - 79,177.8,81.8,0,0,0,2.4,NA,42.49
male,White,60 - 69,182.88,106.8,1,1,0,2.5,NA,35
male,Black or African American,60 - 69,172.72,86.4,1,0,0,2.1,NA,45.01
male,White,60 - 69,180.34,87.3,0,0,0,2.1,NA,39.97
male,Black or African American,70 - 79,175.26,114.6,1,0,0,2.2,NA,37.52
male,White,60 - 69,175.26,110,1,0,0,2.4,NA,32.48
male,White,40 - 49,177.8,104.6,0,0,1,2.2,NA,45.01
male,White,70 - 79,177.8,72.7,0,1,1,2.3,NA,17.01
female,White,60 - 69,162.56,89.1,0,0,0,2.8,NA,22.47
female,White,80 - 89,162.56,71.4,0,0,0,2,NA,24.99
male,White,70 - 79,172.72,75.9,0,0,0,2.4,NA,32.48
female,White,70 - 79,175.26,63.6,0,0,0,2.4,NA,17.99
male,Black or African American,40 - 49,177.8,86.4,0,0,0,2.7,NA,35
male,White,60 - 69,180.34,121.8,0,0,0,2.6,NA,16.31
female,Black or African American,40 - 49,165.1,72.7,1,0,0,2.3,NA,37.1
male,White,60 - 69,175.26,77.3,0,0,1,2.5,NA,17.5
female,Black or African American,40 - 49,157.48,77.3,0,0,0,2.1,NA,20.02
female,White,70 - 79,172.72,77.3,0,0,1,2,NA,10.5
male,White,80 - 89,182.88,79.6,1,0,0,2.6,NA,17.5
female,Black or African American,50 - 59,177.8,177.3,0,0,0,2.3,NA,12.5
female,Black or African American,80 - 89,160.02,89.1,0,0,0,2.1,NA,25.97
female,Black or African American,70 - 79,165.1,86.4,1,0,0,2.1,NA,17.99
male,Black or African American,50 - 59,165.1,58.6,0,0,0,2.6,NA,47.53
female,White,60 - 69,170.18,77.3,0,0,0,2.4,NA,39.97
female,Black or African American,60 - 69,160.02,90.9,0,0,0,2.1,NA,45.01
male,Black or African American,60 - 69,180.34,77.3,0,0,0,2.3,NA,39.97
female,White,60 - 69,162.56,80,1,1,0,2.8,NA,39.97
male,White,50 - 59,177.8,86.4,0,0,0,2.3,NA,42.49
female,White,60 - 69,165.1,90.9,1,0,0,2.1,NA,35
female,White,70 - 79,165.1,90.5,1,0,0,2.5,NA,28
male,White,80 - 89,167.64,68.6,1,1,0,2.8,NA,41.02
male,White,70 - 79,170.18,80.5,0,0,0,2.2,NA,30.03
male,White,80 - 89,185.42,95.5,0,0,0,2.4,NA,27.51
female,White,70 - 79,157.48,98.2,1,0,0,2.9,NA,32.48
female,White,70 - 79,165.1,65.5,0,0,0,2.4,NA,14.98
male,White,50 - 59,187.96,90,0,0,0,2.9,NA,30.03
male,Black or African American,40 - 49,185.42,122.7,1,0,0,2,NA,37.52
female,White,70 - 79,165.1,104.6,0,0,0,2,NA,32.48
female,Black or African American,70 - 79,165.1,113.6,0,0,0,2.8,NA,24.99
male,White,60 - 69,185.42,116.8,0,0,0,2.1,NA,39.97
female,White,70 - 79,177.8,79.6,0,0,1,2.9,NA,24.01
female,Black or African American,40 - 49,152.4,61.4,0,0,0,2.3,NA,35
male,White,70 - 79,180.34,93.2,0,1,0,2.4,NA,24.99
male,White,60 - 69,180.34,90.9,0,0,0,2.7,NA,17.5
male,Black or African American,40 - 49,185.42,150,0,0,0,2,NA,48.58
male,White,40 - 49,185.42,118.2,1,0,0,3,NA,24.99
male,White,60 - 69,187.96,120,1,0,0,2.9,NA,42.49
male,White,50 - 59,172.72,78.6,1,0,1,2.1,NA,17
female,Black or African American,60 - 69,154.94,54.6,1,0,0,2.1,NA,20.02
male,White,70 - 79,182.88,83.2,0,0,0,2,NA,30.03
female,Black or African American,40 - 49,170.18,79.6,0,1,0,2.7,NA,25.97
male,White,50 - 59,180.34,199,1,0,0,2,NA,57.47
female,White,60 - 69,170.18,63.6,0,0,0,2.1,NA,57.47
female,White,60 - 69,162.56,111.4,0,0,0,2,NA,30.03
male,White,70 - 79,180.34,83.6,0,0,0,2.2,NA,35
male,White,70 - 79,180.34,84.6,1,0,0,2.3,NA,28
female,White,20 - 29,162.56,71.8,0,0,0,2.2,NA,39.97
male,Black or African American,80 - 89,167.64,62.3,1,0,0,2.9,NA,20.02
female,White,70 - 79,167.64,65.9,0,0,0,2.4,NA,16.31
male,Black or African American,50 - 59,185.42,90.9,0,0,0,2.9,NA,49.98
male,White,60 - 69,177.8,79.6,0,0,0,2.3,NA,35
male,Black or African American,80 - 89,175.26,79.6,0,0,0,2.8,NA,55.02
male,Black or African American,40 - 49,177.8,77.3,0,0,0,2.6,NA,28
female,White,70 - 79,157.48,86.4,0,0,0,2.5,NA,42.49
male,White,70 - 79,177.8,81.8,1,0,1,2.3,NA,24.99
male,Black or African American,40 - 49,180.34,134.1,0,0,0,2.1,NA,49.98
male,White,50 - 59,180.34,90.9,0,0,0,2.6,NA,42.49
male,White,60 - 69,177.8,127.3,0,0,0,2.5,NA,62.51
female,White,80 - 89,162.56,72.7,0,0,0,2.6,NA,20.02
male,White,60 - 69,177.8,102.3,0,0,0,2.8,NA,26.32
male,White,50 - 59,187.96,125,1,0,1,2.9,NA,52.5
male,White,70 - 79,182.88,104.6,0,0,0,2.6,NA,35
female,Black or African American,80 - 89,175.26,68.2,0,0,0,2.2,NA,42.49
male,White,50 - 59,175.26,90,1,0,0,2.9,NA,52.5
female,White,80 - 89,157.48,65.9,0,1,0,2,NA,17
male,White,60 - 69,187.96,72.7,0,0,0,2.1,NA,43.82
female,White,90+,167.64,90.9,0,1,0,2.9,NA,17.99
female,White,60 - 69,165.1,66.4,0,1,0,2.8,NA,22.47
female,Black or African American,60 - 69,165.1,86.4,1,0,0,3,NA,35
male,White,20 - 29,185.42,113.6,0,0,0,2.8,NA,52.5
female,White,70 - 79,160.02,55.9,0,0,0,2.8,NA,27.51
male,White,60 - 69,187.96,97.7,0,0,0,2,NA,57.47
male,White,60 - 69,177.8,87.3,0,0,0,2,NA,70
male,White,70 - 79,190.5,79.6,0,0,0,3,NA,24.01
